{
  "PackageName": "YetaWF.Pages",
  "PackageVersion": "4.0.0",
  "Data": [
    {
      "Class": "SkinScrollToTopModuleDataProvider",
      "Chunks": 1,
      "Files": []
    },
    {
      "Class": "TemplateListOfLocalPagesModuleDataProvider",
      "Chunks": 1,
      "Files": []
    },
    {
      "Class": "UnifiedSetAddModuleDataProvider",
      "Chunks": 0,
      "Files": []
    },
    {
      "Class": "UnifiedSetEditModuleDataProvider",
      "Chunks": 0,
      "Files": []
    },
    {
      "Class": "UnifiedSetsBrowseModuleDataProvider",
      "Chunks": 1,
      "Files": []
    },
    {
      "Class": "PagesBrowseModuleDataProvider",
      "Chunks": 1,
      "Files": []
    },
    {
      "Class": "UnifiedSetDataProvider",
      "Chunks": 1,
      "Files": []
    },
    {
      "Class": "PageDefinitionDataProvider",
      "Chunks": 1,
      "Files": []
    }
  ]
}