[
  {
    "Name": "Pages",
    "Title": {
      "en-US": "Pages"
    },
    "Visible": true,
    "ModuleSecurity": 0,
    "WantSearch": true,
    "WantFocus": true,
    "Description": {
      "en-US": "Displays and manages pages"
    },
    "ModuleGuid": "8065de38-0a2f-43d6-a2d8-c46794de639b",
    "DateCreated": "2015-04-02T16:32:07.9266103",
    "DateUpdated": "2018-04-16T00:58:15.0940283",
    "SkinDefinitions": [],
    "SelectedPopupSkin": {
      "Collection": null,
      "FileName": null
    },
    "CssClass": null,
    "TempPageCssClass": null,
    "_SuppressPartialFormCss": false,
    "ShowTitle": true,
    "ShowTitleActions": false,
    "ShowHelp": false,
    "Print": true,
    "ShowFormButtons": true,
    "AnchorId": null,
    "AllowedRoles": [
      {
        "RoleId": 1000,
        "View": 1,
        "Edit": 1,
        "Remove": 1,
        "Extra1": 1,
        "Extra2": 1,
        "Extra3": 1,
        "Extra4": 1,
        "Extra5": 1
      }
    ],
    "AllowedUsers": [],
    "ReferencedModules": []
  }
]