[
  {
    "UnifiedSetGuid": "3a1de58f-2e5f-44db-9400-4b25af81b87e",
    "Name": "All Pages",
    "Description": "Combines all pages using the default site skin",
    "MasterPageGuid": "2ddebd7e-8989-45c4-9407-8f4d05d3967f",
    "PageSkin": {
      "Collection": null,
      "FileName": "Default.cshtml"
    },
    "UnifiedMode": 4,
    "Popups": true,
    "UnifiedAnimation": 1000,
    "Created": "2017-06-05T15:13:32.5789754",
    "Updated": "2017-07-01T15:33:29.150741",
    "PageGuids": []
  }
]