[
  {
    "AddUrl": null,
    "EditUrl": null,
    "Name": "Unified Page Sets",
    "Title": {
      "en-US": "Unified Page Sets"
    },
    "Visible": true,
    "ModuleSecurity": 0,
    "WantSearch": false,
    "WantFocus": true,
    "Description": {
      "en-US": "Displays and manages unified page sets"
    },
    "ModuleGuid": "32ad8b37-8969-448e-be56-681437be397a",
    "DateCreated": "2017-05-30T00:46:33.6102992",
    "DateUpdated": "2018-04-16T00:58:11.6303846",
    "SkinDefinitions": [],
    "SelectedPopupSkin": {
      "Collection": null,
      "FileName": null
    },
    "CssClass": null,
    "TempPageCssClass": null,
    "_SuppressPartialFormCss": false,
    "ShowTitle": true,
    "ShowTitleActions": false,
    "ShowHelp": true,
    "Print": true,
    "ShowFormButtons": true,
    "AnchorId": null,
    "AllowedRoles": [
      {
        "RoleId": 1000,
        "View": 1,
        "Edit": 1,
        "Remove": 1,
        "Extra1": 1,
        "Extra2": 1,
        "Extra3": 1,
        "Extra4": 1,
        "Extra5": 1
      }
    ],
    "AllowedUsers": [],
    "ReferencedModules": []
  }
]