﻿<?xml version="1.0" encoding="utf-8"?>
<!--YetaWF.Core.Serializers.SerializableList`1[YetaWF.Core.Site.SiteDefinition]-->
<Object Type="YetaWF.Core.Serializers.SerializableList`1[[YetaWF.Core.Site.SiteDefinition, YetaWF.Core]]" Assembly="YetaWF.Core">
  <Properties />
  <List>
    <Value>
      <Object Type="YetaWF.Core.Site.SiteDefinition" Assembly="YetaWF.Core">
        <Properties>
          <Identity Value="1000" />
          <SiteDomain Value="YetaWFDist4" />
          <SiteName Value="YetaWFDist4" />
          <EnforceSiteUrl Value="False" />
          <PageSecurity Value="0" />
          <EnforceSitePort Value="False" />
          <PortNumber Value="80" />
          <PortNumberSSL Value="443" />
          <Localization Value="True" />
          <DefaultLanguageId Value="en-US" />
          <AllowAnonymousUsers Value="True" />
          <Locked Value="False" />
          <LockedForIP />
          <LockedExternalForIP />
          <LockedUrl Value="/Maintenance/Offline For Maintenance.html" />
          <AllowPopups Value="True" />
          <CssNoTooltips Value="linkpreview-show peelback" />
          <FavIcon_Data Value="" />
          <FavIconLrg_Data Value="" />
          <Country Value="United States" />
          <Currency Value="USD" />
          <CurrencyFormat Value="$ #,0.00" />
          <CurrencyDecimals Value="2" />
          <StaticPages Value="False" />
          <AllowCacheUse Value="True" />
          <Compression Value="True" />
          <CompressCSSFiles Value="True" />
          <BundleCSSFiles Value="True" />
          <CssLocation Value="1" />
          <CompressJSFiles Value="True" />
          <BundleJSFiles Value="True" />
          <JSLocation Value="1" />
          <DisableMinimizeFUOC Value="False" />
          <Copyright Value="YetaWF.com - © Copyright &lt;&lt;Year&gt;&gt; Softel vdm, Inc." />
          <UseCDNComponents Value="False" />
          <UseCDN Value="False" />
          <CDNUrl />
          <CDNUrlSecure />
          <StaticDomain />
          <EmailDebug Value="False" />
          <AdminEmail Value="youremail@YetaWFDist4" />
          <SMTP>
            <Object Type="YetaWF.Core.SendEmail.SMTPServer" Assembly="YetaWF.Core">
              <Properties>
                <Server Value="mail.YetaWFDist4" />
                <Port Value="25" />
                <Authentication Value="1" />
                <UserName Value="youremail@YetaWFDist4" />
                <Password Value="somepassword" />
                <SSL Value="False" />
              </Properties>
            </Object>
          </SMTP>
          <HomePageUrl Value="/" />
          <NotFoundUrl Value="/Errors/404" />
          <MobileSiteUrl />
          <UnsupportedBrowserUrl Value="/Maintenance/Unsupported Browser.html" />
          <LoginUrl Value="/User/Login" />
          <ExternalAccountSetupUrl Value="/User/Setup External Account" />
          <ReferencedModules>
            <Object Type="YetaWF.Core.Serializers.SerializableList`1[[YetaWF.Core.Modules.ModuleDefinition+ReferencedModule, YetaWF.Core]]" Assembly="YetaWF.Core">
              <Properties />
              <List />
            </Object>
          </ReferencedModules>
          <SelectedSkin>
            <Object Type="YetaWF.Core.Skins.SkinDefinition" Assembly="YetaWF.Core">
              <Properties>
                <Collection Value="YetaWF/DefaultSkin/DefaultSkin" />
                <FileName Value="Default.cshtml" />
              </Properties>
            </Object>
          </SelectedSkin>
          <SelectedPopupSkin>
            <Object Type="YetaWF.Core.Skins.SkinDefinition" Assembly="YetaWF.Core">
              <Properties>
                <Collection Value="YetaWF/DefaultSkin/DefaultSkin" />
                <FileName Value="Popup.cshtml" />
              </Properties>
            </Object>
          </SelectedPopupSkin>
          <FormErrorsImmed Value="False" />
          <BootstrapSkin Value="Bootstrap Default" />
          <jQueryUISkin Value="Start" />
          <KendoUISkin Value="Blue Opal" />
          <TabStyle Value="0" />
          <PublicKey Value="&lt;RSAKeyValue&gt;&lt;Modulus&gt;zpzK1jF7N8yRHGxeIRqKklONRGZM43GZGasWgg3r1PKZPS7OfpPWF50nXlkUOHXg9ubfrdkGXSak293Q9jjKRejM6GP0TTmbHImTmTzrlpqikt8VKxpud9wQerv8BvFP//2z5tng6vVGCHw+pioWrOAe6pQmJjETSX3NrghKGlE=&lt;/Modulus&gt;&lt;Exponent&gt;AQAB&lt;/Exponent&gt;&lt;/RSAKeyValue&gt;" />
          <PrivateKey Value="&lt;RSAKeyValue&gt;&lt;Modulus&gt;zpzK1jF7N8yRHGxeIRqKklONRGZM43GZGasWgg3r1PKZPS7OfpPWF50nXlkUOHXg9ubfrdkGXSak293Q9jjKRejM6GP0TTmbHImTmTzrlpqikt8VKxpud9wQerv8BvFP//2z5tng6vVGCHw+pioWrOAe6pQmJjETSX3NrghKGlE=&lt;/Modulus&gt;&lt;Exponent&gt;AQAB&lt;/Exponent&gt;&lt;P&gt;6Uj8DhUKxwVTvwiUcKwfIxRXUb7z0cXmk/BB3pJ0/WOSUOi9wPCJB6u107bGvHIbHTNfoZfYs0Mb+rYUcBLUMw==&lt;/P&gt;&lt;Q&gt;4rry1q7pg4g+3fS1Uud2cRUO8+fSzMxYSLEd00rJE0jIkQbh15ZSj907PZSUMGXBlTo/ZukEil61ZYNEJAXzaw==&lt;/Q&gt;&lt;DP&gt;AXS0Jf5Zn95XpHSQQJfCZfylgtwXN3LtunSgZJwzYLVzX0/kh0S5BjQ7IUQdv2VS5/6/FQoWjx/XF9x1CjID4w==&lt;/DP&gt;&lt;DQ&gt;Ponsg7T5ajOBi7186mI39FcnqbVPGvhefaaFIIvnTK9tyzsHvmyTV2Vhesnp2jOnIt9PL7akbvpStK5xdDJEAw==&lt;/DQ&gt;&lt;InverseQ&gt;HR+VoqtaxkOsaGmEQ99WgT0zUcOKXtDyv3BgsORlCooQARGKfNwavrDT4LvFGHYnADgb2IKuf3OY8wMdWiPCsA==&lt;/InverseQ&gt;&lt;D&gt;JmyKXGM/YxUsN3j/2HAzLRtUvk+4JORPcLKcsPsdzLCBRxuZU3jy69lSJP20APwLJl+xYYdm45P4PNt3rRLKqvgfeCbrOt7aSbgyC/2pHCe0CVNPcGiIgCEg7IppRzpftKkBS68frJPmQqClNmzhbZ3RxxblWjfL9map22qMcbE=&lt;/D&gt;&lt;/RSAKeyValue&gt;" />
          <Analytics />
          <AnalyticsContent />
          <GoogleVerification />
          <ExtraHead />
          <ExtraBodyTop />
          <ExtraBodyBottom />
          <UseGeoLocation Value="False" />
          <SiteMetaTags />
          <PageMetaTags />
          <SiteMapPriority Value="50" />
          <DefaultChangeFrequency Value="4" />
        </Properties>
      </Object>
    </Value>
  </List>
</Object>