﻿<?xml version="1.0" encoding="utf-8"?>
<!--YetaWF.Core.Serializers.SerializableList`1[YetaWF.Core.Site.SiteDefinition]-->
<Object Type="YetaWF.Core.Serializers.SerializableList`1[[YetaWF.Core.Site.SiteDefinition, YetaWF.Core, Culture=neutral, PublicKeyToken=null]]" Assembly="YetaWF.Core">
  <Properties />
  <List>
    <Value>
      <Object Type="YetaWF.Core.Site.SiteDefinition" Assembly="YetaWF.Core">
        <Properties>
          <Identity Value="1000" />
          <SiteDomain Value="YetaWFDist4" />
          <SiteName Value="YetaWFDist4" />
          <EnforceSiteUrl Value="False" />
          <PageSecurity Value="0" />
          <EnforceSitePort Value="False" />
          <PortNumber Value="80" />
          <PortNumberSSL Value="443" />
          <Localization Value="True" />
          <DefaultLanguageId Value="en-US" />
          <AllowAnonymousUsers Value="True" />
          <Locked Value="False" />
          <LockedForIP />
          <LockedExternalForIP />
          <LockedUrl Value="/Maintenance/Offline For Maintenance.html" />
          <AllowPopups Value="True" />
          <CssNoTooltips Value="linkpreview-show peelback" />
          <FavIcon_Data Value="" />
          <FavIconLrg_Data Value="" />
          <Country Value="United States" />
          <Currency Value="USD" />
          <CurrencyFormat Value="$ #,0.00" />
          <CurrencyDecimals Value="2" />
          <StaticPages Value="False" />
          <AllowCacheUse Value="True" />
          <Compression Value="True" />
          <CompressCSSFiles Value="True" />
          <BundleCSSFiles Value="True" />
          <CssLocation Value="1" />
          <CompressJSFiles Value="True" />
          <BundleJSFiles Value="True" />
          <JSLocation Value="1" />
          <DisableMinimizeFUOC Value="False" />
          <Copyright Value="YetaWF.com - © Copyright &lt;&lt;Year&gt;&gt; Softel vdm, Inc." />
          <UseCDNComponents Value="False" />
          <UseCDN Value="False" />
          <CDNUrl />
          <CDNUrlSecure />
          <StaticDomain />
          <EmailDebug Value="False" />
          <AdminEmail Value="youremail@YetaWFDist4" />
          <SMTP>
            <Object Type="YetaWF.Core.SendEmail.SMTPServer" Assembly="YetaWF.Core">
              <Properties>
                <Server Value="mail.YetaWFDist4" />
                <Port Value="25" />
                <Authentication Value="1" />
                <UserName Value="youremail@YetaWFDist4" />
                <Password Value="somepassword" />
                <SSL Value="False" />
              </Properties>
            </Object>
          </SMTP>
          <HomePageUrl Value="/" />
          <NotFoundUrl Value="/Errors/404" />
          <MobileSiteUrl />
          <UnsupportedBrowserUrl Value="/Maintenance/Unsupported Browser.html" />
          <LoginUrl Value="/User/Login" />
          <ExternalAccountSetupUrl Value="/User/Setup External Account" />
          <ReferencedModules>
            <Object Type="YetaWF.Core.Serializers.SerializableList`1[[YetaWF.Core.Modules.ModuleDefinition+ReferencedModule, YetaWF.Core, Culture=neutral, PublicKeyToken=null]]" Assembly="YetaWF.Core">
              <Properties />
              <List />
            </Object>
          </ReferencedModules>
          <SelectedSkin>
            <Object Type="YetaWF.Core.Skins.SkinDefinition" Assembly="YetaWF.Core">
              <Properties>
                <Collection Value="YetaWF/DefaultSkin/DefaultSkin" />
                <FileName Value="Default.cshtml" />
              </Properties>
            </Object>
          </SelectedSkin>
          <SelectedPopupSkin>
            <Object Type="YetaWF.Core.Skins.SkinDefinition" Assembly="YetaWF.Core">
              <Properties>
                <Collection Value="YetaWF/DefaultSkin/DefaultSkin" />
                <FileName Value="Popup.cshtml" />
              </Properties>
            </Object>
          </SelectedPopupSkin>
          <FormErrorsImmed Value="False" />
          <BootstrapSkin Value="Bootstrap Default" />
          <jQueryUISkin Value="Start" />
          <KendoUISkin Value="Blue Opal" />
          <TabStyle Value="0" />
          <PublicKey Value="&lt;RSAKeyValue&gt;&lt;Modulus&gt;oBiXAKLR+0KZ7DuF1folPcljdSr5BE+ijQ4MNOA55CVsfvhg4qR757VeIkKMDVgui1pXjhJwgy+6QF9hDSHDmYDNbGYFWpjwv9aLA0PzSSV0G34JdQwGU6os8FhUf4Rl8xAzJTOkaiJN4mQ/wM8emhL+Q7lBO4idMu331j3NV5k=&lt;/Modulus&gt;&lt;Exponent&gt;AQAB&lt;/Exponent&gt;&lt;/RSAKeyValue&gt;" />
          <PrivateKey Value="&lt;RSAKeyValue&gt;&lt;Modulus&gt;oBiXAKLR+0KZ7DuF1folPcljdSr5BE+ijQ4MNOA55CVsfvhg4qR757VeIkKMDVgui1pXjhJwgy+6QF9hDSHDmYDNbGYFWpjwv9aLA0PzSSV0G34JdQwGU6os8FhUf4Rl8xAzJTOkaiJN4mQ/wM8emhL+Q7lBO4idMu331j3NV5k=&lt;/Modulus&gt;&lt;Exponent&gt;AQAB&lt;/Exponent&gt;&lt;P&gt;xnhkpwjVRiFQverAsH3Y1Yql73LakM4/PVun0g60vJZFhFr67jdMq5gRhL6uq8WCVTdUPOOrnwi8KrSbZ+T5ew==&lt;/P&gt;&lt;Q&gt;zoCdHwospkrFyDPXJFprg68rqppdGHLvG7wVqksATIk0p+UyCAI2jF+8HRJhb5JFYSJXc7PG+3yf7Eogl3N0+w==&lt;/Q&gt;&lt;DP&gt;VU8mpI2tbsmfNSMU1EgjzhYcoUITJK8ii7M7/ZSIp49ILk4VEhP/BrsEvLRhzD/Hd+2ibdHG0UMl7o1XR18qxQ==&lt;/DP&gt;&lt;DQ&gt;FywDdYo0vGxDiVWX3LJwwhQT+E7eB3JONnSCkdtcqznyOKzVUmS9Lj9H4pM/b7+gHWg3G/qeZ3XylBc1VQlVpQ==&lt;/DQ&gt;&lt;InverseQ&gt;G4gxsIL1v8tu8mRy5se6MQhRhbnYVffWA9fwpyoa8dXbCyqW4PkXwlNEuSn7T/n0zROMnDA6CkXLEt2vzHqrAQ==&lt;/InverseQ&gt;&lt;D&gt;AK057inCA3LbnbD+ttHQ2HsCbZtZ5BfGExyNFqgf9oPl+n9oQWz6jRcqJ7DqUKAfyjz+g742NYe9HMqKaXjMD9dSVYUJjDBmeyS44JdeoN2QHYHWLhg9xxOZqFZfr/1nZdlozH3N9t3ksT/FIgAQhhEYLQBUX2IKPcE42lCLQ/U=&lt;/D&gt;&lt;/RSAKeyValue&gt;" />
          <Analytics />
          <AnalyticsContent />
          <GoogleVerification />
          <ExtraHead />
          <ExtraBodyTop />
          <ExtraBodyBottom />
          <UseGeoLocation Value="False" />
          <SiteMetaTags />
          <PageMetaTags />
          <SiteMapPriority Value="50" />
          <DefaultChangeFrequency Value="4" />
        </Properties>
      </Object>
    </Value>
  </List>
</Object>