﻿<?xml version="1.0" encoding="utf-8"?>
<!--YetaWF.Core.Serializers.SerializableList`1[YetaWF.Core.Site.SiteDefinition]-->
<Object Type="YetaWF.Core.Serializers.SerializableList`1[[YetaWF.Core.Site.SiteDefinition, YetaWF.Core, Culture=neutral, PublicKeyToken=null]]" Assembly="YetaWF.Core">
  <Properties />
  <List>
    <Value>
      <Object Type="YetaWF.Core.Site.SiteDefinition" Assembly="YetaWF.Core">
        <Properties>
          <Identity Value="1000" />
          <SiteDomain Value="YetaWFDist4" />
          <SiteName Value="YetaWFDist4" />
          <EnforceSiteUrl Value="False" />
          <PageSecurity Value="0" />
          <EnforceSitePort Value="False" />
          <PortNumber Value="80" />
          <PortNumberSSL Value="443" />
          <Localization Value="True" />
          <DefaultLanguageId Value="en-US" />
          <AllowAnonymousUsers Value="True" />
          <Locked Value="False" />
          <LockedForIP />
          <LockedExternalForIP />
          <LockedUrl Value="/Maintenance/Offline For Maintenance.html" />
          <AllowPopups Value="True" />
          <CssNoTooltips Value="linkpreview-show peelback" />
          <FavIcon_Data Value="" />
          <FavIconLrg_Data Value="" />
          <Country Value="United States" />
          <Currency Value="USD" />
          <CurrencyFormat Value="$ #,0.00" />
          <CurrencyDecimals Value="2" />
          <StaticPages Value="False" />
          <AllowCacheUse Value="True" />
          <Compression Value="True" />
          <CompressCSSFiles Value="True" />
          <BundleCSSFiles Value="True" />
          <CssLocation Value="1" />
          <CompressJSFiles Value="True" />
          <BundleJSFiles Value="True" />
          <JSLocation Value="1" />
          <DisableMinimizeFUOC Value="False" />
          <Copyright Value="YetaWF.com - © Copyright &lt;&lt;Year&gt;&gt; Softel vdm, Inc." />
          <UseCDNComponents Value="False" />
          <UseCDN Value="False" />
          <CDNUrl />
          <CDNUrlSecure />
          <StaticDomain />
          <EmailDebug Value="False" />
          <AdminEmail Value="youremail@YetaWFDist4" />
          <SMTP>
            <Object Type="YetaWF.Core.SendEmail.SMTPServer" Assembly="YetaWF.Core">
              <Properties>
                <Server Value="mail.YetaWFDist4" />
                <Port Value="25" />
                <Authentication Value="1" />
                <UserName Value="youremail@YetaWFDist4" />
                <Password Value="somepassword" />
                <SSL Value="False" />
              </Properties>
            </Object>
          </SMTP>
          <HomePageUrl Value="/" />
          <NotFoundUrl Value="/Errors/404" />
          <MobileSiteUrl />
          <UnsupportedBrowserUrl Value="/Maintenance/Unsupported Browser.html" />
          <LoginUrl Value="/User/Login" />
          <ExternalAccountSetupUrl Value="/User/Setup External Account" />
          <ReferencedModules>
            <Object Type="YetaWF.Core.Serializers.SerializableList`1[[YetaWF.Core.Modules.ModuleDefinition+ReferencedModule, YetaWF.Core, Culture=neutral, PublicKeyToken=null]]" Assembly="YetaWF.Core">
              <Properties />
              <List />
            </Object>
          </ReferencedModules>
          <SelectedSkin>
            <Object Type="YetaWF.Core.Skins.SkinDefinition" Assembly="YetaWF.Core">
              <Properties>
                <Collection Value="YetaWF/DefaultSkin/DefaultSkin" />
                <FileName Value="Default.cshtml" />
              </Properties>
            </Object>
          </SelectedSkin>
          <SelectedPopupSkin>
            <Object Type="YetaWF.Core.Skins.SkinDefinition" Assembly="YetaWF.Core">
              <Properties>
                <Collection Value="YetaWF/DefaultSkin/DefaultSkin" />
                <FileName Value="Popup.cshtml" />
              </Properties>
            </Object>
          </SelectedPopupSkin>
          <FormErrorsImmed Value="False" />
          <BootstrapSkin Value="Bootstrap Default" />
          <jQueryUISkin Value="Start" />
          <KendoUISkin Value="Blue Opal" />
          <TabStyle Value="0" />
          <PublicKey Value="&lt;RSAKeyValue&gt;&lt;Modulus&gt;4yZGAY1RQP6ke6AMRfDc33awX5+MxijUY7fC537qCa3siC7bh9MlYpkfqEy63/u2unOammYGFLJnJlaAUlhMoUYvbMdkGBym2dOQMkG8dXjuv8rl3lyXi4QpTeFgAy48n/mewK76QA7p23bdNLbOWXfJofSjp4JuyoaHwgF8iX0=&lt;/Modulus&gt;&lt;Exponent&gt;AQAB&lt;/Exponent&gt;&lt;/RSAKeyValue&gt;" />
          <PrivateKey Value="&lt;RSAKeyValue&gt;&lt;Modulus&gt;4yZGAY1RQP6ke6AMRfDc33awX5+MxijUY7fC537qCa3siC7bh9MlYpkfqEy63/u2unOammYGFLJnJlaAUlhMoUYvbMdkGBym2dOQMkG8dXjuv8rl3lyXi4QpTeFgAy48n/mewK76QA7p23bdNLbOWXfJofSjp4JuyoaHwgF8iX0=&lt;/Modulus&gt;&lt;Exponent&gt;AQAB&lt;/Exponent&gt;&lt;P&gt;7NVNkcuOjaMXnUY+6cw9wF19fC+UdHK/vAMYaKlZ7M1zHDd0YyY0f0qjV/u1Nyr6zGN0uZvXAv5gCU2YRJR3lw==&lt;/P&gt;&lt;Q&gt;9YhYC1a3TcKLRt4iwBu/XR3XeK+OwfOySdogdqGWNFdD/A/6GGKdFyicEnaYoC1lTR43NMkWqXSIlMNq4vyKCw==&lt;/Q&gt;&lt;DP&gt;BIrezwIRfOP46vpS8JcLRCpG4t/iwA0HYmrIyBEfeWxDXfIuWEx+S0a6NVDNm/5GCy+JKJo1mIgafXMwjXgvhw==&lt;/DP&gt;&lt;DQ&gt;7UlfDVY4wEWLJGn5W391aSA15MSFSpuhag4L4Zo3901+vlMSeA6VkpQEgTNsPSCiDe1tnO3ZoNqmRF63Jba6EQ==&lt;/DQ&gt;&lt;InverseQ&gt;0IKs8dH6r5LYa1zZiDa9P/L6uvvnGYHA2074PsEmx8RrEbO9OK6jj4xb/UwxXD2ViD8eLUTREQtRKpVh0Kyemw==&lt;/InverseQ&gt;&lt;D&gt;MOFwmS7m+FyT2sKjQX3GmhP5empkKdRpeBf4SkbGaFTUHK4wsbbfSat344i3gjGxrcfo0ib4UgXeKqLctFuqCXa6kuhmB6/hL8gv5FB3+Xp8iNYL1sQuNrU1/CNZk6LyrTuoxdiqJUKpC4Wkj5Aw2/vM8oV/hBAnRwL2YrWUeMU=&lt;/D&gt;&lt;/RSAKeyValue&gt;" />
          <Analytics />
          <AnalyticsContent />
          <GoogleVerification />
          <ExtraHead />
          <ExtraBodyTop />
          <ExtraBodyBottom />
          <UseGeoLocation Value="False" />
          <SiteMetaTags />
          <PageMetaTags />
          <SiteMapPriority Value="50" />
          <DefaultChangeFrequency Value="4" />
        </Properties>
      </Object>
    </Value>
  </List>
</Object>