﻿<?xml version="1.0" encoding="utf-8"?>
<!--YetaWF.Core.Serializers.SerializableList`1[YetaWF.Core.Site.SiteDefinition]-->
<Object Type="YetaWF.Core.Serializers.SerializableList`1[[YetaWF.Core.Site.SiteDefinition, YetaWF.Core, Culture=neutral, PublicKeyToken=null]]" Assembly="YetaWF.Core">
  <Properties />
  <List>
    <Value>
      <Object Type="YetaWF.Core.Site.SiteDefinition" Assembly="YetaWF.Core">
        <Properties>
          <Identity Value="1000" />
          <SiteDomain Value="YetaWFDist4" />
          <SiteName Value="YetaWFDist4" />
          <EnforceSiteUrl Value="False" />
          <PageSecurity Value="0" />
          <EnforceSitePort Value="False" />
          <PortNumber Value="80" />
          <PortNumberSSL Value="443" />
          <Localization Value="True" />
          <DefaultLanguageId Value="en-US" />
          <AllowAnonymousUsers Value="True" />
          <Locked Value="False" />
          <LockedForIP />
          <LockedExternalForIP />
          <LockedUrl Value="/Maintenance/Offline For Maintenance.html" />
          <AllowPopups Value="True" />
          <CssNoTooltips Value="linkpreview-show peelback" />
          <FavIcon_Data Value="" />
          <FavIconLrg_Data Value="" />
          <Country Value="United States" />
          <Currency Value="USD" />
          <CurrencyFormat Value="$ #,0.00" />
          <CurrencyDecimals Value="2" />
          <StaticPages Value="False" />
          <AllowCacheUse Value="True" />
          <Compression Value="True" />
          <CompressCSSFiles Value="True" />
          <BundleCSSFiles Value="True" />
          <CssLocation Value="1" />
          <CompressJSFiles Value="True" />
          <BundleJSFiles Value="True" />
          <JSLocation Value="1" />
          <DisableMinimizeFUOC Value="False" />
          <Copyright Value="YetaWF.com - © Copyright &lt;&lt;Year&gt;&gt; Softel vdm, Inc." />
          <UseCDNComponents Value="False" />
          <UseCDN Value="False" />
          <CDNUrl />
          <CDNUrlSecure />
          <StaticDomain />
          <EmailDebug Value="False" />
          <AdminEmail Value="youremail@YetaWFDist4" />
          <SMTP>
            <Object Type="YetaWF.Core.SendEmail.SMTPServer" Assembly="YetaWF.Core">
              <Properties>
                <Server Value="mail.YetaWFDist4" />
                <Port Value="25" />
                <Authentication Value="1" />
                <UserName Value="youremail@YetaWFDist4" />
                <Password Value="somepassword" />
                <SSL Value="False" />
              </Properties>
            </Object>
          </SMTP>
          <HomePageUrl Value="/" />
          <NotFoundUrl Value="/Errors/404" />
          <MobileSiteUrl />
          <UnsupportedBrowserUrl Value="/Maintenance/Unsupported Browser.html" />
          <LoginUrl Value="/User/Login" />
          <ExternalAccountSetupUrl Value="/User/Setup External Account" />
          <ReferencedModules>
            <Object Type="YetaWF.Core.Serializers.SerializableList`1[[YetaWF.Core.Modules.ModuleDefinition+ReferencedModule, YetaWF.Core, Culture=neutral, PublicKeyToken=null]]" Assembly="YetaWF.Core">
              <Properties />
              <List />
            </Object>
          </ReferencedModules>
          <SelectedSkin>
            <Object Type="YetaWF.Core.Skins.SkinDefinition" Assembly="YetaWF.Core">
              <Properties>
                <Collection Value="YetaWF/DefaultSkin/DefaultSkin" />
                <FileName Value="Default.cshtml" />
              </Properties>
            </Object>
          </SelectedSkin>
          <SelectedPopupSkin>
            <Object Type="YetaWF.Core.Skins.SkinDefinition" Assembly="YetaWF.Core">
              <Properties>
                <Collection Value="YetaWF/DefaultSkin/DefaultSkin" />
                <FileName Value="Popup.cshtml" />
              </Properties>
            </Object>
          </SelectedPopupSkin>
          <FormErrorsImmed Value="False" />
          <BootstrapSkin Value="Bootstrap Default" />
          <jQueryUISkin Value="Start" />
          <KendoUISkin Value="Blue Opal" />
          <TabStyle Value="0" />
          <PublicKey Value="&lt;RSAKeyValue&gt;&lt;Modulus&gt;vEfQOP51+PnybTXXW2eOv/EZxLPi9XMs+EFjPy1xBhnOHWA8u7kGDY/KfYuO+u1GXXUGToUTZQqiyOWvoCEY+tz5Ne7aVNCGIk3bRDrThc+gJMFdJRt3Yb0ioZnu46HhDGscoD/JnLZZvQ4LPL6LgF38Gb2aXfxXhXoV2gFaL5E=&lt;/Modulus&gt;&lt;Exponent&gt;AQAB&lt;/Exponent&gt;&lt;/RSAKeyValue&gt;" />
          <PrivateKey Value="&lt;RSAKeyValue&gt;&lt;Modulus&gt;vEfQOP51+PnybTXXW2eOv/EZxLPi9XMs+EFjPy1xBhnOHWA8u7kGDY/KfYuO+u1GXXUGToUTZQqiyOWvoCEY+tz5Ne7aVNCGIk3bRDrThc+gJMFdJRt3Yb0ioZnu46HhDGscoD/JnLZZvQ4LPL6LgF38Gb2aXfxXhXoV2gFaL5E=&lt;/Modulus&gt;&lt;Exponent&gt;AQAB&lt;/Exponent&gt;&lt;P&gt;9p4pFlAAWjdLYDxThgmYulMvTYnm6lOONQhPOdFIt/03RHTQHIBM3WWaI/f3bvLm3wWJNa4IcDqN9wldKB9Omw==&lt;/P&gt;&lt;Q&gt;w3F/y98MbH3r65R1qfx4nKZqQ7ScSsuIAU48uStC2ciQZvWSXZVrtSaRPDlaMcboFT6gxgMJc+zHw/wzd/0nQw==&lt;/Q&gt;&lt;DP&gt;qXXqk7trUpKWR82MMxlbCgVpBqXQt4msuQI5tmf5yPvFQ1PlQQBkUOmk7jxQmLtuKyeZrfolMED8FhkoGw7QKw==&lt;/DP&gt;&lt;DQ&gt;oOOILo4ZLh6i3bXC/wJFT7927vF5T+EovtpnBo/kYl/G79rseHmOxvtOx+L2qs9xMjvyIc9SMsoS0PWGcRpG/Q==&lt;/DQ&gt;&lt;InverseQ&gt;wDUZoqo3rchr++nOj7X7yN/QZysNsDn8Yt4kk+cp85WrZRWI5ag4e+T32Q0CxnWM1k3UwsvnqOpKCuRh9+XuKA==&lt;/InverseQ&gt;&lt;D&gt;pKghH1baES11p7CocBV2r8HIiU/QMlvRfiKhCwVQjMdQjDw3oOxEsOOJcJX2KtgK63yGUXDr7zeH+S11lBKd5nNz0Ji9yjhbbsrQI57k4vEIpT0l7OynVxXBsUXZNs6PKmaDGKanleMByl9B7u6bDg6of5MT1ippKbhsI+BYvOk=&lt;/D&gt;&lt;/RSAKeyValue&gt;" />
          <Analytics />
          <AnalyticsContent />
          <GoogleVerification />
          <ExtraHead />
          <ExtraBodyTop />
          <ExtraBodyBottom />
          <UseGeoLocation Value="False" />
          <SiteMetaTags />
          <PageMetaTags />
          <SiteMapPriority Value="50" />
          <DefaultChangeFrequency Value="4" />
        </Properties>
      </Object>
    </Value>
  </List>
</Object>