﻿<?xml version="1.0" encoding="utf-8"?>
<!--YetaWF.Core.Serializers.SerializableList`1[YetaWF.Modules.Identity.DataProvider.UserDefinition]-->
<Object Type="YetaWF.Core.Serializers.SerializableList`1[[YetaWF.Modules.Identity.DataProvider.UserDefinition, YetaWF.Identity, Culture=neutral, PublicKeyToken=null]]" Assembly="YetaWF.Core">
  <Properties />
  <List>
    <Value>
      <Object Type="YetaWF.Modules.Identity.DataProvider.UserDefinition" Assembly="YetaWF.Identity" AssemblyFull="YetaWF.Identity, Version=2.5.2.0, Culture=neutral, PublicKeyToken=null">
        <Properties>
          <UserName Value="Superuser" />
          <UserId Value="1" />
          <PasswordHash Value="AAGgLX8O2EPmF+BUQMWjhwGBesfjePFkEBmwJATtqqaEs/YP0WoR+2Anx3QqyJw/9Q==" />
          <PasswordPlainText Value="SuperuserPassword" />
          <Email Value="Superuser@YetaWFDist4" />
          <Comment Value="The superuser for all sites" />
          <UserStatus Value="2" />
          <VerificationCode Value="221bafa4-eaef-4b59-a065-1fd4956d81e5" />
          <RegistrationIP Value="127.0.0.1" />
          <Created Value="636359751048816797" />
          <LastLoginDate Value="636359822221028112" />
          <LastLoginIP Value="::1" />
          <LastPasswordChangedDate />
          <PasswordChangeIP />
          <LastActivityDate Value="636359822221028112" />
          <LastActivityIP Value="::1" />
          <LoginFailures Value="0" />
          <SecurityStamp />
          <RolesList>
            <Object Type="YetaWF.Core.Serializers.SerializableList`1[[YetaWF.Core.Identity.Role, YetaWF.Core, Culture=neutral, PublicKeyToken=null]]" Assembly="YetaWF.Core">
              <Properties />
              <List>
                <Value>
                  <Object Type="YetaWF.Core.Identity.Role" Assembly="YetaWF.Core">
                    <Properties>
                      <RoleId Value="997" />
                    </Properties>
                  </Object>
                </Value>
              </List>
            </Object>
          </RolesList>
          <EnabledTwoStepAuthentications>
            <Object Type="YetaWF.Core.Serializers.SerializableList`1[[YetaWF.Modules.Identity.DataProvider.TwoStepDefinition, YetaWF.Identity, Culture=neutral, PublicKeyToken=null]]" Assembly="YetaWF.Core">
              <Properties />
              <List />
            </Object>
          </EnabledTwoStepAuthentications>
        </Properties>
      </Object>
    </Value>
  </List>
</Object>