﻿<?xml version="1.0" encoding="utf-8"?>
<!--YetaWF.DataProvider.ModuleDefinitionDataProvider`2+ModData[System.Guid,YetaWF.Modules.Sites.Modules.SiteAddModule]-->
<Object Type="YetaWF.DataProvider.ModuleDefinitionDataProvider`2+ModData[[System.Guid, mscorlib, Culture=neutral, PublicKeyToken=b77a5c561934e089],[YetaWF.Modules.Sites.Modules.SiteAddModule, YetaWF.Sites, Culture=neutral, PublicKeyToken=null]]" Assembly="YetaWF.DataProvider.ModuleDefinition" AssemblyFull="YetaWF.DataProvider.ModuleDefinition, Version=2.5.2.0, Culture=neutral, PublicKeyToken=null">
  <Properties>
    <ModList>
      <Object Type="YetaWF.Core.Serializers.SerializableList`1[[YetaWF.Modules.Sites.Modules.SiteAddModule, YetaWF.Sites, Culture=neutral, PublicKeyToken=null]]" Assembly="YetaWF.Core">
        <Properties />
        <List>
          <Value>
            <Object Type="YetaWF.Modules.Sites.Modules.SiteAddModule" Assembly="YetaWF.Sites" AssemblyFull="YetaWF.Sites, Version=2.5.2.0, Culture=neutral, PublicKeyToken=null">
              <Properties>
                <Name Value="Add New Site" />
                <Title>
                  <Object Type="YetaWF.Core.Models.MultiString" Assembly="YetaWF.Core">
                    <Properties />
                    <Dictionary>
                      <Key Value="en-US" />
                      <Value Value="Add New Site" />
                    </Dictionary>
                  </Object>
                </Title>
                <Visible Value="True" />
                <ModuleSecurity Value="0" />
                <WantSearch Value="True" />
                <WantFocus Value="True" />
                <Description>
                  <Object Type="YetaWF.Core.Models.MultiString" Assembly="YetaWF.Core">
                    <Properties />
                    <Dictionary>
                      <Key Value="en-US" />
                      <Value Value="Creates a new web site" />
                    </Dictionary>
                  </Object>
                </Description>
                <ModuleGuid Value="c4505071-bc76-4c88-8b01-fe40a8bc273d" />
                <DateCreated Value="636063730625189028" />
                <DateUpdated Value="636073344963739071" />
                <SkinDefinitions>
                  <Object Type="YetaWF.Core.Serializers.SerializableList`1[[YetaWF.Core.Skins.SkinDefinition, YetaWF.Core, Culture=neutral, PublicKeyToken=null]]" Assembly="YetaWF.Core">
                    <Properties />
                    <List>
                      <Value>
                        <Object Type="YetaWF.Core.Skins.SkinDefinition" Assembly="YetaWF.Core">
                          <Properties>
                            <Collection Value="YetaWF/BootstrapSample/BootstrapSkin" />
                            <FileName Value="modStandard" />
                          </Properties>
                        </Object>
                      </Value>
                      <Value>
                        <Object Type="YetaWF.Core.Skins.SkinDefinition" Assembly="YetaWF.Core">
                          <Properties>
                            <Collection Value="Softelvdm/LinkCheckerSkin/LinkCheckerSkin" />
                            <FileName Value="modStandard" />
                          </Properties>
                        </Object>
                      </Value>
                      <Value>
                        <Object Type="YetaWF.Core.Skins.SkinDefinition" Assembly="YetaWF.Core">
                          <Properties>
                            <Collection Value="LinksWithPics/LinksWithPicsBSSkin/LinksWithPics" />
                            <FileName Value="modStandard" />
                          </Properties>
                        </Object>
                      </Value>
                      <Value>
                        <Object Type="YetaWF.Core.Skins.SkinDefinition" Assembly="YetaWF.Core">
                          <Properties>
                            <Collection Value="Softelvdm/MainSkin/Main" />
                            <FileName Value="modStandard" />
                          </Properties>
                        </Object>
                      </Value>
                      <Value>
                        <Object Type="YetaWF.Core.Skins.SkinDefinition" Assembly="YetaWF.Core">
                          <Properties>
                            <Collection Value="Mikevdm/MikevdmSkin/Mikevdm" />
                            <FileName Value="modStandard" />
                          </Properties>
                        </Object>
                      </Value>
                      <Value>
                        <Object Type="YetaWF.Core.Skins.SkinDefinition" Assembly="YetaWF.Core">
                          <Properties>
                            <Collection Value="YetaWF/SimpleSkin/Simple" />
                            <FileName Value="modStandard" />
                          </Properties>
                        </Object>
                      </Value>
                      <Value>
                        <Object Type="YetaWF.Core.Skins.SkinDefinition" Assembly="YetaWF.Core">
                          <Properties>
                            <Collection Value="YetaWF/Core/Standard" />
                            <FileName Value="modStandard" />
                          </Properties>
                        </Object>
                      </Value>
                      <Value>
                        <Object Type="YetaWF.Core.Skins.SkinDefinition" Assembly="YetaWF.Core">
                          <Properties>
                            <Collection Value="YetaWF/YetaWFSkin/YetaWFSkin" />
                            <FileName Value="modStandard" />
                          </Properties>
                        </Object>
                      </Value>
                      <Value>
                        <Object Type="YetaWF.Core.Skins.SkinDefinition" Assembly="YetaWF.Core">
                          <Properties>
                            <Collection Value="Softelvdm/YetaWF2Skin/YetaWF2" />
                            <FileName Value="modStandard" />
                          </Properties>
                        </Object>
                      </Value>
                    </List>
                  </Object>
                </SkinDefinitions>
                <SelectedPopupSkin>
                  <Object Type="YetaWF.Core.Skins.SkinDefinition" Assembly="YetaWF.Core">
                    <Properties>
                      <Collection />
                      <FileName Value="PopupMedium.cshtml" />
                    </Properties>
                  </Object>
                </SelectedPopupSkin>
                <CssClass />
                <BootstrapContainer Value="0" />
                <ShowTitle Value="True" />
                <ShowTitleActions Value="False" />
                <ShowHelp Value="False" />
                <Print Value="True" />
                <ShowFormButtons Value="True" />
                <AnchorId />
                <AllowedRoles>
                  <Object Type="YetaWF.Core.Serializers.SerializableList`1[[YetaWF.Core.Modules.ModuleDefinition+AllowedRole, YetaWF.Core, Culture=neutral, PublicKeyToken=null]]" Assembly="YetaWF.Core">
                    <Properties />
                    <List />
                  </Object>
                </AllowedRoles>
                <AllowedUsers>
                  <Object Type="YetaWF.Core.Serializers.SerializableList`1[[YetaWF.Core.Modules.ModuleDefinition+AllowedUser, YetaWF.Core, Culture=neutral, PublicKeyToken=null]]" Assembly="YetaWF.Core">
                    <Properties />
                    <List />
                  </Object>
                </AllowedUsers>
                <ReferencedModules>
                  <Object Type="YetaWF.Core.Serializers.SerializableList`1[[YetaWF.Core.Modules.ModuleDefinition+ReferencedModule, YetaWF.Core, Culture=neutral, PublicKeyToken=null]]" Assembly="YetaWF.Core">
                    <Properties />
                    <List />
                  </Object>
                </ReferencedModules>
              </Properties>
            </Object>
          </Value>
        </List>
      </Object>
    </ModList>
    <ImageList>
      <Object Type="YetaWF.Core.Serializers.SerializableList`1[[YetaWF.Core.Packages.SerializableFile, YetaWF.Core, Culture=neutral, PublicKeyToken=null]]" Assembly="YetaWF.Core">
        <Properties />
        <List />
      </Object>
    </ImageList>
  </Properties>
</Object>