﻿<?xml version="1.0" encoding="utf-8"?>
<!--YetaWF.Core.Serializers.SerializableList`1[YetaWF.Modules.CurrencyConverter.DataProvider.ConfigData]-->
<Object Type="YetaWF.Core.Serializers.SerializableList`1[[YetaWF.Modules.CurrencyConverter.DataProvider.ConfigData, YetaWF.CurrencyConverter, Culture=neutral, PublicKeyToken=null]]" Assembly="YetaWF.Core">
  <Properties />
  <List>
    <Value>
      <Object Type="YetaWF.Modules.CurrencyConverter.DataProvider.ConfigData" Assembly="YetaWF.CurrencyConverter" AssemblyFull="YetaWF.CurrencyConverter, Version=2.8.0.0, Culture=neutral, PublicKeyToken=null">
        <Properties>
          <Id Value="1" />
          <AppID Value="" />
          <UseHttps Value="False" />
        </Properties>
      </Object>
    </Value>
  </List>
</Object>