[
  {
    "PanelInfo": {
      "Style": 2,
      "Panels": [
        {
          "Module": "66d365d8-c1df-45bb-9dfb-9397722ca16f",
          "Caption": {
            "en-US": "About YetaWF"
          },
          "ToolTip": {
            "en-US": ""
          }
        },
        {
          "Module": "47c80477-1f25-4f9d-902c-e3d8b3a62686",
          "Caption": {
            "en-US": "Login"
          },
          "ToolTip": {
            "en-US": ""
          }
        },
        {
          "Module": "60e09334-3eca-466f-bdf9-9933971b0991",
          "Caption": {
            "en-US": "Register"
          },
          "ToolTip": {
            "en-US": ""
          }
        }
      ]
    },
    "Name": "Module Panel",
    "Title": {
      "en-US": "Module Panel"
    },
    "Visible": true,
    "ModuleSecurity": 0,
    "WantSearch": true,
    "WantFocus": true,
    "Description": {
      "en-US": "Module Panel - used to display multiple modules using tabs or an accordion widget"
    },
    "ModuleGuid": "73e4a087-3a8b-4860-a8ec-ee2519b442f7",
    "DateCreated": "2017-11-24T16:08:27.3544263",
    "DateUpdated": "2018-04-16T00:58:14.202439",
    "SkinDefinitions": [],
    "SelectedPopupSkin": {
      "Collection": null,
      "FileName": null
    },
    "CssClass": null,
    "TempPageCssClass": null,
    "_SuppressPartialFormCss": false,
    "ShowTitle": true,
    "ShowTitleActions": true,
    "ShowHelp": false,
    "Print": true,
    "ShowFormButtons": true,
    "AnchorId": null,
    "AllowedRoles": [
      {
        "RoleId": 1000,
        "View": 1,
        "Edit": 1,
        "Remove": 1,
        "Extra1": 1,
        "Extra2": 1,
        "Extra3": 1,
        "Extra4": 1,
        "Extra5": 1
      }
    ],
    "AllowedUsers": [],
    "ReferencedModules": []
  },
  {
    "PanelInfo": {
      "Style": 0,
      "Panels": [
        {
          "Module": "f490deeb-ff19-4921-894b-4a81d263f97a",
          "Caption": {
            "en-US": "Login Provider"
          },
          "ToolTip": {
            "en-US": "Manage the site's user login settings"
          }
        },
        {
          "Module": "5e31d551-a3db-4d38-b864-e89ac13d320e",
          "Caption": {
            "en-US": "Users"
          },
          "ToolTip": {
            "en-US": "Display and manage users"
          }
        },
        {
          "Module": "d2187cff-5c49-4be1-b994-ec594782557c",
          "Caption": {
            "en-US": "Roles"
          },
          "ToolTip": {
            "en-US": "Display and manage roles"
          }
        },
        {
          "Module": "466d3da8-684f-493c-84d7-d630534120ca",
          "Caption": {
            "en-US": "Resources"
          },
          "ToolTip": {
            "en-US": "Display and manage resources (used for authorization)"
          }
        }
      ]
    },
    "Name": "Identity Module Panel",
    "Title": {
      "en-US": "Identity"
    },
    "Visible": true,
    "ModuleSecurity": 0,
    "WantSearch": true,
    "WantFocus": true,
    "Description": {
      "en-US": "Module Panel - used to display multiple modules using tabs or an accordion widget"
    },
    "ModuleGuid": "74b6f776-977c-4886-848e-8080e054dc9a",
    "DateCreated": "2018-04-22T15:39:15.8971816",
    "DateUpdated": "2018-08-15T13:18:04.0693308",
    "SkinDefinitions": [
      {
        "Collection": "YetaWF/BootstrapSample/BootstrapSkin",
        "FileName": "modStandard"
      },
      {
        "Collection": "YetaWF/BusinessCasualSkin/BusinessCasual",
        "FileName": "modStandard"
      },
      {
        "Collection": "YetaWF/DefaultSkin/DefaultSkin",
        "FileName": "modStandard"
      },
      {
        "Collection": "YetaWF/Core/Standard",
        "FileName": "modStandard"
      }
    ],
    "SelectedPopupSkin": {
      "Collection": null,
      "FileName": "Popup.cshtml"
    },
    "CssClass": null,
    "TempPageCssClass": null,
    "_SuppressPartialFormCss": false,
    "ShowTitle": true,
    "ShowTitleActions": true,
    "ShowHelp": false,
    "Print": true,
    "ShowFormButtons": true,
    "AnchorId": null,
    "AllowedRoles": [
      {
        "RoleId": 1000,
        "View": 1,
        "Edit": 1,
        "Remove": 1,
        "Extra1": 0,
        "Extra2": 0,
        "Extra3": 0,
        "Extra4": 0,
        "Extra5": 0
      },
      {
        "RoleId": 999,
        "View": 0,
        "Edit": 0,
        "Remove": 0,
        "Extra1": 0,
        "Extra2": 0,
        "Extra3": 0,
        "Extra4": 0,
        "Extra5": 0
      },
      {
        "RoleId": 1001,
        "View": 0,
        "Edit": 0,
        "Remove": 0,
        "Extra1": 0,
        "Extra2": 0,
        "Extra3": 0,
        "Extra4": 0,
        "Extra5": 0
      },
      {
        "RoleId": 997,
        "View": 0,
        "Edit": 0,
        "Remove": 0,
        "Extra1": 0,
        "Extra2": 0,
        "Extra3": 0,
        "Extra4": 0,
        "Extra5": 0
      },
      {
        "RoleId": 998,
        "View": 0,
        "Edit": 0,
        "Remove": 0,
        "Extra1": 0,
        "Extra2": 0,
        "Extra3": 0,
        "Extra4": 0,
        "Extra5": 0
      },
      {
        "RoleId": 996,
        "View": 0,
        "Edit": 0,
        "Remove": 0,
        "Extra1": 0,
        "Extra2": 0,
        "Extra3": 0,
        "Extra4": 0,
        "Extra5": 0
      }
    ],
    "AllowedUsers": [],
    "ReferencedModules": []
  }
]