﻿<?xml version="1.0" encoding="utf-8"?>
<!--YetaWF.Core.Serializers.SerializableList`1[YetaWF.Modules.IFrame.Modules.IFrameDisplayModule]-->
<Object Type="YetaWF.Core.Serializers.SerializableList`1[[YetaWF.Modules.IFrame.Modules.IFrameDisplayModule, YetaWF.IFrame, Culture=neutral, PublicKeyToken=null]]" Assembly="YetaWF.Core">
  <Properties />
  <List>
    <Value>
      <Object Type="YetaWF.Modules.IFrame.Modules.IFrameDisplayModule" Assembly="YetaWF.IFrame" AssemblyFull="YetaWF.IFrame, Version=3.0.0.0, Culture=neutral, PublicKeyToken=null">
        <Properties>
          <Url Value="https://YetaWF.com" />
          <Width Value="100%" />
          <Height Value="800px" />
          <Name Value="IFrame (Display Url)" />
          <Title>
            <Object Type="YetaWF.Core.Models.MultiString" Assembly="YetaWF.Core">
              <Properties />
              <Dictionary>
                <Key Value="en-US" />
                <Value Value="IFrame" />
              </Dictionary>
            </Object>
          </Title>
          <Visible Value="True" />
          <ModuleSecurity Value="0" />
          <WantSearch Value="False" />
          <WantFocus Value="True" />
          <Description>
            <Object Type="YetaWF.Core.Models.MultiString" Assembly="YetaWF.Core">
              <Properties />
              <Dictionary>
                <Key Value="en-US" />
                <Value Value="Includes another page (Url) and displays the page" />
              </Dictionary>
            </Object>
          </Description>
          <ModuleGuid Value="96fb2664-90a1-4685-b676-6f869dd03f46" />
          <DateCreated Value="636593974736359480" />
          <DateUpdated Value="636594370955449607" />
          <SkinDefinitions>
            <Object Type="YetaWF.Core.Serializers.SerializableList`1[[YetaWF.Core.Skins.SkinDefinition, YetaWF.Core, Culture=neutral, PublicKeyToken=null]]" Assembly="YetaWF.Core">
              <Properties />
              <List>
                <Value>
                  <Object Type="YetaWF.Core.Skins.SkinDefinition" Assembly="YetaWF.Core">
                    <Properties>
                      <Collection Value="YetaWF/BootstrapSample/BootstrapSkin" />
                      <FileName Value="modStandard" />
                    </Properties>
                  </Object>
                </Value>
                <Value>
                  <Object Type="YetaWF.Core.Skins.SkinDefinition" Assembly="YetaWF.Core">
                    <Properties>
                      <Collection Value="YetaWF/BusinessCasualSkin/BusinessCasual" />
                      <FileName Value="modStandard" />
                    </Properties>
                  </Object>
                </Value>
                <Value>
                  <Object Type="YetaWF.Core.Skins.SkinDefinition" Assembly="YetaWF.Core">
                    <Properties>
                      <Collection Value="YetaWF/DefaultSkin/DefaultSkin" />
                      <FileName Value="modStandard" />
                    </Properties>
                  </Object>
                </Value>
                <Value>
                  <Object Type="YetaWF.Core.Skins.SkinDefinition" Assembly="YetaWF.Core">
                    <Properties>
                      <Collection Value="YetaWF/Core/Standard" />
                      <FileName Value="modStandard" />
                    </Properties>
                  </Object>
                </Value>
              </List>
            </Object>
          </SkinDefinitions>
          <SelectedPopupSkin>
            <Object Type="YetaWF.Core.Skins.SkinDefinition" Assembly="YetaWF.Core">
              <Properties>
                <Collection />
                <FileName Value="Popup.cshtml" />
              </Properties>
            </Object>
          </SelectedPopupSkin>
          <CssClass />
          <TempPageCssClass />
          <_SuppressPartialFormCss Value="False" />
          <ShowTitle Value="True" />
          <ShowTitleActions Value="False" />
          <ShowHelp Value="False" />
          <Print Value="True" />
          <ShowFormButtons Value="True" />
          <AnchorId />
          <AllowedRoles>
            <Object Type="YetaWF.Core.Serializers.SerializableList`1[[YetaWF.Core.Modules.ModuleDefinition+AllowedRole, YetaWF.Core, Culture=neutral, PublicKeyToken=null]]" Assembly="YetaWF.Core">
              <Properties />
              <List>
                <Value>
                  <Object Type="YetaWF.Core.Modules.ModuleDefinition+AllowedRole" Assembly="YetaWF.Core">
                    <Properties>
                      <RoleId Value="1001" />
                      <View Value="1" />
                      <Edit Value="1" />
                      <Remove Value="0" />
                      <Extra1 Value="0" />
                      <Extra2 Value="0" />
                      <Extra3 Value="0" />
                      <Extra4 Value="0" />
                      <Extra5 Value="0" />
                    </Properties>
                  </Object>
                </Value>
                <Value>
                  <Object Type="YetaWF.Core.Modules.ModuleDefinition+AllowedRole" Assembly="YetaWF.Core">
                    <Properties>
                      <RoleId Value="1000" />
                      <View Value="1" />
                      <Edit Value="1" />
                      <Remove Value="1" />
                      <Extra1 Value="1" />
                      <Extra2 Value="1" />
                      <Extra3 Value="1" />
                      <Extra4 Value="1" />
                      <Extra5 Value="1" />
                    </Properties>
                  </Object>
                </Value>
              </List>
            </Object>
          </AllowedRoles>
          <AllowedUsers>
            <Object Type="YetaWF.Core.Serializers.SerializableList`1[[YetaWF.Core.Modules.ModuleDefinition+AllowedUser, YetaWF.Core, Culture=neutral, PublicKeyToken=null]]" Assembly="YetaWF.Core">
              <Properties />
              <List />
            </Object>
          </AllowedUsers>
          <ReferencedModules>
            <Object Type="YetaWF.Core.Serializers.SerializableList`1[[YetaWF.Core.Modules.ModuleDefinition+ReferencedModule, YetaWF.Core, Culture=neutral, PublicKeyToken=null]]" Assembly="YetaWF.Core">
              <Properties />
              <List />
            </Object>
          </ReferencedModules>
        </Properties>
      </Object>
    </Value>
  </List>
</Object>