﻿<?xml version="1.0" encoding="utf-8"?>
<!--YetaWF.DataProvider.ModuleDefinitionDataProvider`2+ModData[System.Guid,YetaWF.Modules.Identity.Modules.UsersBrowseModule]-->
<Object Type="YetaWF.DataProvider.ModuleDefinitionDataProvider`2+ModData[[System.Guid, mscorlib, Culture=neutral, PublicKeyToken=b77a5c561934e089],[YetaWF.Modules.Identity.Modules.UsersBrowseModule, YetaWF.Identity, Culture=neutral, PublicKeyToken=null]]" Assembly="YetaWF.DataProvider.ModuleDefinition" AssemblyFull="YetaWF.DataProvider.ModuleDefinition, Version=2.7.0.0, Culture=neutral, PublicKeyToken=null">
  <Properties>
    <ModList>
      <Object Type="YetaWF.Core.Serializers.SerializableList`1[[YetaWF.Modules.Identity.Modules.UsersBrowseModule, YetaWF.Identity, Culture=neutral, PublicKeyToken=null]]" Assembly="YetaWF.Core">
        <Properties />
        <List>
          <Value>
            <Object Type="YetaWF.Modules.Identity.Modules.UsersBrowseModule" Assembly="YetaWF.Identity" AssemblyFull="YetaWF.Identity, Version=2.7.0.0, Culture=neutral, PublicKeyToken=null">
              <Properties>
                <AddUrl />
                <DisplayUrl />
                <EditUrl />
                <Name Value="Users" />
                <Title>
                  <Object Type="YetaWF.Core.Models.MultiString" Assembly="YetaWF.Core">
                    <Properties />
                    <Dictionary>
                      <Key Value="en-US" />
                      <Value Value="Users" />
                    </Dictionary>
                  </Object>
                </Title>
                <Visible Value="True" />
                <ModuleSecurity Value="0" />
                <WantSearch Value="True" />
                <WantFocus Value="True" />
                <Description>
                  <Object Type="YetaWF.Core.Models.MultiString" Assembly="YetaWF.Core">
                    <Properties />
                    <Dictionary>
                      <Key Value="en-US" />
                      <Value Value="Displays and manages users" />
                    </Dictionary>
                  </Object>
                </Description>
                <ModuleGuid Value="0180e6db-54cb-4c40-96c9-b199d71ca796" />
                <DateCreated Value="636471378885565228" />
                <DateUpdated Value="636471378886995976" />
                <SkinDefinitions>
                  <Object Type="YetaWF.Core.Serializers.SerializableList`1[[YetaWF.Core.Skins.SkinDefinition, YetaWF.Core, Culture=neutral, PublicKeyToken=null]]" Assembly="YetaWF.Core">
                    <Properties />
                    <List />
                  </Object>
                </SkinDefinitions>
                <SelectedPopupSkin>
                  <Object Type="YetaWF.Core.Skins.SkinDefinition" Assembly="YetaWF.Core">
                    <Properties>
                      <Collection />
                      <FileName />
                    </Properties>
                  </Object>
                </SelectedPopupSkin>
                <CssClass />
                <BootstrapContainer Value="0" />
                <ShowTitle Value="True" />
                <ShowTitleActions Value="True" />
                <ShowHelp Value="False" />
                <Print Value="True" />
                <ShowFormButtons Value="True" />
                <AnchorId />
                <AllowedRoles>
                  <Object Type="YetaWF.Core.Serializers.SerializableList`1[[YetaWF.Core.Modules.ModuleDefinition+AllowedRole, YetaWF.Core, Culture=neutral, PublicKeyToken=null]]" Assembly="YetaWF.Core">
                    <Properties />
                    <List>
                      <Value>
                        <Object Type="YetaWF.Core.Modules.ModuleDefinition+AllowedRole" Assembly="YetaWF.Core">
                          <Properties>
                            <RoleId Value="1000" />
                            <View Value="1" />
                            <Edit Value="1" />
                            <Remove Value="1" />
                            <Extra1 Value="1" />
                            <Extra2 Value="1" />
                            <Extra3 Value="1" />
                            <Extra4 Value="1" />
                            <Extra5 Value="1" />
                          </Properties>
                        </Object>
                      </Value>
                    </List>
                  </Object>
                </AllowedRoles>
                <AllowedUsers>
                  <Object Type="YetaWF.Core.Serializers.SerializableList`1[[YetaWF.Core.Modules.ModuleDefinition+AllowedUser, YetaWF.Core, Culture=neutral, PublicKeyToken=null]]" Assembly="YetaWF.Core">
                    <Properties />
                    <List />
                  </Object>
                </AllowedUsers>
                <ReferencedModules>
                  <Object Type="YetaWF.Core.Serializers.SerializableList`1[[YetaWF.Core.Modules.ModuleDefinition+ReferencedModule, YetaWF.Core, Culture=neutral, PublicKeyToken=null]]" Assembly="YetaWF.Core">
                    <Properties />
                    <List />
                  </Object>
                </ReferencedModules>
              </Properties>
            </Object>
          </Value>
          <Value>
            <Object Type="YetaWF.Modules.Identity.Modules.UsersBrowseModule" Assembly="YetaWF.Identity" AssemblyFull="YetaWF.Identity, Version=2.7.0.0, Culture=neutral, PublicKeyToken=null">
              <Properties>
                <AddUrl />
                <DisplayUrl />
                <EditUrl />
                <Name Value="Users" />
                <Title>
                  <Object Type="YetaWF.Core.Models.MultiString" Assembly="YetaWF.Core">
                    <Properties />
                    <Dictionary>
                      <Key Value="en-US" />
                      <Value Value="Users" />
                    </Dictionary>
                  </Object>
                </Title>
                <Visible Value="True" />
                <ModuleSecurity Value="0" />
                <WantSearch Value="True" />
                <WantFocus Value="True" />
                <Description>
                  <Object Type="YetaWF.Core.Models.MultiString" Assembly="YetaWF.Core">
                    <Properties />
                    <Dictionary>
                      <Key Value="en-US" />
                      <Value Value="Displays and manages users" />
                    </Dictionary>
                  </Object>
                </Description>
                <ModuleGuid Value="1633d95b-d079-4c53-a5cc-f8a2ceb08f1d" />
                <DateCreated Value="636471306871604804" />
                <DateUpdated Value="636471306875457698" />
                <SkinDefinitions>
                  <Object Type="YetaWF.Core.Serializers.SerializableList`1[[YetaWF.Core.Skins.SkinDefinition, YetaWF.Core, Culture=neutral, PublicKeyToken=null]]" Assembly="YetaWF.Core">
                    <Properties />
                    <List />
                  </Object>
                </SkinDefinitions>
                <SelectedPopupSkin>
                  <Object Type="YetaWF.Core.Skins.SkinDefinition" Assembly="YetaWF.Core">
                    <Properties>
                      <Collection />
                      <FileName />
                    </Properties>
                  </Object>
                </SelectedPopupSkin>
                <CssClass />
                <BootstrapContainer Value="0" />
                <ShowTitle Value="True" />
                <ShowTitleActions Value="True" />
                <ShowHelp Value="False" />
                <Print Value="True" />
                <ShowFormButtons Value="True" />
                <AnchorId />
                <AllowedRoles>
                  <Object Type="YetaWF.Core.Serializers.SerializableList`1[[YetaWF.Core.Modules.ModuleDefinition+AllowedRole, YetaWF.Core, Culture=neutral, PublicKeyToken=null]]" Assembly="YetaWF.Core">
                    <Properties />
                    <List>
                      <Value>
                        <Object Type="YetaWF.Core.Modules.ModuleDefinition+AllowedRole" Assembly="YetaWF.Core">
                          <Properties>
                            <RoleId Value="1000" />
                            <View Value="1" />
                            <Edit Value="1" />
                            <Remove Value="1" />
                            <Extra1 Value="1" />
                            <Extra2 Value="1" />
                            <Extra3 Value="1" />
                            <Extra4 Value="1" />
                            <Extra5 Value="1" />
                          </Properties>
                        </Object>
                      </Value>
                    </List>
                  </Object>
                </AllowedRoles>
                <AllowedUsers>
                  <Object Type="YetaWF.Core.Serializers.SerializableList`1[[YetaWF.Core.Modules.ModuleDefinition+AllowedUser, YetaWF.Core, Culture=neutral, PublicKeyToken=null]]" Assembly="YetaWF.Core">
                    <Properties />
                    <List />
                  </Object>
                </AllowedUsers>
                <ReferencedModules>
                  <Object Type="YetaWF.Core.Serializers.SerializableList`1[[YetaWF.Core.Modules.ModuleDefinition+ReferencedModule, YetaWF.Core, Culture=neutral, PublicKeyToken=null]]" Assembly="YetaWF.Core">
                    <Properties />
                    <List />
                  </Object>
                </ReferencedModules>
              </Properties>
            </Object>
          </Value>
          <Value>
            <Object Type="YetaWF.Modules.Identity.Modules.UsersBrowseModule" Assembly="YetaWF.Identity" AssemblyFull="YetaWF.Identity, Version=2.7.0.0, Culture=neutral, PublicKeyToken=null">
              <Properties>
                <AddUrl />
                <DisplayUrl />
                <EditUrl />
                <Name Value="Users" />
                <Title>
                  <Object Type="YetaWF.Core.Models.MultiString" Assembly="YetaWF.Core">
                    <Properties />
                    <Dictionary>
                      <Key Value="en-US" />
                      <Value Value="Users" />
                    </Dictionary>
                  </Object>
                </Title>
                <Visible Value="True" />
                <ModuleSecurity Value="0" />
                <WantSearch Value="True" />
                <WantFocus Value="True" />
                <Description>
                  <Object Type="YetaWF.Core.Models.MultiString" Assembly="YetaWF.Core">
                    <Properties />
                    <Dictionary>
                      <Key Value="en-US" />
                      <Value Value="Displays and manages users" />
                    </Dictionary>
                  </Object>
                </Description>
                <ModuleGuid Value="1c3b1e18-0ce2-4a7e-8923-c3ef53b5f39e" />
                <DateCreated Value="636359751559267856" />
                <DateUpdated Value="636359751559878415" />
                <SkinDefinitions>
                  <Object Type="YetaWF.Core.Serializers.SerializableList`1[[YetaWF.Core.Skins.SkinDefinition, YetaWF.Core, Culture=neutral, PublicKeyToken=null]]" Assembly="YetaWF.Core">
                    <Properties />
                    <List />
                  </Object>
                </SkinDefinitions>
                <SelectedPopupSkin>
                  <Object Type="YetaWF.Core.Skins.SkinDefinition" Assembly="YetaWF.Core">
                    <Properties>
                      <Collection />
                      <FileName />
                    </Properties>
                  </Object>
                </SelectedPopupSkin>
                <CssClass />
                <BootstrapContainer Value="0" />
                <ShowTitle Value="True" />
                <ShowTitleActions Value="True" />
                <ShowHelp Value="False" />
                <Print Value="True" />
                <ShowFormButtons Value="True" />
                <AnchorId />
                <AllowedRoles>
                  <Object Type="YetaWF.Core.Serializers.SerializableList`1[[YetaWF.Core.Modules.ModuleDefinition+AllowedRole, YetaWF.Core, Culture=neutral, PublicKeyToken=null]]" Assembly="YetaWF.Core">
                    <Properties />
                    <List>
                      <Value>
                        <Object Type="YetaWF.Core.Modules.ModuleDefinition+AllowedRole" Assembly="YetaWF.Core">
                          <Properties>
                            <RoleId Value="1000" />
                            <View Value="1" />
                            <Edit Value="1" />
                            <Remove Value="1" />
                            <Extra1 Value="1" />
                            <Extra2 Value="1" />
                            <Extra3 Value="1" />
                            <Extra4 Value="1" />
                            <Extra5 Value="1" />
                          </Properties>
                        </Object>
                      </Value>
                    </List>
                  </Object>
                </AllowedRoles>
                <AllowedUsers>
                  <Object Type="YetaWF.Core.Serializers.SerializableList`1[[YetaWF.Core.Modules.ModuleDefinition+AllowedUser, YetaWF.Core, Culture=neutral, PublicKeyToken=null]]" Assembly="YetaWF.Core">
                    <Properties />
                    <List />
                  </Object>
                </AllowedUsers>
                <ReferencedModules>
                  <Object Type="YetaWF.Core.Serializers.SerializableList`1[[YetaWF.Core.Modules.ModuleDefinition+ReferencedModule, YetaWF.Core, Culture=neutral, PublicKeyToken=null]]" Assembly="YetaWF.Core">
                    <Properties />
                    <List />
                  </Object>
                </ReferencedModules>
              </Properties>
            </Object>
          </Value>
          <Value>
            <Object Type="YetaWF.Modules.Identity.Modules.UsersBrowseModule" Assembly="YetaWF.Identity" AssemblyFull="YetaWF.Identity, Version=2.7.0.0, Culture=neutral, PublicKeyToken=null">
              <Properties>
                <AddUrl />
                <DisplayUrl />
                <EditUrl />
                <Name Value="Users" />
                <Title>
                  <Object Type="YetaWF.Core.Models.MultiString" Assembly="YetaWF.Core">
                    <Properties />
                    <Dictionary>
                      <Key Value="en-US" />
                      <Value Value="Users" />
                    </Dictionary>
                  </Object>
                </Title>
                <Visible Value="True" />
                <ModuleSecurity Value="0" />
                <WantSearch Value="True" />
                <WantFocus Value="True" />
                <Description>
                  <Object Type="YetaWF.Core.Models.MultiString" Assembly="YetaWF.Core">
                    <Properties />
                    <Dictionary>
                      <Key Value="en-US" />
                      <Value Value="Displays and manages users" />
                    </Dictionary>
                  </Object>
                </Description>
                <ModuleGuid Value="28241cb0-548e-4880-b42d-dcfeeda5fcce" />
                <DateCreated Value="636471359262075026" />
                <DateUpdated Value="636471359263324734" />
                <SkinDefinitions>
                  <Object Type="YetaWF.Core.Serializers.SerializableList`1[[YetaWF.Core.Skins.SkinDefinition, YetaWF.Core, Culture=neutral, PublicKeyToken=null]]" Assembly="YetaWF.Core">
                    <Properties />
                    <List />
                  </Object>
                </SkinDefinitions>
                <SelectedPopupSkin>
                  <Object Type="YetaWF.Core.Skins.SkinDefinition" Assembly="YetaWF.Core">
                    <Properties>
                      <Collection />
                      <FileName />
                    </Properties>
                  </Object>
                </SelectedPopupSkin>
                <CssClass />
                <BootstrapContainer Value="0" />
                <ShowTitle Value="True" />
                <ShowTitleActions Value="True" />
                <ShowHelp Value="False" />
                <Print Value="True" />
                <ShowFormButtons Value="True" />
                <AnchorId />
                <AllowedRoles>
                  <Object Type="YetaWF.Core.Serializers.SerializableList`1[[YetaWF.Core.Modules.ModuleDefinition+AllowedRole, YetaWF.Core, Culture=neutral, PublicKeyToken=null]]" Assembly="YetaWF.Core">
                    <Properties />
                    <List>
                      <Value>
                        <Object Type="YetaWF.Core.Modules.ModuleDefinition+AllowedRole" Assembly="YetaWF.Core">
                          <Properties>
                            <RoleId Value="1000" />
                            <View Value="1" />
                            <Edit Value="1" />
                            <Remove Value="1" />
                            <Extra1 Value="1" />
                            <Extra2 Value="1" />
                            <Extra3 Value="1" />
                            <Extra4 Value="1" />
                            <Extra5 Value="1" />
                          </Properties>
                        </Object>
                      </Value>
                    </List>
                  </Object>
                </AllowedRoles>
                <AllowedUsers>
                  <Object Type="YetaWF.Core.Serializers.SerializableList`1[[YetaWF.Core.Modules.ModuleDefinition+AllowedUser, YetaWF.Core, Culture=neutral, PublicKeyToken=null]]" Assembly="YetaWF.Core">
                    <Properties />
                    <List />
                  </Object>
                </AllowedUsers>
                <ReferencedModules>
                  <Object Type="YetaWF.Core.Serializers.SerializableList`1[[YetaWF.Core.Modules.ModuleDefinition+ReferencedModule, YetaWF.Core, Culture=neutral, PublicKeyToken=null]]" Assembly="YetaWF.Core">
                    <Properties />
                    <List />
                  </Object>
                </ReferencedModules>
              </Properties>
            </Object>
          </Value>
          <Value>
            <Object Type="YetaWF.Modules.Identity.Modules.UsersBrowseModule" Assembly="YetaWF.Identity" AssemblyFull="YetaWF.Identity, Version=2.7.0.0, Culture=neutral, PublicKeyToken=null">
              <Properties>
                <AddUrl />
                <DisplayUrl />
                <EditUrl />
                <Name Value="Users" />
                <Title>
                  <Object Type="YetaWF.Core.Models.MultiString" Assembly="YetaWF.Core">
                    <Properties />
                    <Dictionary>
                      <Key Value="en-US" />
                      <Value Value="Users" />
                    </Dictionary>
                  </Object>
                </Title>
                <Visible Value="True" />
                <ModuleSecurity Value="0" />
                <WantSearch Value="True" />
                <WantFocus Value="True" />
                <Description>
                  <Object Type="YetaWF.Core.Models.MultiString" Assembly="YetaWF.Core">
                    <Properties />
                    <Dictionary>
                      <Key Value="en-US" />
                      <Value Value="Displays and manages users" />
                    </Dictionary>
                  </Object>
                </Description>
                <ModuleGuid Value="427e1c4d-368a-4614-8006-90ade3da69a9" />
                <DateCreated Value="636381441801252437" />
                <DateUpdated Value="636381441802116994" />
                <SkinDefinitions>
                  <Object Type="YetaWF.Core.Serializers.SerializableList`1[[YetaWF.Core.Skins.SkinDefinition, YetaWF.Core, Culture=neutral, PublicKeyToken=null]]" Assembly="YetaWF.Core">
                    <Properties />
                    <List />
                  </Object>
                </SkinDefinitions>
                <SelectedPopupSkin>
                  <Object Type="YetaWF.Core.Skins.SkinDefinition" Assembly="YetaWF.Core">
                    <Properties>
                      <Collection />
                      <FileName />
                    </Properties>
                  </Object>
                </SelectedPopupSkin>
                <CssClass />
                <BootstrapContainer Value="0" />
                <ShowTitle Value="True" />
                <ShowTitleActions Value="True" />
                <ShowHelp Value="False" />
                <Print Value="True" />
                <ShowFormButtons Value="True" />
                <AnchorId />
                <AllowedRoles>
                  <Object Type="YetaWF.Core.Serializers.SerializableList`1[[YetaWF.Core.Modules.ModuleDefinition+AllowedRole, YetaWF.Core, Culture=neutral, PublicKeyToken=null]]" Assembly="YetaWF.Core">
                    <Properties />
                    <List>
                      <Value>
                        <Object Type="YetaWF.Core.Modules.ModuleDefinition+AllowedRole" Assembly="YetaWF.Core">
                          <Properties>
                            <RoleId Value="1000" />
                            <View Value="1" />
                            <Edit Value="1" />
                            <Remove Value="1" />
                            <Extra1 Value="1" />
                            <Extra2 Value="1" />
                            <Extra3 Value="1" />
                            <Extra4 Value="1" />
                            <Extra5 Value="1" />
                          </Properties>
                        </Object>
                      </Value>
                    </List>
                  </Object>
                </AllowedRoles>
                <AllowedUsers>
                  <Object Type="YetaWF.Core.Serializers.SerializableList`1[[YetaWF.Core.Modules.ModuleDefinition+AllowedUser, YetaWF.Core, Culture=neutral, PublicKeyToken=null]]" Assembly="YetaWF.Core">
                    <Properties />
                    <List />
                  </Object>
                </AllowedUsers>
                <ReferencedModules>
                  <Object Type="YetaWF.Core.Serializers.SerializableList`1[[YetaWF.Core.Modules.ModuleDefinition+ReferencedModule, YetaWF.Core, Culture=neutral, PublicKeyToken=null]]" Assembly="YetaWF.Core">
                    <Properties />
                    <List />
                  </Object>
                </ReferencedModules>
              </Properties>
            </Object>
          </Value>
          <Value>
            <Object Type="YetaWF.Modules.Identity.Modules.UsersBrowseModule" Assembly="YetaWF.Identity" AssemblyFull="YetaWF.Identity, Version=2.7.0.0, Culture=neutral, PublicKeyToken=null">
              <Properties>
                <AddUrl />
                <DisplayUrl />
                <EditUrl />
                <Name Value="Users" />
                <Title>
                  <Object Type="YetaWF.Core.Models.MultiString" Assembly="YetaWF.Core">
                    <Properties />
                    <Dictionary>
                      <Key Value="en-US" />
                      <Value Value="Users" />
                    </Dictionary>
                  </Object>
                </Title>
                <Visible Value="True" />
                <ModuleSecurity Value="0" />
                <WantSearch Value="True" />
                <WantFocus Value="True" />
                <Description>
                  <Object Type="YetaWF.Core.Models.MultiString" Assembly="YetaWF.Core">
                    <Properties />
                    <Dictionary>
                      <Key Value="en-US" />
                      <Value Value="Displays and manages users" />
                    </Dictionary>
                  </Object>
                </Description>
                <ModuleGuid Value="c19ea3c1-0d15-4ea3-9b41-f8a5f1e088c7" />
                <DateCreated Value="635635891263966081" />
                <DateUpdated Value="636073344963699080" />
                <SkinDefinitions>
                  <Object Type="YetaWF.Core.Serializers.SerializableList`1[[YetaWF.Core.Skins.SkinDefinition, YetaWF.Core, Culture=neutral, PublicKeyToken=null]]" Assembly="YetaWF.Core">
                    <Properties />
                    <List />
                  </Object>
                </SkinDefinitions>
                <SelectedPopupSkin>
                  <Object Type="YetaWF.Core.Skins.SkinDefinition" Assembly="YetaWF.Core">
                    <Properties>
                      <Collection />
                      <FileName />
                    </Properties>
                  </Object>
                </SelectedPopupSkin>
                <CssClass />
                <BootstrapContainer Value="0" />
                <ShowTitle Value="True" />
                <ShowTitleActions Value="False" />
                <ShowHelp Value="False" />
                <Print Value="True" />
                <ShowFormButtons Value="True" />
                <AnchorId />
                <AllowedRoles>
                  <Object Type="YetaWF.Core.Serializers.SerializableList`1[[YetaWF.Core.Modules.ModuleDefinition+AllowedRole, YetaWF.Core, Culture=neutral, PublicKeyToken=null]]" Assembly="YetaWF.Core">
                    <Properties />
                    <List>
                      <Value>
                        <Object Type="YetaWF.Core.Modules.ModuleDefinition+AllowedRole" Assembly="YetaWF.Core">
                          <Properties>
                            <RoleId Value="1089" />
                            <View Value="1" />
                            <Edit Value="1" />
                            <Remove Value="1" />
                            <Extra1 Value="1" />
                            <Extra2 Value="1" />
                            <Extra3 Value="1" />
                            <Extra4 Value="1" />
                            <Extra5 Value="1" />
                          </Properties>
                        </Object>
                      </Value>
                    </List>
                  </Object>
                </AllowedRoles>
                <AllowedUsers>
                  <Object Type="YetaWF.Core.Serializers.SerializableList`1[[YetaWF.Core.Modules.ModuleDefinition+AllowedUser, YetaWF.Core, Culture=neutral, PublicKeyToken=null]]" Assembly="YetaWF.Core">
                    <Properties />
                    <List />
                  </Object>
                </AllowedUsers>
                <ReferencedModules>
                  <Object Type="YetaWF.Core.Serializers.SerializableList`1[[YetaWF.Core.Modules.ModuleDefinition+ReferencedModule, YetaWF.Core, Culture=neutral, PublicKeyToken=null]]" Assembly="YetaWF.Core">
                    <Properties />
                    <List />
                  </Object>
                </ReferencedModules>
              </Properties>
            </Object>
          </Value>
        </List>
      </Object>
    </ModList>
    <ImageList>
      <Object Type="YetaWF.Core.Serializers.SerializableList`1[[YetaWF.Core.Packages.SerializableFile, YetaWF.Core, Culture=neutral, PublicKeyToken=null]]" Assembly="YetaWF.Core">
        <Properties />
        <List />
      </Object>
    </ImageList>
  </Properties>
</Object>