﻿<?xml version="1.0" encoding="utf-8"?>
<!--YetaWF.Core.Packages.SerializableData-->
<Object Type="YetaWF.Core.Packages.SerializableData" Assembly="YetaWF.Core">
  <Properties>
    <PackageName Value="YetaWF.Text" />
    <PackageVersion Value="2.5.2" />
    <Data>
      <Object Type="YetaWF.Core.Serializers.SerializableList`1[[YetaWF.Core.Packages.SerializableModelData, YetaWF.Core, Culture=neutral, PublicKeyToken=null]]" Assembly="YetaWF.Core">
        <Properties />
        <List>
          <Value>
            <Object Type="YetaWF.Core.Packages.SerializableModelData" Assembly="YetaWF.Core">
              <Properties>
                <Class Value="TextModuleDataProvider" />
                <Chunks Value="1" />
                <Files>
                  <Object Type="YetaWF.Core.Serializers.SerializableList`1[[YetaWF.Core.Packages.SerializableFile, YetaWF.Core, Culture=neutral, PublicKeyToken=null]]" Assembly="YetaWF.Core">
                    <Properties />
                    <List>
                      <Value>
                        <Object Type="YetaWF.Core.Packages.SerializableFile" Assembly="YetaWF.Core">
                          <Properties>
                            <FileName Value="\YetaWF_Modules\afa55b5e-1ca5-43c7-b9b3-245c172e0819_Data\Images\logo_209x112.jpg" />
                            <FileDate Value="636359932493358820" />
                            <SiteSpecific Value="True" />
                          </Properties>
                        </Object>
                      </Value>
                      <Value>
                        <Object Type="YetaWF.Core.Packages.SerializableFile" Assembly="YetaWF.Core">
                          <Properties>
                            <FileName Value="\YetaWF_Modules\66d365d8-c1df-45bb-9dfb-9397722ca16f_Data\Images\logo_123x63.jpg" />
                            <FileDate Value="636359932492602139" />
                            <SiteSpecific Value="True" />
                          </Properties>
                        </Object>
                      </Value>
                    </List>
                  </Object>
                </Files>
              </Properties>
            </Object>
          </Value>
        </List>
      </Object>
    </Data>
  </Properties>
</Object>