﻿<?xml version="1.0" encoding="utf-8"?>
<!--YetaWF.Core.Serializers.SerializableList`1[YetaWF.Modules.Identity.DataProvider.LoginConfigData]-->
<Object Type="YetaWF.Core.Serializers.SerializableList`1[[YetaWF.Modules.Identity.DataProvider.LoginConfigData, YetaWF.Identity, Culture=neutral, PublicKeyToken=null]]" Assembly="YetaWF.Core">
  <Properties />
  <List>
    <Value>
      <Object Type="YetaWF.Modules.Identity.DataProvider.LoginConfigData" Assembly="YetaWF.Identity" AssemblyFull="YetaWF.Identity, Version=2.8.0.0, Culture=neutral, PublicKeyToken=null">
        <Properties>
          <Id Value="1" />
          <AllowUserRegistration Value="True" />
          <RegistrationType Value="1" />
          <SavePlainTextPassword Value="True" />
          <Captcha Value="False" />
          <CaptchaForgotPassword Value="False" />
          <VerifyNewUsers Value="False" />
          <ApproveNewUsers Value="False" />
          <NotifyAdminNewUsers Value="False" />
          <BccVerification Value="False" />
          <MaxLoginFailures Value="20" />
          <BccForgottenPassword Value="False" />
          <PersistentLogin Value="True" />
          <RegisterUrl Value="/User/Register" />
          <TwoStepAuthUrl />
          <ForgotPasswordUrl Value="/User/Forgot Password" />
          <VerificationPendingUrl />
          <ApprovalPendingUrl />
          <RejectedUrl />
          <SuspendedUrl />
          <LoggedOffUrl />
          <TwoStepAuth>
            <Object Type="YetaWF.Core.Serializers.SerializableList`1[[YetaWF.Core.Identity.Role, YetaWF.Core, Culture=neutral, PublicKeyToken=null]]" Assembly="YetaWF.Core">
              <Properties />
              <List />
            </Object>
          </TwoStepAuth>
          <UseFacebook Value="False" />
          <UseGoogle Value="False" />
          <UseMicrosoft Value="False" />
          <UseTwitter Value="False" />
        </Properties>
      </Object>
    </Value>
  </List>
</Object>