﻿<?xml version="1.0" encoding="utf-8"?>
<!--YetaWF.Core.Serializers.SerializableList`1[YetaWF.Modules.Identity.DataProvider.UserDefinition]-->
<Object Type="YetaWF.Core.Serializers.SerializableList`1[[YetaWF.Modules.Identity.DataProvider.UserDefinition, YetaWF.Identity, Culture=neutral, PublicKeyToken=null]]" Assembly="YetaWF.Core">
  <Properties />
  <List>
    <Value>
      <Object Type="YetaWF.Modules.Identity.DataProvider.UserDefinition" Assembly="YetaWF.Identity" AssemblyFull="YetaWF.Identity, Version=2.8.0.0, Culture=neutral, PublicKeyToken=null">
        <Properties>
          <UserName Value="Superuser" />
          <UserId Value="1" />
          <PasswordHash Value="AP0K4kwTnYtCCrjTZBIwLdX+1+YrMezzdPW+3fUZc0ed7xF3Bb4lWCBU7QCAA7fvyA==" />
          <PasswordPlainText Value="SuperuserPassword" />
          <Email Value="Superuser@Localhost" />
          <Comment Value="The superuser for all sites" />
          <UserStatus Value="2" />
          <VerificationCode Value="0ba8a3f1-7cb9-4b04-81f4-022481fe8a86" />
          <RegistrationIP Value="127.0.0.1" />
          <Created Value="636539661212452960" />
          <LastLoginDate Value="636539661532839222" />
          <LastLoginIP Value="::1" />
          <LastPasswordChangedDate />
          <PasswordChangeIP />
          <LastActivityDate Value="636539661532839222" />
          <LastActivityIP Value="::1" />
          <LoginFailures Value="0" />
          <SecurityStamp />
          <RolesList>
            <Object Type="YetaWF.Core.Serializers.SerializableList`1[[YetaWF.Core.Identity.Role, YetaWF.Core, Culture=neutral, PublicKeyToken=null]]" Assembly="YetaWF.Core">
              <Properties />
              <List>
                <Value>
                  <Object Type="YetaWF.Core.Identity.Role" Assembly="YetaWF.Core">
                    <Properties>
                      <RoleId Value="997" />
                    </Properties>
                  </Object>
                </Value>
              </List>
            </Object>
          </RolesList>
          <EnabledTwoStepAuthentications>
            <Object Type="YetaWF.Core.Serializers.SerializableList`1[[YetaWF.Modules.Identity.DataProvider.TwoStepDefinition, YetaWF.Identity, Culture=neutral, PublicKeyToken=null]]" Assembly="YetaWF.Core">
              <Properties />
              <List />
            </Object>
          </EnabledTwoStepAuthentications>
        </Properties>
      </Object>
    </Value>
  </List>
</Object>