﻿<?xml version="1.0" encoding="utf-8"?>
<!--YetaWF.DataProvider.ModuleDefinitionDataProvider`2+ModData[System.Guid,YetaWF.Modules.Panels.Modules.ModulePanelModule]-->
<Object Type="YetaWF.DataProvider.ModuleDefinitionDataProvider`2+ModData[[System.Guid, mscorlib, Culture=neutral, PublicKeyToken=b77a5c561934e089],[YetaWF.Modules.Panels.Modules.ModulePanelModule, YetaWF.Panels, Culture=neutral, PublicKeyToken=null]]" Assembly="YetaWF.DataProvider.ModuleDefinition" AssemblyFull="YetaWF.DataProvider.ModuleDefinition, Version=2.7.0.0, Culture=neutral, PublicKeyToken=null">
  <Properties>
    <ModList>
      <Object Type="YetaWF.Core.Serializers.SerializableList`1[[YetaWF.Modules.Panels.Modules.ModulePanelModule, YetaWF.Panels, Culture=neutral, PublicKeyToken=null]]" Assembly="YetaWF.Core">
        <Properties />
        <List>
          <Value>
            <Object Type="YetaWF.Modules.Panels.Modules.ModulePanelModule" Assembly="YetaWF.Panels" AssemblyFull="YetaWF.Panels, Version=2.7.0.0, Culture=neutral, PublicKeyToken=null">
              <Properties>
                <PanelInfo>
                  <Object Type="YetaWF.Modules.Panels.Models.PanelInfo" Assembly="YetaWF.Panels" AssemblyFull="YetaWF.Panels, Version=2.7.0.0, Culture=neutral, PublicKeyToken=null">
                    <Properties>
                      <Style Value="2" />
                      <Panels>
                        <Object Type="YetaWF.Core.Serializers.SerializableList`1[[YetaWF.Modules.Panels.Models.PanelInfo+PanelEntry, YetaWF.Panels, Culture=neutral, PublicKeyToken=null]]" Assembly="YetaWF.Core">
                          <Properties />
                          <List>
                            <Value>
                              <Object Type="YetaWF.Modules.Panels.Models.PanelInfo+PanelEntry" Assembly="YetaWF.Panels" AssemblyFull="YetaWF.Panels, Version=2.7.0.0, Culture=neutral, PublicKeyToken=null">
                                <Properties>
                                  <Module Value="2b069690-31d2-447b-a080-82aafd8df959" />
                                  <Caption>
                                    <Object Type="YetaWF.Core.Models.MultiString" Assembly="YetaWF.Core">
                                      <Properties />
                                      <Dictionary>
                                        <Key Value="en-US" />
                                        <Value Value="Status" />
                                      </Dictionary>
                                    </Object>
                                  </Caption>
                                  <ToolTip>
                                    <Object Type="YetaWF.Core.Models.MultiString" Assembly="YetaWF.Core">
                                      <Properties />
                                      <Dictionary>
                                        <Key Value="en-US" />
                                        <Value Value="Display status information for YetaWF" />
                                      </Dictionary>
                                    </Object>
                                  </ToolTip>
                                </Properties>
                              </Object>
                            </Value>
                            <Value>
                              <Object Type="YetaWF.Modules.Panels.Models.PanelInfo+PanelEntry" Assembly="YetaWF.Panels" AssemblyFull="YetaWF.Panels, Version=2.7.0.0, Culture=neutral, PublicKeyToken=null">
                                <Properties>
                                  <Module Value="6bead724-74bd-4041-a929-7be434c0b53a" />
                                  <Caption>
                                    <Object Type="YetaWF.Core.Models.MultiString" Assembly="YetaWF.Core">
                                      <Properties />
                                      <Dictionary>
                                        <Key Value="en-US" />
                                        <Value Value="Cache" />
                                      </Dictionary>
                                    </Object>
                                  </Caption>
                                  <ToolTip>
                                    <Object Type="YetaWF.Core.Models.MultiString" Assembly="YetaWF.Core">
                                      <Properties />
                                      <Dictionary>
                                        <Key Value="en-US" />
                                        <Value Value="Display cache information" />
                                      </Dictionary>
                                    </Object>
                                  </ToolTip>
                                </Properties>
                              </Object>
                            </Value>
                            <Value>
                              <Object Type="YetaWF.Modules.Panels.Models.PanelInfo+PanelEntry" Assembly="YetaWF.Panels" AssemblyFull="YetaWF.Panels, Version=2.7.0.0, Culture=neutral, PublicKeyToken=null">
                                <Properties>
                                  <Module Value="5bde0fdc-9d85-4839-b625-c77768959b9a" />
                                  <Caption>
                                    <Object Type="YetaWF.Core.Models.MultiString" Assembly="YetaWF.Core">
                                      <Properties />
                                      <Dictionary>
                                        <Key Value="en-US" />
                                        <Value Value="Session" />
                                      </Dictionary>
                                    </Object>
                                  </Caption>
                                  <ToolTip>
                                    <Object Type="YetaWF.Core.Models.MultiString" Assembly="YetaWF.Core">
                                      <Properties />
                                      <Dictionary>
                                        <Key Value="en-US" />
                                        <Value Value="Display SessionState information (HttpContext.Current.Session)" />
                                      </Dictionary>
                                    </Object>
                                  </ToolTip>
                                </Properties>
                              </Object>
                            </Value>
                            <Value>
                              <Object Type="YetaWF.Modules.Panels.Models.PanelInfo+PanelEntry" Assembly="YetaWF.Panels" AssemblyFull="YetaWF.Panels, Version=2.7.0.0, Culture=neutral, PublicKeyToken=null">
                                <Properties>
                                  <Module Value="09ff8354-c3d9-4f7b-82e7-55d5a9fe40ca" />
                                  <Caption>
                                    <Object Type="YetaWF.Core.Models.MultiString" Assembly="YetaWF.Core">
                                      <Properties />
                                      <Dictionary>
                                        <Key Value="en-US" />
                                        <Value Value="AddOns" />
                                      </Dictionary>
                                    </Object>
                                  </Caption>
                                  <ToolTip>
                                    <Object Type="YetaWF.Core.Models.MultiString" Assembly="YetaWF.Core">
                                      <Properties />
                                      <Dictionary>
                                        <Key Value="en-US" />
                                        <Value Value="Display AddOn Info" />
                                      </Dictionary>
                                    </Object>
                                  </ToolTip>
                                </Properties>
                              </Object>
                            </Value>
                            <Value>
                              <Object Type="YetaWF.Modules.Panels.Models.PanelInfo+PanelEntry" Assembly="YetaWF.Panels" AssemblyFull="YetaWF.Panels, Version=2.7.0.0, Culture=neutral, PublicKeyToken=null">
                                <Properties>
                                  <Module Value="883d6eb1-072e-47d9-848a-1d2e61b0b1be" />
                                  <Caption>
                                    <Object Type="YetaWF.Core.Models.MultiString" Assembly="YetaWF.Core">
                                      <Properties />
                                      <Dictionary>
                                        <Key Value="en-US" />
                                        <Value Value="IIS" />
                                      </Dictionary>
                                    </Object>
                                  </Caption>
                                  <ToolTip>
                                    <Object Type="YetaWF.Core.Models.MultiString" Assembly="YetaWF.Core">
                                      <Properties />
                                      <Dictionary>
                                        <Key Value="en-US" />
                                        <Value Value="Display all Http Modules (IIS Pipeline)" />
                                      </Dictionary>
                                    </Object>
                                  </ToolTip>
                                </Properties>
                              </Object>
                            </Value>
                            <Value>
                              <Object Type="YetaWF.Modules.Panels.Models.PanelInfo+PanelEntry" Assembly="YetaWF.Panels" AssemblyFull="YetaWF.Panels, Version=2.7.0.0, Culture=neutral, PublicKeyToken=null">
                                <Properties>
                                  <Module Value="b8cc8fb3-e947-426b-ba13-f4d94a02b98c" />
                                  <Caption>
                                    <Object Type="YetaWF.Core.Models.MultiString" Assembly="YetaWF.Core">
                                      <Properties />
                                      <Dictionary>
                                        <Key Value="en-US" />
                                        <Value Value="IDisposable" />
                                      </Dictionary>
                                    </Object>
                                  </Caption>
                                  <ToolTip>
                                    <Object Type="YetaWF.Core.Models.MultiString" Assembly="YetaWF.Core">
                                      <Properties />
                                      <Dictionary>
                                        <Key Value="en-US" />
                                        <Value Value="Display and manage disposable objects" />
                                      </Dictionary>
                                    </Object>
                                  </ToolTip>
                                </Properties>
                              </Object>
                            </Value>
                            <Value>
                              <Object Type="YetaWF.Modules.Panels.Models.PanelInfo+PanelEntry" Assembly="YetaWF.Panels" AssemblyFull="YetaWF.Panels, Version=2.7.0.0, Culture=neutral, PublicKeyToken=null">
                                <Properties>
                                  <Module Value="f7a16487-dfdd-4428-9c91-ba307c60efb5" />
                                  <Caption>
                                    <Object Type="YetaWF.Core.Models.MultiString" Assembly="YetaWF.Core">
                                      <Properties />
                                      <Dictionary>
                                        <Key Value="en-US" />
                                        <Value Value="Static Pages" />
                                      </Dictionary>
                                    </Object>
                                  </Caption>
                                  <ToolTip>
                                    <Object Type="YetaWF.Core.Models.MultiString" Assembly="YetaWF.Core">
                                      <Properties />
                                      <Dictionary>
                                        <Key Value="en-US" />
                                        <Value Value="Display and manage static pages" />
                                      </Dictionary>
                                    </Object>
                                  </ToolTip>
                                </Properties>
                              </Object>
                            </Value>
                          </List>
                        </Object>
                      </Panels>
                    </Properties>
                  </Object>
                </PanelInfo>
                <Name Value="Dashboard Panel" />
                <Title>
                  <Object Type="YetaWF.Core.Models.MultiString" Assembly="YetaWF.Core">
                    <Properties />
                    <Dictionary>
                      <Key Value="en-US" />
                      <Value Value="Dashboard" />
                    </Dictionary>
                  </Object>
                </Title>
                <Visible Value="True" />
                <ModuleSecurity Value="0" />
                <WantSearch Value="True" />
                <WantFocus Value="True" />
                <Description>
                  <Object Type="YetaWF.Core.Models.MultiString" Assembly="YetaWF.Core">
                    <Properties />
                    <Dictionary>
                      <Key Value="en-US" />
                      <Value Value="Module Panel - used to display multiple modules using tabs or an accordion widget" />
                    </Dictionary>
                  </Object>
                </Description>
                <ModuleGuid Value="0731fd16-2bf2-4d8a-bfb3-012c0f8fb329" />
                <DateCreated Value="636471361288825791" />
                <DateUpdated Value="636471362772560143" />
                <SkinDefinitions>
                  <Object Type="YetaWF.Core.Serializers.SerializableList`1[[YetaWF.Core.Skins.SkinDefinition, YetaWF.Core, Culture=neutral, PublicKeyToken=null]]" Assembly="YetaWF.Core">
                    <Properties />
                    <List />
                  </Object>
                </SkinDefinitions>
                <SelectedPopupSkin>
                  <Object Type="YetaWF.Core.Skins.SkinDefinition" Assembly="YetaWF.Core">
                    <Properties>
                      <Collection />
                      <FileName />
                    </Properties>
                  </Object>
                </SelectedPopupSkin>
                <CssClass />
                <BootstrapContainer Value="0" />
                <ShowTitle Value="True" />
                <ShowTitleActions Value="True" />
                <ShowHelp Value="False" />
                <Print Value="True" />
                <ShowFormButtons Value="True" />
                <AnchorId />
                <AllowedRoles>
                  <Object Type="YetaWF.Core.Serializers.SerializableList`1[[YetaWF.Core.Modules.ModuleDefinition+AllowedRole, YetaWF.Core, Culture=neutral, PublicKeyToken=null]]" Assembly="YetaWF.Core">
                    <Properties />
                    <List>
                      <Value>
                        <Object Type="YetaWF.Core.Modules.ModuleDefinition+AllowedRole" Assembly="YetaWF.Core">
                          <Properties>
                            <RoleId Value="1000" />
                            <View Value="1" />
                            <Edit Value="1" />
                            <Remove Value="1" />
                            <Extra1 Value="1" />
                            <Extra2 Value="1" />
                            <Extra3 Value="1" />
                            <Extra4 Value="1" />
                            <Extra5 Value="1" />
                          </Properties>
                        </Object>
                      </Value>
                    </List>
                  </Object>
                </AllowedRoles>
                <AllowedUsers>
                  <Object Type="YetaWF.Core.Serializers.SerializableList`1[[YetaWF.Core.Modules.ModuleDefinition+AllowedUser, YetaWF.Core, Culture=neutral, PublicKeyToken=null]]" Assembly="YetaWF.Core">
                    <Properties />
                    <List />
                  </Object>
                </AllowedUsers>
                <ReferencedModules>
                  <Object Type="YetaWF.Core.Serializers.SerializableList`1[[YetaWF.Core.Modules.ModuleDefinition+ReferencedModule, YetaWF.Core, Culture=neutral, PublicKeyToken=null]]" Assembly="YetaWF.Core">
                    <Properties />
                    <List />
                  </Object>
                </ReferencedModules>
              </Properties>
            </Object>
          </Value>
          <Value>
            <Object Type="YetaWF.Modules.Panels.Modules.ModulePanelModule" Assembly="YetaWF.Panels" AssemblyFull="YetaWF.Panels, Version=2.7.0.0, Culture=neutral, PublicKeyToken=null">
              <Properties>
                <PanelInfo>
                  <Object Type="YetaWF.Modules.Panels.Models.PanelInfo" Assembly="YetaWF.Panels" AssemblyFull="YetaWF.Panels, Version=2.7.0.0, Culture=neutral, PublicKeyToken=null">
                    <Properties>
                      <Style Value="2" />
                      <Panels>
                        <Object Type="YetaWF.Core.Serializers.SerializableList`1[[YetaWF.Modules.Panels.Models.PanelInfo+PanelEntry, YetaWF.Panels, Culture=neutral, PublicKeyToken=null]]" Assembly="YetaWF.Core">
                          <Properties />
                          <List>
                            <Value>
                              <Object Type="YetaWF.Modules.Panels.Models.PanelInfo+PanelEntry" Assembly="YetaWF.Panels" AssemblyFull="YetaWF.Panels, Version=2.7.0.0, Culture=neutral, PublicKeyToken=null">
                                <Properties>
                                  <Module Value="66d365d8-c1df-45bb-9dfb-9397722ca16f" />
                                  <Caption>
                                    <Object Type="YetaWF.Core.Models.MultiString" Assembly="YetaWF.Core">
                                      <Properties />
                                      <Dictionary>
                                        <Key Value="en-US" />
                                        <Value Value="About YetaWF" />
                                      </Dictionary>
                                    </Object>
                                  </Caption>
                                  <ToolTip>
                                    <Object Type="YetaWF.Core.Models.MultiString" Assembly="YetaWF.Core">
                                      <Properties />
                                      <Dictionary>
                                        <Key Value="en-US" />
                                        <Value Value="" />
                                      </Dictionary>
                                    </Object>
                                  </ToolTip>
                                </Properties>
                              </Object>
                            </Value>
                            <Value>
                              <Object Type="YetaWF.Modules.Panels.Models.PanelInfo+PanelEntry" Assembly="YetaWF.Panels" AssemblyFull="YetaWF.Panels, Version=2.7.0.0, Culture=neutral, PublicKeyToken=null">
                                <Properties>
                                  <Module Value="47c80477-1f25-4f9d-902c-e3d8b3a62686" />
                                  <Caption>
                                    <Object Type="YetaWF.Core.Models.MultiString" Assembly="YetaWF.Core">
                                      <Properties />
                                      <Dictionary>
                                        <Key Value="en-US" />
                                        <Value Value="Login" />
                                      </Dictionary>
                                    </Object>
                                  </Caption>
                                  <ToolTip>
                                    <Object Type="YetaWF.Core.Models.MultiString" Assembly="YetaWF.Core">
                                      <Properties />
                                      <Dictionary>
                                        <Key Value="en-US" />
                                        <Value Value="" />
                                      </Dictionary>
                                    </Object>
                                  </ToolTip>
                                </Properties>
                              </Object>
                            </Value>
                            <Value>
                              <Object Type="YetaWF.Modules.Panels.Models.PanelInfo+PanelEntry" Assembly="YetaWF.Panels" AssemblyFull="YetaWF.Panels, Version=2.7.0.0, Culture=neutral, PublicKeyToken=null">
                                <Properties>
                                  <Module Value="60e09334-3eca-466f-bdf9-9933971b0991" />
                                  <Caption>
                                    <Object Type="YetaWF.Core.Models.MultiString" Assembly="YetaWF.Core">
                                      <Properties />
                                      <Dictionary>
                                        <Key Value="en-US" />
                                        <Value Value="Register" />
                                      </Dictionary>
                                    </Object>
                                  </Caption>
                                  <ToolTip>
                                    <Object Type="YetaWF.Core.Models.MultiString" Assembly="YetaWF.Core">
                                      <Properties />
                                      <Dictionary>
                                        <Key Value="en-US" />
                                        <Value Value="" />
                                      </Dictionary>
                                    </Object>
                                  </ToolTip>
                                </Properties>
                              </Object>
                            </Value>
                          </List>
                        </Object>
                      </Panels>
                    </Properties>
                  </Object>
                </PanelInfo>
                <Name Value="Module Panel" />
                <Title>
                  <Object Type="YetaWF.Core.Models.MultiString" Assembly="YetaWF.Core">
                    <Properties />
                    <Dictionary>
                      <Key Value="en-US" />
                      <Value Value="Module Panel" />
                    </Dictionary>
                  </Object>
                </Title>
                <Visible Value="True" />
                <ModuleSecurity Value="0" />
                <WantSearch Value="True" />
                <WantFocus Value="True" />
                <Description>
                  <Object Type="YetaWF.Core.Models.MultiString" Assembly="YetaWF.Core">
                    <Properties />
                    <Dictionary>
                      <Key Value="en-US" />
                      <Value Value="Module Panel - used to display multiple modules using tabs or an accordion widget" />
                    </Dictionary>
                  </Object>
                </Description>
                <ModuleGuid Value="73e4a087-3a8b-4860-a8ec-ee2519b442f7" />
                <DateCreated Value="636471365073544263" />
                <DateUpdated Value="636471365574914639" />
                <SkinDefinitions>
                  <Object Type="YetaWF.Core.Serializers.SerializableList`1[[YetaWF.Core.Skins.SkinDefinition, YetaWF.Core, Culture=neutral, PublicKeyToken=null]]" Assembly="YetaWF.Core">
                    <Properties />
                    <List />
                  </Object>
                </SkinDefinitions>
                <SelectedPopupSkin>
                  <Object Type="YetaWF.Core.Skins.SkinDefinition" Assembly="YetaWF.Core">
                    <Properties>
                      <Collection />
                      <FileName />
                    </Properties>
                  </Object>
                </SelectedPopupSkin>
                <CssClass />
                <BootstrapContainer Value="0" />
                <ShowTitle Value="True" />
                <ShowTitleActions Value="True" />
                <ShowHelp Value="False" />
                <Print Value="True" />
                <ShowFormButtons Value="True" />
                <AnchorId />
                <AllowedRoles>
                  <Object Type="YetaWF.Core.Serializers.SerializableList`1[[YetaWF.Core.Modules.ModuleDefinition+AllowedRole, YetaWF.Core, Culture=neutral, PublicKeyToken=null]]" Assembly="YetaWF.Core">
                    <Properties />
                    <List>
                      <Value>
                        <Object Type="YetaWF.Core.Modules.ModuleDefinition+AllowedRole" Assembly="YetaWF.Core">
                          <Properties>
                            <RoleId Value="1000" />
                            <View Value="1" />
                            <Edit Value="1" />
                            <Remove Value="1" />
                            <Extra1 Value="1" />
                            <Extra2 Value="1" />
                            <Extra3 Value="1" />
                            <Extra4 Value="1" />
                            <Extra5 Value="1" />
                          </Properties>
                        </Object>
                      </Value>
                    </List>
                  </Object>
                </AllowedRoles>
                <AllowedUsers>
                  <Object Type="YetaWF.Core.Serializers.SerializableList`1[[YetaWF.Core.Modules.ModuleDefinition+AllowedUser, YetaWF.Core, Culture=neutral, PublicKeyToken=null]]" Assembly="YetaWF.Core">
                    <Properties />
                    <List />
                  </Object>
                </AllowedUsers>
                <ReferencedModules>
                  <Object Type="YetaWF.Core.Serializers.SerializableList`1[[YetaWF.Core.Modules.ModuleDefinition+ReferencedModule, YetaWF.Core, Culture=neutral, PublicKeyToken=null]]" Assembly="YetaWF.Core">
                    <Properties />
                    <List />
                  </Object>
                </ReferencedModules>
              </Properties>
            </Object>
          </Value>
          <Value>
            <Object Type="YetaWF.Modules.Panels.Modules.ModulePanelModule" Assembly="YetaWF.Panels" AssemblyFull="YetaWF.Panels, Version=2.7.0.0, Culture=neutral, PublicKeyToken=null">
              <Properties>
                <PanelInfo>
                  <Object Type="YetaWF.Modules.Panels.Models.PanelInfo" Assembly="YetaWF.Panels" AssemblyFull="YetaWF.Panels, Version=2.7.0.0, Culture=neutral, PublicKeyToken=null">
                    <Properties>
                      <Style Value="0" />
                      <Panels>
                        <Object Type="YetaWF.Core.Serializers.SerializableList`1[[YetaWF.Modules.Panels.Models.PanelInfo+PanelEntry, YetaWF.Panels, Culture=neutral, PublicKeyToken=null]]" Assembly="YetaWF.Core">
                          <Properties />
                          <List>
                            <Value>
                              <Object Type="YetaWF.Modules.Panels.Models.PanelInfo+PanelEntry" Assembly="YetaWF.Panels" AssemblyFull="YetaWF.Panels, Version=2.7.0.0, Culture=neutral, PublicKeyToken=null">
                                <Properties>
                                  <Module Value="f490deeb-ff19-4921-894b-4a81d263f97a" />
                                  <Caption>
                                    <Object Type="YetaWF.Core.Models.MultiString" Assembly="YetaWF.Core">
                                      <Properties />
                                      <Dictionary>
                                        <Key Value="en-US" />
                                        <Value Value="Login Provider" />
                                      </Dictionary>
                                    </Object>
                                  </Caption>
                                  <ToolTip>
                                    <Object Type="YetaWF.Core.Models.MultiString" Assembly="YetaWF.Core">
                                      <Properties />
                                      <Dictionary>
                                        <Key Value="en-US" />
                                        <Value Value="Manage the site's user login settings" />
                                      </Dictionary>
                                    </Object>
                                  </ToolTip>
                                </Properties>
                              </Object>
                            </Value>
                            <Value>
                              <Object Type="YetaWF.Modules.Panels.Models.PanelInfo+PanelEntry" Assembly="YetaWF.Panels" AssemblyFull="YetaWF.Panels, Version=2.7.0.0, Culture=neutral, PublicKeyToken=null">
                                <Properties>
                                  <Module Value="1633d95b-d079-4c53-a5cc-f8a2ceb08f1d" />
                                  <Caption>
                                    <Object Type="YetaWF.Core.Models.MultiString" Assembly="YetaWF.Core">
                                      <Properties />
                                      <Dictionary>
                                        <Key Value="en-US" />
                                        <Value Value="Users" />
                                      </Dictionary>
                                    </Object>
                                  </Caption>
                                  <ToolTip>
                                    <Object Type="YetaWF.Core.Models.MultiString" Assembly="YetaWF.Core">
                                      <Properties />
                                      <Dictionary>
                                        <Key Value="en-US" />
                                        <Value Value="Display and manage users" />
                                      </Dictionary>
                                    </Object>
                                  </ToolTip>
                                </Properties>
                              </Object>
                            </Value>
                            <Value>
                              <Object Type="YetaWF.Modules.Panels.Models.PanelInfo+PanelEntry" Assembly="YetaWF.Panels" AssemblyFull="YetaWF.Panels, Version=2.7.0.0, Culture=neutral, PublicKeyToken=null">
                                <Properties>
                                  <Module Value="d1968a16-0777-4567-8d1f-45be74b07b4c" />
                                  <Caption>
                                    <Object Type="YetaWF.Core.Models.MultiString" Assembly="YetaWF.Core">
                                      <Properties />
                                      <Dictionary>
                                        <Key Value="en-US" />
                                        <Value Value="Roles" />
                                      </Dictionary>
                                    </Object>
                                  </Caption>
                                  <ToolTip>
                                    <Object Type="YetaWF.Core.Models.MultiString" Assembly="YetaWF.Core">
                                      <Properties />
                                      <Dictionary>
                                        <Key Value="en-US" />
                                        <Value Value="Display and manage roles" />
                                      </Dictionary>
                                    </Object>
                                  </ToolTip>
                                </Properties>
                              </Object>
                            </Value>
                            <Value>
                              <Object Type="YetaWF.Modules.Panels.Models.PanelInfo+PanelEntry" Assembly="YetaWF.Panels" AssemblyFull="YetaWF.Panels, Version=2.7.0.0, Culture=neutral, PublicKeyToken=null">
                                <Properties>
                                  <Module Value="1720dc68-2ac5-4ab1-90e0-10a01d139daf" />
                                  <Caption>
                                    <Object Type="YetaWF.Core.Models.MultiString" Assembly="YetaWF.Core">
                                      <Properties />
                                      <Dictionary>
                                        <Key Value="en-US" />
                                        <Value Value="Resources" />
                                      </Dictionary>
                                    </Object>
                                  </Caption>
                                  <ToolTip>
                                    <Object Type="YetaWF.Core.Models.MultiString" Assembly="YetaWF.Core">
                                      <Properties />
                                      <Dictionary>
                                        <Key Value="en-US" />
                                        <Value Value="Display and manage resources (used for authorization)" />
                                      </Dictionary>
                                    </Object>
                                  </ToolTip>
                                </Properties>
                              </Object>
                            </Value>
                          </List>
                        </Object>
                      </Panels>
                    </Properties>
                  </Object>
                </PanelInfo>
                <Name Value="Identity Module Panel" />
                <Title>
                  <Object Type="YetaWF.Core.Models.MultiString" Assembly="YetaWF.Core">
                    <Properties />
                    <Dictionary>
                      <Key Value="en-US" />
                      <Value Value="Identity Settings" />
                    </Dictionary>
                  </Object>
                </Title>
                <Visible Value="True" />
                <ModuleSecurity Value="0" />
                <WantSearch Value="True" />
                <WantFocus Value="True" />
                <Description>
                  <Object Type="YetaWF.Core.Models.MultiString" Assembly="YetaWF.Core">
                    <Properties />
                    <Dictionary>
                      <Key Value="en-US" />
                      <Value Value="Module Panel - used to display multiple modules using tabs or an accordion widget" />
                    </Dictionary>
                  </Object>
                </Description>
                <ModuleGuid Value="74b6f776-977c-4886-848e-8080e054dc9a" />
                <DateCreated Value="636471363308390877" />
                <DateUpdated Value="636471364077524702" />
                <SkinDefinitions>
                  <Object Type="YetaWF.Core.Serializers.SerializableList`1[[YetaWF.Core.Skins.SkinDefinition, YetaWF.Core, Culture=neutral, PublicKeyToken=null]]" Assembly="YetaWF.Core">
                    <Properties />
                    <List />
                  </Object>
                </SkinDefinitions>
                <SelectedPopupSkin>
                  <Object Type="YetaWF.Core.Skins.SkinDefinition" Assembly="YetaWF.Core">
                    <Properties>
                      <Collection />
                      <FileName />
                    </Properties>
                  </Object>
                </SelectedPopupSkin>
                <CssClass />
                <BootstrapContainer Value="0" />
                <ShowTitle Value="True" />
                <ShowTitleActions Value="True" />
                <ShowHelp Value="False" />
                <Print Value="True" />
                <ShowFormButtons Value="True" />
                <AnchorId />
                <AllowedRoles>
                  <Object Type="YetaWF.Core.Serializers.SerializableList`1[[YetaWF.Core.Modules.ModuleDefinition+AllowedRole, YetaWF.Core, Culture=neutral, PublicKeyToken=null]]" Assembly="YetaWF.Core">
                    <Properties />
                    <List>
                      <Value>
                        <Object Type="YetaWF.Core.Modules.ModuleDefinition+AllowedRole" Assembly="YetaWF.Core">
                          <Properties>
                            <RoleId Value="1000" />
                            <View Value="1" />
                            <Edit Value="1" />
                            <Remove Value="1" />
                            <Extra1 Value="1" />
                            <Extra2 Value="1" />
                            <Extra3 Value="1" />
                            <Extra4 Value="1" />
                            <Extra5 Value="1" />
                          </Properties>
                        </Object>
                      </Value>
                    </List>
                  </Object>
                </AllowedRoles>
                <AllowedUsers>
                  <Object Type="YetaWF.Core.Serializers.SerializableList`1[[YetaWF.Core.Modules.ModuleDefinition+AllowedUser, YetaWF.Core, Culture=neutral, PublicKeyToken=null]]" Assembly="YetaWF.Core">
                    <Properties />
                    <List />
                  </Object>
                </AllowedUsers>
                <ReferencedModules>
                  <Object Type="YetaWF.Core.Serializers.SerializableList`1[[YetaWF.Core.Modules.ModuleDefinition+ReferencedModule, YetaWF.Core, Culture=neutral, PublicKeyToken=null]]" Assembly="YetaWF.Core">
                    <Properties />
                    <List />
                  </Object>
                </ReferencedModules>
              </Properties>
            </Object>
          </Value>
        </List>
      </Object>
    </ModList>
    <ImageList>
      <Object Type="YetaWF.Core.Serializers.SerializableList`1[[YetaWF.Core.Packages.SerializableFile, YetaWF.Core, Culture=neutral, PublicKeyToken=null]]" Assembly="YetaWF.Core">
        <Properties />
        <List />
      </Object>
    </ImageList>
  </Properties>
</Object>