[
  {
    "AddUrl": null,
    "Name": "Sites",
    "Title": {
      "en-US": "Sites"
    },
    "Visible": true,
    "ModuleSecurity": 0,
    "WantSearch": true,
    "WantFocus": true,
    "Description": {
      "en-US": "Displays and manages sites"
    },
    "ModuleGuid": "6a3d60fa-02d5-496f-97e2-c0ea60dae4da",
    "DateCreated": "2018-04-16T10:32:44.5096534",
    "DateUpdated": "2018-04-16T10:32:44.5136559",
    "SkinDefinitions": [
      {
        "Collection": "YetaWF/BootstrapSample/BootstrapSkin",
        "FileName": "modStandard"
      },
      {
        "Collection": "YetaWF/BusinessCasualSkin/BusinessCasual",
        "FileName": "modStandard"
      },
      {
        "Collection": "YetaWF/DefaultSkin/DefaultSkin",
        "FileName": "modStandard"
      },
      {
        "Collection": "YetaWF/Core/Standard",
        "FileName": "modStandard"
      }
    ],
    "SelectedPopupSkin": {
      "Collection": null,
      "FileName": "Popup.cshtml"
    },
    "CssClass": null,
    "TempPageCssClass": null,
    "_SuppressPartialFormCss": false,
    "ShowTitle": true,
    "ShowTitleActions": false,
    "ShowHelp": false,
    "Print": true,
    "ShowFormButtons": true,
    "AnchorId": null,
    "AllowedRoles": [
      {
        "RoleId": 1000,
        "View": 0,
        "Edit": 0,
        "Remove": 0,
        "Extra1": 0,
        "Extra2": 0,
        "Extra3": 0,
        "Extra4": 0,
        "Extra5": 0
      },
      {
        "RoleId": 999,
        "View": 0,
        "Edit": 0,
        "Remove": 0,
        "Extra1": 0,
        "Extra2": 0,
        "Extra3": 0,
        "Extra4": 0,
        "Extra5": 0
      },
      {
        "RoleId": 1001,
        "View": 0,
        "Edit": 0,
        "Remove": 0,
        "Extra1": 0,
        "Extra2": 0,
        "Extra3": 0,
        "Extra4": 0,
        "Extra5": 0
      },
      {
        "RoleId": 997,
        "View": 0,
        "Edit": 0,
        "Remove": 0,
        "Extra1": 0,
        "Extra2": 0,
        "Extra3": 0,
        "Extra4": 0,
        "Extra5": 0
      },
      {
        "RoleId": 998,
        "View": 0,
        "Edit": 0,
        "Remove": 0,
        "Extra1": 0,
        "Extra2": 0,
        "Extra3": 0,
        "Extra4": 0,
        "Extra5": 0
      },
      {
        "RoleId": 996,
        "View": 0,
        "Edit": 0,
        "Remove": 0,
        "Extra1": 0,
        "Extra2": 0,
        "Extra3": 0,
        "Extra4": 0,
        "Extra5": 0
      }
    ],
    "AllowedUsers": [],
    "ReferencedModules": []
  }
]