[
  {
    "DefaultSubject": null,
    "DefaultMessage": null,
    "Name": "Send Feedback",
    "Title": {
      "en-US": "Send Feedback"
    },
    "Visible": true,
    "ModuleSecurity": 0,
    "WantSearch": true,
    "WantFocus": true,
    "Description": {
      "en-US": "User/site feedback"
    },
    "ModuleGuid": "926bd1bc-1735-4300-a3c1-db6e465fd110",
    "DateCreated": "2015-04-02T16:32:03.9216047",
    "DateUpdated": "2018-04-16T00:58:15.4388608",
    "SkinDefinitions": [],
    "SelectedPopupSkin": {
      "Collection": null,
      "FileName": null
    },
    "CssClass": null,
    "TempPageCssClass": null,
    "_SuppressPartialFormCss": false,
    "ShowTitle": true,
    "ShowTitleActions": false,
    "ShowHelp": false,
    "Print": false,
    "ShowFormButtons": true,
    "AnchorId": null,
    "AllowedRoles": [
      {
        "RoleId": 1000,
        "View": 1,
        "Edit": 1,
        "Remove": 1,
        "Extra1": 1,
        "Extra2": 1,
        "Extra3": 1,
        "Extra4": 1,
        "Extra5": 1
      }
    ],
    "AllowedUsers": [],
    "ReferencedModules": []
  },
  {
    "DefaultSubject": null,
    "DefaultMessage": null,
    "Name": "Send Feedback",
    "Title": {
      "en-US": "Send Feedback"
    },
    "Visible": true,
    "ModuleSecurity": 0,
    "WantSearch": true,
    "WantFocus": true,
    "Description": {
      "en-US": "User/site feedback"
    },
    "ModuleGuid": "d67659fa-fcb2-428e-9c4b-8ab1f81c2f40",
    "DateCreated": "2017-11-24T15:37:47.7607185",
    "DateUpdated": "2018-04-16T00:58:17.5655353",
    "SkinDefinitions": [],
    "SelectedPopupSkin": {
      "Collection": null,
      "FileName": null
    },
    "CssClass": null,
    "TempPageCssClass": null,
    "_SuppressPartialFormCss": false,
    "ShowTitle": true,
    "ShowTitleActions": true,
    "ShowHelp": false,
    "Print": false,
    "ShowFormButtons": true,
    "AnchorId": null,
    "AllowedRoles": [
      {
        "RoleId": 1000,
        "View": 1,
        "Edit": 1,
        "Remove": 1,
        "Extra1": 1,
        "Extra2": 1,
        "Extra3": 1,
        "Extra4": 1,
        "Extra5": 1
      }
    ],
    "AllowedUsers": [],
    "ReferencedModules": []
  }
]