﻿<?xml version="1.0" encoding="utf-8"?>
<!--YetaWF.DataProvider.ModuleDefinitionDataProvider`2+ModData[System.Guid,YetaWF.Modules.TinyLanguage.Modules.TinyLanguageModule]-->
<Object Type="YetaWF.DataProvider.ModuleDefinitionDataProvider`2+ModData[[System.Guid, mscorlib, Culture=neutral, PublicKeyToken=b77a5c561934e089],[YetaWF.Modules.TinyLanguage.Modules.TinyLanguageModule, YetaWF.TinyLanguage, Culture=neutral, PublicKeyToken=null]]" Assembly="YetaWF.DataProvider.ModuleDefinition" AssemblyFull="YetaWF.DataProvider.ModuleDefinition, Version=2.5.2.0, Culture=neutral, PublicKeyToken=null">
  <Properties>
    <ModList>
      <Object Type="YetaWF.Core.Serializers.SerializableList`1[[YetaWF.Modules.TinyLanguage.Modules.TinyLanguageModule, YetaWF.TinyLanguage, Culture=neutral, PublicKeyToken=null]]" Assembly="YetaWF.Core">
        <Properties />
        <List>
          <Value>
            <Object Type="YetaWF.Modules.TinyLanguage.Modules.TinyLanguageModule" Assembly="YetaWF.TinyLanguage" AssemblyFull="YetaWF.TinyLanguage, Version=2.5.2.0, Culture=neutral, PublicKeyToken=null">
              <Properties>
                <Name Value="Tiny Language (Skin)" />
                <Title>
                  <Object Type="YetaWF.Core.Models.MultiString" Assembly="YetaWF.Core">
                    <Properties />
                    <Dictionary>
                      <Key Value="en-US" />
                      <Value Value="(untitled)" />
                    </Dictionary>
                  </Object>
                </Title>
                <Visible Value="True" />
                <ModuleSecurity Value="0" />
                <WantSearch Value="False" />
                <WantFocus Value="False" />
                <Description>
                  <Object Type="YetaWF.Core.Models.MultiString" Assembly="YetaWF.Core">
                    <Properties />
                    <Dictionary>
                      <Key Value="en-US" />
                      <Value Value="Selects a user's language" />
                    </Dictionary>
                  </Object>
                </Description>
                <ModuleGuid Value="e24356d7-9f90-42e6-a370-ecdb36fd34f5" />
                <DateCreated Value="635819073612796049" />
                <DateUpdated Value="636073344958072666" />
                <SkinDefinitions>
                  <Object Type="YetaWF.Core.Serializers.SerializableList`1[[YetaWF.Core.Skins.SkinDefinition, YetaWF.Core, Culture=neutral, PublicKeyToken=null]]" Assembly="YetaWF.Core">
                    <Properties />
                    <List>
                      <Value>
                        <Object Type="YetaWF.Core.Skins.SkinDefinition" Assembly="YetaWF.Core">
                          <Properties>
                            <Collection />
                            <FileName />
                          </Properties>
                        </Object>
                      </Value>
                      <Value>
                        <Object Type="YetaWF.Core.Skins.SkinDefinition" Assembly="YetaWF.Core">
                          <Properties>
                            <Collection />
                            <FileName />
                          </Properties>
                        </Object>
                      </Value>
                      <Value>
                        <Object Type="YetaWF.Core.Skins.SkinDefinition" Assembly="YetaWF.Core">
                          <Properties>
                            <Collection />
                            <FileName />
                          </Properties>
                        </Object>
                      </Value>
                      <Value>
                        <Object Type="YetaWF.Core.Skins.SkinDefinition" Assembly="YetaWF.Core">
                          <Properties>
                            <Collection />
                            <FileName />
                          </Properties>
                        </Object>
                      </Value>
                      <Value>
                        <Object Type="YetaWF.Core.Skins.SkinDefinition" Assembly="YetaWF.Core">
                          <Properties>
                            <Collection />
                            <FileName />
                          </Properties>
                        </Object>
                      </Value>
                      <Value>
                        <Object Type="YetaWF.Core.Skins.SkinDefinition" Assembly="YetaWF.Core">
                          <Properties>
                            <Collection />
                            <FileName />
                          </Properties>
                        </Object>
                      </Value>
                      <Value>
                        <Object Type="YetaWF.Core.Skins.SkinDefinition" Assembly="YetaWF.Core">
                          <Properties>
                            <Collection />
                            <FileName />
                          </Properties>
                        </Object>
                      </Value>
                    </List>
                  </Object>
                </SkinDefinitions>
                <SelectedPopupSkin>
                  <Object Type="YetaWF.Core.Skins.SkinDefinition" Assembly="YetaWF.Core">
                    <Properties>
                      <Collection />
                      <FileName />
                    </Properties>
                  </Object>
                </SelectedPopupSkin>
                <CssClass Value="skinTinyLanguage navbar-form" />
                <BootstrapContainer Value="0" />
                <ShowTitle Value="False" />
                <ShowTitleActions Value="False" />
                <ShowHelp Value="False" />
                <Print Value="False" />
                <ShowFormButtons Value="True" />
                <AnchorId />
                <AllowedRoles>
                  <Object Type="YetaWF.Core.Serializers.SerializableList`1[[YetaWF.Core.Modules.ModuleDefinition+AllowedRole, YetaWF.Core, Culture=neutral, PublicKeyToken=null]]" Assembly="YetaWF.Core">
                    <Properties />
                    <List>
                      <Value>
                        <Object Type="YetaWF.Core.Modules.ModuleDefinition+AllowedRole" Assembly="YetaWF.Core">
                          <Properties>
                            <RoleId Value="999" />
                            <View Value="1" />
                            <Edit Value="0" />
                            <Remove Value="0" />
                            <Extra1 Value="0" />
                            <Extra2 Value="0" />
                            <Extra3 Value="0" />
                            <Extra4 Value="0" />
                            <Extra5 Value="0" />
                          </Properties>
                        </Object>
                      </Value>
                      <Value>
                        <Object Type="YetaWF.Core.Modules.ModuleDefinition+AllowedRole" Assembly="YetaWF.Core">
                          <Properties>
                            <RoleId Value="998" />
                            <View Value="1" />
                            <Edit Value="0" />
                            <Remove Value="0" />
                            <Extra1 Value="0" />
                            <Extra2 Value="0" />
                            <Extra3 Value="0" />
                            <Extra4 Value="0" />
                            <Extra5 Value="0" />
                          </Properties>
                        </Object>
                      </Value>
                      <Value>
                        <Object Type="YetaWF.Core.Modules.ModuleDefinition+AllowedRole" Assembly="YetaWF.Core">
                          <Properties>
                            <RoleId Value="1089" />
                            <View Value="1" />
                            <Edit Value="1" />
                            <Remove Value="1" />
                            <Extra1 Value="1" />
                            <Extra2 Value="1" />
                            <Extra3 Value="1" />
                            <Extra4 Value="1" />
                            <Extra5 Value="1" />
                          </Properties>
                        </Object>
                      </Value>
                    </List>
                  </Object>
                </AllowedRoles>
                <AllowedUsers>
                  <Object Type="YetaWF.Core.Serializers.SerializableList`1[[YetaWF.Core.Modules.ModuleDefinition+AllowedUser, YetaWF.Core, Culture=neutral, PublicKeyToken=null]]" Assembly="YetaWF.Core">
                    <Properties />
                    <List />
                  </Object>
                </AllowedUsers>
                <ReferencedModules>
                  <Object Type="YetaWF.Core.Serializers.SerializableList`1[[YetaWF.Core.Modules.ModuleDefinition+ReferencedModule, YetaWF.Core, Culture=neutral, PublicKeyToken=null]]" Assembly="YetaWF.Core">
                    <Properties />
                    <List />
                  </Object>
                </ReferencedModules>
              </Properties>
            </Object>
          </Value>
        </List>
      </Object>
    </ModList>
    <ImageList>
      <Object Type="YetaWF.Core.Serializers.SerializableList`1[[YetaWF.Core.Packages.SerializableFile, YetaWF.Core, Culture=neutral, PublicKeyToken=null]]" Assembly="YetaWF.Core">
        <Properties />
        <List />
      </Object>
    </ImageList>
  </Properties>
</Object>