{
  "$type": "YetaWF.Core.Serializers.SerializableList`1[[YetaWF.Core.Site.SiteDefinition, YetaWF.Core]], YetaWF.Core",
  "$values": [
    {
      "$type": "YetaWF.Core.Site.SiteDefinition, YetaWF.Core",
      "Identity": 1000,
      "SiteDomain": "YetaWFDist4",
      "SiteTestDomain": null,
      "SiteName": "YetaWFDist4",
      "EnforceSiteUrl": false,
      "PageSecurity": 0,
      "EnforceSitePort": false,
      "PortNumber": 80,
      "PortNumberSSL": 443,
      "Localization": true,
      "DefaultLanguageId": "en-US",
      "AllowAnonymousUsers": true,
      "Locked": false,
      "LockedForIP": null,
      "LockedExternalForIP": null,
      "LockedUrl": "/Maintenance/Offline For Maintenance.html",
      "AllowPopups": true,
      "CssNoTooltips": "linkpreview-show peelback",
      "FavIcon_Data": {
        "$type": "System.Byte[], mscorlib",
        "$value": ""
      },
      "FavIconLrg_Data": {
        "$type": "System.Byte[], mscorlib",
        "$value": ""
      },
      "Country": "United States",
      "TimeZone": null,
      "Currency": "USD",
      "CurrencyFormat": "$ #,0.00",
      "CurrencyDecimals": 2,
      "StaticPages": false,
      "AllowCacheUse": true,
      "Compression": true,
      "CompressCSSFiles": true,
      "BundleCSSFiles": true,
      "CssLocation": 1,
      "CompressJSFiles": true,
      "BundleJSFiles": true,
      "JSLocation": 1,
      "DisableMinimizeFUOC": false,
      "IFrameUse": 0,
      "Copyright": "YetaWF.com - © Copyright <<Year>> Softel vdm, Inc.",
      "UseCDNComponents": false,
      "UseCDN": false,
      "CDNUrl": null,
      "CDNUrlSecure": null,
      "StaticDomain": null,
      "EmailDebug": false,
      "AdminEmail": "youremail@YetaWFDist4",
      "SMTP": {
        "$type": "YetaWF.Core.SendEmail.SMTPServer, YetaWF.Core",
        "Server": "mail.YetaWFDist4",
        "Port": 25,
        "Authentication": 1,
        "UserName": "youremail@YetaWFDist4",
        "Password": "somepassword",
        "SSL": false
      },
      "HomePageUrl": "/",
      "NotFoundUrl": "/Errors/404",
      "MobileSiteUrl": null,
      "UnsupportedBrowserUrl": "/Maintenance/Unsupported Browser.html",
      "LoginUrl": "/User/Login",
      "PostLoginUrl": null,
      "ExternalAccountSetupUrl": "/User/Setup External Account",
      "ReferencedModules": {
        "$type": "YetaWF.Core.Serializers.SerializableList`1[[YetaWF.Core.Modules.ModuleDefinition+ReferencedModule, YetaWF.Core]], YetaWF.Core",
        "$values": []
      },
      "SelectedSkin": {
        "$type": "YetaWF.Core.Skins.SkinDefinition, YetaWF.Core",
        "Collection": "YetaWF/DefaultSkin/DefaultSkin",
        "FileName": "Default"
      },
      "SelectedPopupSkin": {
        "$type": "YetaWF.Core.Skins.SkinDefinition, YetaWF.Core",
        "Collection": "YetaWF/DefaultSkin/DefaultSkin",
        "FileName": "Popup"
      },
      "FormErrorsImmed": false,
      "BootstrapSkin": "Bootstrap Default",
      "jQueryUISkin": "Start",
      "KendoUISkin": "Blue Opal",
      "TabStyle": 0,
      "PublicKey": "<RSAKeyValue><Modulus>w9oqJagXbqC9xECBNJhDlSuB9kPzAmFG3FOfi2WzeBxEN5FgGLRo61gflSPDgSnci0jbbM1MujbFavuJEWLVyz2wpnTUu7dSRl8gprRH1sVKoDrSxQKtRK/oSrw2pU5GrR708dt7uTbTxQiqhNYE/J+DfkNkVUCcGYlGtmyayek=</Modulus><Exponent>AQAB</Exponent></RSAKeyValue>",
      "PrivateKey": "<RSAKeyValue><Modulus>w9oqJagXbqC9xECBNJhDlSuB9kPzAmFG3FOfi2WzeBxEN5FgGLRo61gflSPDgSnci0jbbM1MujbFavuJEWLVyz2wpnTUu7dSRl8gprRH1sVKoDrSxQKtRK/oSrw2pU5GrR708dt7uTbTxQiqhNYE/J+DfkNkVUCcGYlGtmyayek=</Modulus><Exponent>AQAB</Exponent><P>9xTQNh8qTcE94YcMfqj27zeJ2px4UReYD0t19VcGCqMLpOIYlwpJbmE6kbD8B/veyFwqmBFvFVlz9hCwx53D8w==</P><Q>yuv2VMXNQBMW012+TMRPdyG1InH7l6sf5ChapuWQFVE1OHFp6qE3vcKZZzTAY3L86rVx1TqgXN7MwYALPtbdsw==</Q><DP>OgOtD8gpirBA819eU68gq/KCb84lggTkM1Mokz6nsH+wEDr2QyCrNTunIOZJhyZgnPLnHWWai4zBaZlpqLUmeQ==</DP><DQ>M4zYSlbpupJe5RlWg9gHPAODKZn9SV1+v46E4QtGnDPCKnGdb66/I2TxZaegDGOk3tdzcLDxFka/i5TExpT9Qw==</DQ><InverseQ>0ECmY0pL96ljJ5E3lvydd/elSWvuFQwQYtstAX/11WeQ8cYX87Dh/ZzVyRhawGskkIzmn/5+mzmjzs4+NRvMdQ==</InverseQ><D>o/BYW1EK3DV842vDO41A9PqIPOW/4nwe3oq4/+xPf/jZOVJdCBDryiPnu+VF3zZ1P7nqwnZPBYiXU+fdYkpC/fakz194rdC1dbaziG6vlS2EC4uyatiwtsGBFkDyBgcWQzvkr9qUKnT3tWcnp0NhC4ogAZQ+mSAb///6vfEHe6k=</D></RSAKeyValue>",
      "Analytics": null,
      "AnalyticsContent": null,
      "GoogleVerification": null,
      "ExtraHead": null,
      "ExtraBodyTop": null,
      "ExtraBodyBottom": null,
      "UseGeoLocation": false,
      "SiteMetaTags": null,
      "PageMetaTags": null,
      "SiteMapPriority": 50,
      "DefaultChangeFrequency": 4
    }
  ]
}