[
  {
    "CompleteContents": {
      "en-US": "The page ear is located in the upper right corner of this page.<br />\r\nYou can customize the images and the Url where the visitor is redirected by switching to Site Edit Mode. Once switched, the page ear settings can be edited (Module Settings, located below this module in Site Edit Mode).<br />\r\n<br />\r\n&nbsp;"
    },
    "EditOnPage": true,
    "Feed": false,
    "FeedTitle": null,
    "FeedSummary": null,
    "FeedMainUrl": null,
    "FeedDetailUrl": null,
    "FeedPublishDate": null,
    "FeedUpdateDate": null,
    "FeedImage_Data": "",
    "Name": "Page Ear Explanation",
    "Title": {
      "en-US": "Page Ear"
    },
    "Visible": true,
    "ModuleSecurity": 0,
    "WantSearch": true,
    "WantFocus": true,
    "Description": {
      "en-US": "Display user editable text contents"
    },
    "ModuleGuid": "110dbc7b-07e9-4492-95fc-b30aec7152d8",
    "DateCreated": "2016-08-21T00:07:20.0201408",
    "DateUpdated": "2018-04-16T00:58:10.1358567",
    "SkinDefinitions": [
      {
        "Collection": "YetaWF/BootstrapSample/BootstrapSkin",
        "FileName": "modStandard"
      },
      {
        "Collection": "Softelvdm/LinkCheckerSkin/LinkCheckerSkin",
        "FileName": "modStandard"
      },
      {
        "Collection": "Softelvdm/MainSkin/Main",
        "FileName": "modStandard"
      },
      {
        "Collection": "Mikevdm/MikevdmSkin/Mikevdm",
        "FileName": "modStandard"
      },
      {
        "Collection": "YetaWF/SimpleSkin/Simple",
        "FileName": "modStandard"
      },
      {
        "Collection": "YetaWF/Core/Standard",
        "FileName": "modStandard"
      },
      {
        "Collection": "YetaWF/YetaWFSkin/YetaWFSkin",
        "FileName": "modStandard"
      },
      {
        "Collection": "Softelvdm/YetaWF2Skin/YetaWF2",
        "FileName": "modStandard"
      }
    ],
    "SelectedPopupSkin": {
      "Collection": null,
      "FileName": "Popup.cshtml"
    },
    "CssClass": null,
    "TempPageCssClass": null,
    "_SuppressPartialFormCss": false,
    "ShowTitle": true,
    "ShowTitleActions": false,
    "ShowHelp": false,
    "Print": true,
    "ShowFormButtons": true,
    "AnchorId": null,
    "AllowedRoles": [
      {
        "RoleId": 1001,
        "View": 1,
        "Edit": 1,
        "Remove": 0,
        "Extra1": 0,
        "Extra2": 0,
        "Extra3": 0,
        "Extra4": 0,
        "Extra5": 0
      },
      {
        "RoleId": 1000,
        "View": 1,
        "Edit": 1,
        "Remove": 1,
        "Extra1": 1,
        "Extra2": 1,
        "Extra3": 1,
        "Extra4": 1,
        "Extra5": 1
      }
    ],
    "AllowedUsers": [],
    "ReferencedModules": []
  },
  {
    "CompleteContents": {
      "en-US": "<p>Unsupported Browser</p>\r\n"
    },
    "EditOnPage": true,
    "Feed": false,
    "FeedTitle": null,
    "FeedSummary": null,
    "FeedMainUrl": null,
    "FeedDetailUrl": null,
    "FeedPublishDate": "2015-04-02T00:00:00",
    "FeedUpdateDate": "2015-04-02T00:00:00",
    "FeedImage_Data": "",
    "Name": "Unsupported Browser",
    "Title": {
      "en-US": "Unsupported Browser"
    },
    "Visible": true,
    "ModuleSecurity": 0,
    "WantSearch": true,
    "WantFocus": true,
    "Description": {
      "en-US": "Display user editable text contents"
    },
    "ModuleGuid": "1ffd1a66-b48c-4eab-a599-698b91bddc7a",
    "DateCreated": "2016-08-21T00:09:19.2051649",
    "DateUpdated": "2018-04-16T00:58:10.662071",
    "SkinDefinitions": [
      {
        "Collection": "YetaWF/BootstrapSample/BootstrapSkin",
        "FileName": "modStandard"
      },
      {
        "Collection": "Softelvdm/LinkCheckerSkin/LinkCheckerSkin",
        "FileName": "modStandard"
      },
      {
        "Collection": "Softelvdm/MainSkin/Main",
        "FileName": "modStandard"
      },
      {
        "Collection": "Mikevdm/MikevdmSkin/Mikevdm",
        "FileName": "modStandard"
      },
      {
        "Collection": "YetaWF/SimpleSkin/Simple",
        "FileName": "modStandard"
      },
      {
        "Collection": "YetaWF/Core/Standard",
        "FileName": "modStandard"
      },
      {
        "Collection": "YetaWF/YetaWFSkin/YetaWFSkin",
        "FileName": "modStandard"
      },
      {
        "Collection": "Softelvdm/YetaWF2Skin/YetaWF2",
        "FileName": "modStandard"
      }
    ],
    "SelectedPopupSkin": {
      "Collection": null,
      "FileName": "Popup.cshtml"
    },
    "CssClass": null,
    "TempPageCssClass": null,
    "_SuppressPartialFormCss": false,
    "ShowTitle": true,
    "ShowTitleActions": false,
    "ShowHelp": false,
    "Print": true,
    "ShowFormButtons": true,
    "AnchorId": null,
    "AllowedRoles": [
      {
        "RoleId": 1001,
        "View": 1,
        "Edit": 1,
        "Remove": 0,
        "Extra1": 0,
        "Extra2": 0,
        "Extra3": 0,
        "Extra4": 0,
        "Extra5": 0
      },
      {
        "RoleId": 1000,
        "View": 1,
        "Edit": 1,
        "Remove": 1,
        "Extra1": 1,
        "Extra2": 1,
        "Extra3": 1,
        "Extra4": 1,
        "Extra5": 1
      }
    ],
    "AllowedUsers": [],
    "ReferencedModules": []
  },
  {
    "CompleteContents": {
      "en-US": "<a class=\"YGenMailTo\" data-domain=\"softelvdm.com\" data-name=\"sales\">(email)</a><br />\r\n<a class=\"YGenMailTo\" data-domain=\"softelvdm.com\" data-name=\"support\">(email)</a>\r\n<p><strong>Softel vdm, Inc.</strong><br />\r\n5401 S Kirkman Rd, Suite 310<br />\r\nOrlando, FL 32819</p>\r\n\r\n<p>(941) 505-8600<br />\r\nFAX (941) 882-1800</p>\r\n"
    },
    "EditOnPage": true,
    "Feed": false,
    "FeedTitle": null,
    "FeedSummary": null,
    "FeedMainUrl": null,
    "FeedDetailUrl": null,
    "FeedPublishDate": "2015-04-03T00:00:00",
    "FeedUpdateDate": "2015-04-03T00:00:00",
    "FeedImage_Data": "",
    "Name": "Contact",
    "Title": {
      "en-US": "YetaWF Contact"
    },
    "Visible": true,
    "ModuleSecurity": 0,
    "WantSearch": true,
    "WantFocus": true,
    "Description": {
      "en-US": "Displays user editable text contents"
    },
    "ModuleGuid": "31a363ea-d060-48f6-9c34-4f2e0db381cc",
    "DateCreated": "2018-04-16T01:00:32.0317523",
    "DateUpdated": "2018-05-06T19:22:54.6050931",
    "SkinDefinitions": [
      {
        "Collection": "YetaWF/BootstrapSample/BootstrapSkin",
        "FileName": "modStandard"
      },
      {
        "Collection": "YetaWF/BusinessCasualSkin/BusinessCasual",
        "FileName": "modStandard"
      },
      {
        "Collection": "YetaWF/DefaultSkin/DefaultSkin",
        "FileName": "modStandard"
      },
      {
        "Collection": "YetaWF/Core/Standard",
        "FileName": "modStandard"
      }
    ],
    "SelectedPopupSkin": {
      "Collection": null,
      "FileName": "Popup.cshtml"
    },
    "CssClass": null,
    "TempPageCssClass": null,
    "_SuppressPartialFormCss": false,
    "ShowTitle": true,
    "ShowTitleActions": false,
    "ShowHelp": false,
    "Print": true,
    "ShowFormButtons": true,
    "AnchorId": null,
    "AllowedRoles": [
      {
        "RoleId": 1000,
        "View": 1,
        "Edit": 1,
        "Remove": 1,
        "Extra1": 0,
        "Extra2": 0,
        "Extra3": 0,
        "Extra4": 0,
        "Extra5": 0
      },
      {
        "RoleId": 999,
        "View": 1,
        "Edit": 0,
        "Remove": 0,
        "Extra1": 0,
        "Extra2": 0,
        "Extra3": 0,
        "Extra4": 0,
        "Extra5": 0
      },
      {
        "RoleId": 1001,
        "View": 1,
        "Edit": 1,
        "Remove": 0,
        "Extra1": 0,
        "Extra2": 0,
        "Extra3": 0,
        "Extra4": 0,
        "Extra5": 0
      },
      {
        "RoleId": 997,
        "View": 0,
        "Edit": 0,
        "Remove": 0,
        "Extra1": 0,
        "Extra2": 0,
        "Extra3": 0,
        "Extra4": 0,
        "Extra5": 0
      },
      {
        "RoleId": 998,
        "View": 1,
        "Edit": 0,
        "Remove": 0,
        "Extra1": 0,
        "Extra2": 0,
        "Extra3": 0,
        "Extra4": 0,
        "Extra5": 0
      },
      {
        "RoleId": 996,
        "View": 0,
        "Edit": 0,
        "Remove": 0,
        "Extra1": 0,
        "Extra2": 0,
        "Extra3": 0,
        "Extra4": 0,
        "Extra5": 0
      }
    ],
    "AllowedUsers": [],
    "ReferencedModules": [
      {
        "ModuleGuid": "749d0ca9-75e5-40b8-82e3-466a11d3b1d2"
      }
    ]
  },
  {
    "CompleteContents": {
      "en-US": "<p>Once the Alert is no longer shown, visit <a href=\"/Admin/Dashboard\">Admin &gt; Dashboard</a>, select the Session tab and click &quot;Remove Session Settings&quot;. Returning to this test page or by refreshing it, the Alert will again be displayed.</p>\r\n\r\n<p>The Alert contents can be configured using <a href=\"/Admin/Config/Alert\">Admin &gt; Configuration &gt; Alert Settings</a>.</p>\r\n"
    },
    "EditOnPage": true,
    "Feed": false,
    "FeedTitle": null,
    "FeedSummary": null,
    "FeedMainUrl": null,
    "FeedDetailUrl": null,
    "FeedPublishDate": null,
    "FeedUpdateDate": null,
    "FeedImage_Data": "",
    "Name": "Alert Test Explanation",
    "Title": {
      "en-US": "Alert Test"
    },
    "Visible": true,
    "ModuleSecurity": 0,
    "WantSearch": true,
    "WantFocus": true,
    "Description": {
      "en-US": "Displays user editable text contents"
    },
    "ModuleGuid": "461b7c45-aa1f-4ede-b23e-a5afb3e6c649",
    "DateCreated": "2016-10-09T20:42:21.5024335",
    "DateUpdated": "2018-04-16T00:58:12.1557189",
    "SkinDefinitions": [],
    "SelectedPopupSkin": {
      "Collection": null,
      "FileName": null
    },
    "CssClass": null,
    "TempPageCssClass": null,
    "_SuppressPartialFormCss": false,
    "ShowTitle": true,
    "ShowTitleActions": false,
    "ShowHelp": false,
    "Print": true,
    "ShowFormButtons": true,
    "AnchorId": null,
    "AllowedRoles": [
      {
        "RoleId": 1001,
        "View": 1,
        "Edit": 1,
        "Remove": 0,
        "Extra1": 0,
        "Extra2": 0,
        "Extra3": 0,
        "Extra4": 0,
        "Extra5": 0
      },
      {
        "RoleId": 1000,
        "View": 1,
        "Edit": 1,
        "Remove": 1,
        "Extra1": 1,
        "Extra2": 1,
        "Extra3": 1,
        "Extra4": 1,
        "Extra5": 1
      }
    ],
    "AllowedUsers": [],
    "ReferencedModules": []
  },
  {
    "CompleteContents": {
      "en-US": "<p>This is a test text module. It also uses the <a href=\"http://yetawf.com/Documentation/YetaWF?Topic=g_pk_syntaxhighlighter\" target=\"_blank\">Syntax Highlighter Package</a> for source code.</p>\r\n\r\n<p>Lorem ipsum dolor sit amet, consectetur adipiscing elit. Nulla lacinia porttitor nisi, egestas facilisis mauris facilisis vel. Fusce pulvinar ac enim et venenatis. Curabitur dolor odio, gravida vitae euismod a, tincidunt sed eros. Sed vehicula sagittis tellus, id pharetra eros pretium lobortis. Curabitur egestas erat sed sapien laoreet, nec ultrices nisi tempus. Nulla facilisi. Nam imperdiet urna quis pretium convallis.</p>\r\n\r\n<h2>highlighter.js</h2>\r\n\r\n<pre class=\"lang-csharp\">\r\nvoid Session_Start(object sender, EventArgs e) {\r\n    // Code that runs when a new session is started\r\n\r\n    // Ensure SessionID in order to prevent the following exception\r\n    // when the Application Pool Recycles\r\n    // [HttpException]: Session state has created a session id, but cannot\r\n    // \t\t\t\t   save it because the response was already flushed ...\r\n    string sessionId = Session.SessionID;\r\n}</pre>\r\n\r\n<h2>Alex Gorbatchev Syntax Highlighter</h2>\r\n\r\n<pre class=\"lang-nohighlight brush: csharp;\">\r\nvoid Session_Start(object sender, EventArgs e) {\r\n    // Code that runs when a new session is started\r\n\r\n    // Ensure SessionID in order to prevent the following exception\r\n    // when the Application Pool Recycles\r\n    // [HttpException]: Session state has created a session id, but cannot\r\n    // \t\t\t\t   save it because the response was already flushed ...\r\n    string sessionId = Session.SessionID;\r\n}</pre>\r\n\r\n<p>Sed hendrerit metus nec felis sodales viverra. Nullam dictum laoreet ligula, quis hendrerit tortor pharetra auctor. Curabitur lacinia ultrices ligula, et malesuada mauris hendrerit quis. Integer convallis nisi sit amet nulla sagittis vestibulum. Aenean auctor faucibus neque quis mollis. Nulla efficitur purus a nibh bibendum consequat. Sed id libero sit amet massa egestas fringilla. Donec porttitor felis lacus, at bibendum leo laoreet in. Nam sem lacus, faucibus sed dui sed, accumsan aliquam nulla. Cras tempus, purus eget dapibus porttitor, neque lorem interdum est, nec interdum mauris diam vitae ex. Quisque maximus justo arcu, eget lobortis arcu auctor sit amet. In hac habitasse platea dictumst. Ut ut pulvinar leo. Curabitur neque ipsum, mollis quis sapien quis, tincidunt consequat lacus.</p>\r\n\r\n<p>In justo ex, dignissim pretium eros et, tempor hendrerit nisl. Donec laoreet pharetra erat tristique lacinia. Proin sed malesuada tellus. Aliquam id mattis lectus. Nulla facilisi. Quisque pharetra ligula eget enim rhoncus blandit. Proin vel lobortis ligula, sed fermentum sem. Nulla vestibulum odio quam, et interdum nulla egestas vitae.</p>\r\n"
    },
    "EditOnPage": true,
    "Feed": false,
    "FeedTitle": null,
    "FeedSummary": null,
    "FeedMainUrl": null,
    "FeedDetailUrl": null,
    "FeedPublishDate": null,
    "FeedUpdateDate": null,
    "FeedImage_Data": "",
    "Name": "Test Text Module",
    "Title": {
      "en-US": "Test Text Module"
    },
    "Visible": true,
    "ModuleSecurity": 0,
    "WantSearch": true,
    "WantFocus": true,
    "Description": {
      "en-US": "Displays user editable text contents"
    },
    "ModuleGuid": "4b8ea550-5cc8-40a0-a08b-5ae825d55f4f",
    "DateCreated": "2017-07-09T21:04:01.2423947",
    "DateUpdated": "2018-04-16T00:58:12.3894432",
    "SkinDefinitions": [
      {
        "Collection": "YetaWF/BootstrapSample/BootstrapSkin",
        "FileName": "modStandard"
      },
      {
        "Collection": "YetaWF/BusinessCasualSkin/BusinessCasual",
        "FileName": "modStandard"
      },
      {
        "Collection": "Softelvdm/MainSkin/Main",
        "FileName": "modStandard"
      },
      {
        "Collection": "Mikevdm/MikevdmSkin/Mikevdm",
        "FileName": "modStandard"
      },
      {
        "Collection": "YetaWF/Core/Standard",
        "FileName": "modStandard"
      },
      {
        "Collection": "Softelvdm/YetaWF2Skin/YetaWF2",
        "FileName": "modStandard"
      }
    ],
    "SelectedPopupSkin": {
      "Collection": null,
      "FileName": "Popup.cshtml"
    },
    "CssClass": null,
    "TempPageCssClass": null,
    "_SuppressPartialFormCss": false,
    "ShowTitle": true,
    "ShowTitleActions": false,
    "ShowHelp": false,
    "Print": true,
    "ShowFormButtons": true,
    "AnchorId": null,
    "AllowedRoles": [
      {
        "RoleId": 1001,
        "View": 1,
        "Edit": 1,
        "Remove": 0,
        "Extra1": 0,
        "Extra2": 0,
        "Extra3": 0,
        "Extra4": 0,
        "Extra5": 0
      },
      {
        "RoleId": 1000,
        "View": 1,
        "Edit": 1,
        "Remove": 1,
        "Extra1": 1,
        "Extra2": 1,
        "Extra3": 1,
        "Extra4": 1,
        "Extra5": 1
      }
    ],
    "AllowedUsers": [],
    "ReferencedModules": [
      {
        "ModuleGuid": "25068ac6-ba74-4644-8b46-9d7fec291e45"
      },
      {
        "ModuleGuid": "7e3c4322-5bdb-44bf-acff-f62d498705ee"
      }
    ]
  },
  {
    "CompleteContents": {
      "en-US": "<p>Your new YetaWF site is up and running! Take a quick tour of YetaWF in our <a href=\"https://yetawf.com/Documentation/YetaWF?Topic=g_doc_gettingstarted\" target=\"_blank\">Getting Started</a> documentation.</p>\r\n\r\n<p>Ready to add new modules and pages? Use the buttons in the upper left corner of this page.</p>\r\n\r\n<p>Create new modules <a href=\"https://yetawf.com/Documentation/YetaWF/Topic/g_dev_packages\" target=\"_blank\">with Visual Studio</a>&nbsp;and purchase skins and&nbsp;packages&nbsp;at the <a href=\"https://YetaWF.com/Store\" target=\"_blank\">YetaWF Store</a>.</p>\r\n"
    },
    "EditOnPage": true,
    "Feed": false,
    "FeedTitle": null,
    "FeedSummary": null,
    "FeedMainUrl": null,
    "FeedDetailUrl": null,
    "FeedPublishDate": null,
    "FeedUpdateDate": null,
    "FeedImage_Data": "",
    "Name": "Main (Header)",
    "Title": {
      "en-US": "A New YetaWF Site!"
    },
    "Visible": true,
    "ModuleSecurity": 0,
    "WantSearch": true,
    "WantFocus": true,
    "Description": {
      "en-US": "Displays user editable text contents"
    },
    "ModuleGuid": "4da069dc-6022-48a3-b9da-b6b09e3242b6",
    "DateCreated": "2018-04-16T00:59:10.9457484",
    "DateUpdated": "2018-05-13T14:23:43.2632875",
    "SkinDefinitions": [
      {
        "Collection": "YetaWF/BootstrapSample/BootstrapSkin",
        "FileName": "modStandard"
      },
      {
        "Collection": "YetaWF/BusinessCasualSkin/BusinessCasual",
        "FileName": "modStandard"
      },
      {
        "Collection": "YetaWF/DefaultSkin/DefaultSkin",
        "FileName": "modStandard"
      },
      {
        "Collection": "YetaWF/Core/Standard",
        "FileName": "modStandard"
      }
    ],
    "SelectedPopupSkin": {
      "Collection": null,
      "FileName": "Popup.cshtml"
    },
    "CssClass": null,
    "TempPageCssClass": null,
    "_SuppressPartialFormCss": false,
    "ShowTitle": true,
    "ShowTitleActions": false,
    "ShowHelp": false,
    "Print": true,
    "ShowFormButtons": true,
    "AnchorId": null,
    "AllowedRoles": [
      {
        "RoleId": 1000,
        "View": 1,
        "Edit": 1,
        "Remove": 1,
        "Extra1": 0,
        "Extra2": 0,
        "Extra3": 0,
        "Extra4": 0,
        "Extra5": 0
      },
      {
        "RoleId": 999,
        "View": 1,
        "Edit": 0,
        "Remove": 0,
        "Extra1": 0,
        "Extra2": 0,
        "Extra3": 0,
        "Extra4": 0,
        "Extra5": 0
      },
      {
        "RoleId": 1001,
        "View": 1,
        "Edit": 1,
        "Remove": 0,
        "Extra1": 0,
        "Extra2": 0,
        "Extra3": 0,
        "Extra4": 0,
        "Extra5": 0
      },
      {
        "RoleId": 997,
        "View": 0,
        "Edit": 0,
        "Remove": 0,
        "Extra1": 0,
        "Extra2": 0,
        "Extra3": 0,
        "Extra4": 0,
        "Extra5": 0
      },
      {
        "RoleId": 998,
        "View": 1,
        "Edit": 0,
        "Remove": 0,
        "Extra1": 0,
        "Extra2": 0,
        "Extra3": 0,
        "Extra4": 0,
        "Extra5": 0
      },
      {
        "RoleId": 996,
        "View": 0,
        "Edit": 0,
        "Remove": 0,
        "Extra1": 0,
        "Extra2": 0,
        "Extra3": 0,
        "Extra4": 0,
        "Extra5": 0
      }
    ],
    "AllowedUsers": [],
    "ReferencedModules": []
  },
  {
    "CompleteContents": {
      "en-US": "<p>This page displays a TawkTo Chat window (once configured using <a class=\"yaction-link ypopup-link\" href=\"/Admin/Config/TawkTo\">Admin &gt; Configuration Panel &gt; TawkTo</a> and your <a href=\"https://www.tawk.to\" target=\"_blank\">Tawk.to</a> account information).<br />\r\nYeah, don&#39;t expect a response from this test page.</p>\r\n"
    },
    "EditOnPage": true,
    "Feed": false,
    "FeedTitle": null,
    "FeedSummary": null,
    "FeedMainUrl": null,
    "FeedDetailUrl": null,
    "FeedPublishDate": null,
    "FeedUpdateDate": null,
    "FeedImage_Data": "",
    "Name": "TawkTo Test Explanation",
    "Title": {
      "en-US": "TawkTo Chat Test"
    },
    "Visible": true,
    "ModuleSecurity": 0,
    "WantSearch": true,
    "WantFocus": true,
    "Description": {
      "en-US": "Displays user editable text contents"
    },
    "ModuleGuid": "597b90c3-fdc7-420e-9fa3-065f87454bdb",
    "DateCreated": "2017-11-24T14:33:08.3285941",
    "DateUpdated": "2018-04-16T00:58:12.7301057",
    "SkinDefinitions": [],
    "SelectedPopupSkin": {
      "Collection": null,
      "FileName": null
    },
    "CssClass": null,
    "TempPageCssClass": null,
    "_SuppressPartialFormCss": false,
    "ShowTitle": true,
    "ShowTitleActions": true,
    "ShowHelp": false,
    "Print": true,
    "ShowFormButtons": true,
    "AnchorId": null,
    "AllowedRoles": [
      {
        "RoleId": 1001,
        "View": 1,
        "Edit": 1,
        "Remove": 0,
        "Extra1": 0,
        "Extra2": 0,
        "Extra3": 0,
        "Extra4": 0,
        "Extra5": 0
      },
      {
        "RoleId": 1000,
        "View": 1,
        "Edit": 1,
        "Remove": 1,
        "Extra1": 1,
        "Extra2": 1,
        "Extra3": 1,
        "Extra4": 1,
        "Extra5": 1
      }
    ],
    "AllowedUsers": [],
    "ReferencedModules": []
  },
  {
    "CompleteContents": {
      "en-US": "<h2>About YetaWF</h2>\r\n\r\n<p>YetaWF (pronounced &quot;Yet Another Web Framework&quot;) is a new open source product, developed by <a href=\"http://mikevdm.com\" target=\"_blank\">Mike van der Meulen</a> (<a href=\"http://softelvdm.com\" target=\"_blank\">Softel vdm, Inc.</a>).&nbsp; It was used to develop and host the company&#39;s <a href=\"http://softelvdm.com\" target=\"_blank\">own site</a>, the <a href=\"http://LinksWithPics.com\" target=\"_blank\">LinksWithPics service</a>, the WEO Report service (now discontinued), this site and various other sites.</p>\r\n\r\n<p>It builds on ASP.NET Core MVC to create a web framework for developers. While it has many attributes commonly found in today&#39;s CMS like DotNetNuke, Umbraco, Drupal, etc., it instead focuses on rapid application development. Tightly integrating with Visual Studio 2015/2017, it lends itself to rapid module development, offering built-in BREAD (Browse, Read, Edit, Add, Delete) module generation, taking advantage of ASP.NET Core MVC, Data Annotation, Templated Helpers, UIHint and many other innovative features made possible by ASP.NET Core MVC and ASP.NET Core. Rather than being all things to all people, it narrowly focuses on offering 100% of the features that will satisfy most average websites and offers a platform for rapid custom development.</p>\r\n\r\n<p>Of course, it makes extensive use of jQuery, jQuery-UI, Ajax and many client-side plugins (like grids, menus, syntax highlighter, lightbox, CKEditor, tabs, overlays and many more). It combines these with automatic features like JavaScript and CSS minifier and bundling, http response compression (take a look at the source for this page) without burdening the developer with administrative tasks.</p>\r\n\r\n<p>For the site administrator, it offers site management, automated backups, easy version upgrades, scheduled tasks and of course complete control over user/role authorizations.</p>\r\n\r\n<p>YetaWF also takes a new approach to localization by being designed from the ground up with localization in mind (again, without burdening the developer with administrative tasks). Pages, modules, down to SQL tables or file data are fully localizable. Adding/removing languages is possible at any time, not just at design-time.<br />\r\n<br />\r\n<img alt=\"\" src=\"/FileHndlr.image?Type=YetaWF_Image&amp;Location=66d365d8-c1df-45bb-9dfb-9397722ca16f%2C%2CImages&amp;Name=logo_176x112.png&amp;__yVrs=636594209980807398\" style=\"width: 176px; height: 112px;\" /></p>\r\n"
    },
    "EditOnPage": true,
    "Feed": false,
    "FeedTitle": null,
    "FeedSummary": null,
    "FeedMainUrl": null,
    "FeedDetailUrl": null,
    "FeedPublishDate": null,
    "FeedUpdateDate": null,
    "FeedImage_Data": "",
    "Name": "About YetaWF",
    "Title": {
      "en-US": "About YetaWF"
    },
    "Visible": true,
    "ModuleSecurity": 0,
    "WantSearch": true,
    "WantFocus": true,
    "Description": {
      "en-US": "Displays user editable text contents"
    },
    "ModuleGuid": "66d365d8-c1df-45bb-9dfb-9397722ca16f",
    "DateCreated": "2018-04-16T01:01:17.1172059",
    "DateUpdated": "2018-04-16T01:01:17.1237134",
    "SkinDefinitions": [
      {
        "Collection": "YetaWF/BootstrapSample/BootstrapSkin",
        "FileName": "modStandard"
      },
      {
        "Collection": "YetaWF/BusinessCasualSkin/BusinessCasual",
        "FileName": "modStandard"
      },
      {
        "Collection": "YetaWF/DefaultSkin/DefaultSkin",
        "FileName": "modStandard"
      },
      {
        "Collection": "YetaWF/Core/Standard",
        "FileName": "modStandard"
      }
    ],
    "SelectedPopupSkin": {
      "Collection": null,
      "FileName": "Popup.cshtml"
    },
    "CssClass": null,
    "TempPageCssClass": null,
    "_SuppressPartialFormCss": false,
    "ShowTitle": false,
    "ShowTitleActions": false,
    "ShowHelp": false,
    "Print": true,
    "ShowFormButtons": true,
    "AnchorId": null,
    "AllowedRoles": [
      {
        "RoleId": 1000,
        "View": 1,
        "Edit": 1,
        "Remove": 1,
        "Extra1": 0,
        "Extra2": 0,
        "Extra3": 0,
        "Extra4": 0,
        "Extra5": 0
      },
      {
        "RoleId": 999,
        "View": 1,
        "Edit": 0,
        "Remove": 0,
        "Extra1": 0,
        "Extra2": 0,
        "Extra3": 0,
        "Extra4": 0,
        "Extra5": 0
      },
      {
        "RoleId": 1001,
        "View": 1,
        "Edit": 1,
        "Remove": 0,
        "Extra1": 0,
        "Extra2": 0,
        "Extra3": 0,
        "Extra4": 0,
        "Extra5": 0
      },
      {
        "RoleId": 997,
        "View": 0,
        "Edit": 0,
        "Remove": 0,
        "Extra1": 0,
        "Extra2": 0,
        "Extra3": 0,
        "Extra4": 0,
        "Extra5": 0
      },
      {
        "RoleId": 998,
        "View": 1,
        "Edit": 0,
        "Remove": 0,
        "Extra1": 0,
        "Extra2": 0,
        "Extra3": 0,
        "Extra4": 0,
        "Extra5": 0
      },
      {
        "RoleId": 996,
        "View": 0,
        "Edit": 0,
        "Remove": 0,
        "Extra1": 0,
        "Extra2": 0,
        "Extra3": 0,
        "Extra4": 0,
        "Extra5": 0
      }
    ],
    "AllowedUsers": [],
    "ReferencedModules": []
  },
  {
    "CompleteContents": {
      "en-US": "<a class=\"twitter-timeline\" data-widget-id=\"518784061846724609\" href=\"https://twitter.com/YetaWF\">Tweets by @YetaWF</a><script>!function(d,s,id){var js,fjs=d.getElementsByTagName(s)[0],p=/^http:/.test(d.location)?'http':'https';if(!d.getElementById(id)){js=d.createElement(s);js.id=id;js.src=p+\"://platform.twitter.com/widgets.js\";fjs.parentNode.insertBefore(js,fjs);}}(document,\"script\",\"twitter-wjs\");\r\n</script> \r\n<script>\r\n    // Custom Code added to support Dynamic Content (Unified Page Set)\r\n    // Listen for events that the page is changing\r\n    $(document).on('YetaWF_Basics_PageChange', function (event) {\r\n        // when the page is removed, we need to clean up\r\n        $('#twitter-wjs').remove();\r\n    });\r\n</script>"
    },
    "EditOnPage": true,
    "Feed": false,
    "FeedTitle": null,
    "FeedSummary": null,
    "FeedMainUrl": null,
    "FeedDetailUrl": null,
    "FeedPublishDate": null,
    "FeedUpdateDate": null,
    "FeedImage_Data": "",
    "Name": "Test Twitter Timeline",
    "Title": {
      "en-US": "Twitter Timeline"
    },
    "Visible": true,
    "ModuleSecurity": 0,
    "WantSearch": true,
    "WantFocus": true,
    "Description": {
      "en-US": "Display user editable text contents"
    },
    "ModuleGuid": "a0ed38c0-d7b8-49e8-aacb-f342d5aa5047",
    "DateCreated": "2015-10-31T16:55:35.5010571",
    "DateUpdated": "2018-04-16T00:58:15.9457307",
    "SkinDefinitions": [
      {
        "Collection": null,
        "FileName": null
      },
      {
        "Collection": null,
        "FileName": null
      },
      {
        "Collection": null,
        "FileName": null
      },
      {
        "Collection": null,
        "FileName": null
      },
      {
        "Collection": null,
        "FileName": null
      },
      {
        "Collection": null,
        "FileName": null
      },
      {
        "Collection": null,
        "FileName": null
      }
    ],
    "SelectedPopupSkin": {
      "Collection": null,
      "FileName": null
    },
    "CssClass": null,
    "TempPageCssClass": null,
    "_SuppressPartialFormCss": false,
    "ShowTitle": true,
    "ShowTitleActions": false,
    "ShowHelp": false,
    "Print": true,
    "ShowFormButtons": true,
    "AnchorId": null,
    "AllowedRoles": [
      {
        "RoleId": 1001,
        "View": 1,
        "Edit": 1,
        "Remove": 0,
        "Extra1": 0,
        "Extra2": 0,
        "Extra3": 0,
        "Extra4": 0,
        "Extra5": 0
      },
      {
        "RoleId": 1000,
        "View": 1,
        "Edit": 1,
        "Remove": 1,
        "Extra1": 1,
        "Extra2": 1,
        "Extra3": 1,
        "Extra4": 1,
        "Extra5": 1
      }
    ],
    "AllowedUsers": [],
    "ReferencedModules": []
  },
  {
    "CompleteContents": {
      "en-US": "<img alt=\"\" src=\"/FileHndlr.image?Type=YetaWF_Image&amp;Location=afa55b5e-1ca5-43c7-b9b3-245c172e0819%2C%2CImages&amp;Name=logo_176x112.png&amp;__yVrs=636594087178041570\" style=\"width: 176px; height: 112px;\" />"
    },
    "EditOnPage": false,
    "Feed": false,
    "FeedTitle": null,
    "FeedSummary": null,
    "FeedMainUrl": null,
    "FeedDetailUrl": null,
    "FeedPublishDate": "2015-04-02T00:00:00",
    "FeedUpdateDate": "2015-04-02T00:00:00",
    "FeedImage_Data": "",
    "Name": "Page Logo (Skin)",
    "Title": {
      "en-US": "Logo"
    },
    "Visible": true,
    "ModuleSecurity": 0,
    "WantSearch": false,
    "WantFocus": false,
    "Description": {
      "en-US": "Displays user editable text contents"
    },
    "ModuleGuid": "afa55b5e-1ca5-43c7-b9b3-245c172e0819",
    "DateCreated": "2018-04-16T01:06:00.1500695",
    "DateUpdated": "2018-04-16T01:06:00.1565781",
    "SkinDefinitions": [
      {
        "Collection": "YetaWF/BootstrapSample/BootstrapSkin",
        "FileName": "modStandard"
      },
      {
        "Collection": "YetaWF/BusinessCasualSkin/BusinessCasual",
        "FileName": "modStandard"
      },
      {
        "Collection": "YetaWF/DefaultSkin/DefaultSkin",
        "FileName": "modStandard"
      },
      {
        "Collection": "YetaWF/Core/Standard",
        "FileName": "modStandard"
      }
    ],
    "SelectedPopupSkin": {
      "Collection": null,
      "FileName": "Popup.cshtml"
    },
    "CssClass": "skinLogo",
    "TempPageCssClass": null,
    "_SuppressPartialFormCss": false,
    "ShowTitle": false,
    "ShowTitleActions": true,
    "ShowHelp": false,
    "Print": true,
    "ShowFormButtons": true,
    "AnchorId": null,
    "AllowedRoles": [
      {
        "RoleId": 1000,
        "View": 1,
        "Edit": 1,
        "Remove": 1,
        "Extra1": 0,
        "Extra2": 0,
        "Extra3": 0,
        "Extra4": 0,
        "Extra5": 0
      },
      {
        "RoleId": 999,
        "View": 1,
        "Edit": 0,
        "Remove": 0,
        "Extra1": 0,
        "Extra2": 0,
        "Extra3": 0,
        "Extra4": 0,
        "Extra5": 0
      },
      {
        "RoleId": 1001,
        "View": 1,
        "Edit": 1,
        "Remove": 0,
        "Extra1": 0,
        "Extra2": 0,
        "Extra3": 0,
        "Extra4": 0,
        "Extra5": 0
      },
      {
        "RoleId": 997,
        "View": 0,
        "Edit": 0,
        "Remove": 0,
        "Extra1": 0,
        "Extra2": 0,
        "Extra3": 0,
        "Extra4": 0,
        "Extra5": 0
      },
      {
        "RoleId": 998,
        "View": 1,
        "Edit": 0,
        "Remove": 0,
        "Extra1": 0,
        "Extra2": 0,
        "Extra3": 0,
        "Extra4": 0,
        "Extra5": 0
      },
      {
        "RoleId": 996,
        "View": 0,
        "Edit": 0,
        "Remove": 0,
        "Extra1": 0,
        "Extra2": 0,
        "Extra3": 0,
        "Extra4": 0,
        "Extra5": 0
      }
    ],
    "AllowedUsers": [],
    "ReferencedModules": []
  },
  {
    "CompleteContents": {
      "en-US": "<p>Your new site is up an running. In a debug build (set to not-deployed in your <a href=\"https://yetawf.com/Documentation/YetaWF/Topic/g_doc_webconfig\" target=\"_blank\">web.config/appSettings.json</a>) you can easily switch between logged on users using the buttons in the upper left (Control Panel, Login tab). Read about the basics in YetaWF <a href=\"https://yetawf.com/Documentation/YetaWF/Topic/g_doc_gettingstarted\" target=\"_blank\">here</a>.</p>\r\n\r\n<p>Then you may want to change the Superuser account (ssshhhh, the password is SuperuserPassword). Check out the <a href=\"https://yetawf.com/Documentation/YetaWF/Topic/g_doc_superuser\" target=\"_blank\">Superuser topic</a> in our documentation for more information.</p>\r\n\r\n<p>If you want to change your site, that&#39;s super easy. The buttons in the upper left of the page are used for that (you probably already saw that). For more info read the <a href=\"https://yetawf.com/Documentation/YetaWF/Topic/g_doc_editmode\" target=\"_blank\">Site Edit Mode</a> and <a href=\"https://yetawf.com/Documentation/YetaWF/Topic/g_doc_controlpanel\" target=\"_blank\">Control Panel</a> topics.</p>\r\n\r\n<p>The rest of this page below is just &quot;Lorem Ipsum&quot; gibberish, to fill the page...</p>\r\n\r\n<p><br />\r\nLorem ipsum dolor sit amet, nec condimentum, ipsum a, justo ipsum. Amet augue fermentum, etiam dui. Lectus fringilla, elit pellentesque, aliquam integer. Elit sodales, vehicula iaculis lobortis. Consectetuer odio, ut volutpat, nunc urna varius. Ligula duis, mi felis mattis. Sapien purus donec, nibh aenean non. Justo at molestie. Luctus vitae, sit ac, ac felis pellentesque. Condimentum pede non. Purus nulla, convallis tristique, natoque fringilla. Sed bibendum tristique, integer justo nec.</p>\r\n\r\n<p>Facilisis a, molestie dui, vestibulum suspendisse. Purus vitae nostra. Dignissim sodales, cum curabitur. Morbi porta, ipsum amet id, lectus mauris. Eros cursus dolor. Sollicitudin nibh, iaculis penatibus netus. Mi viverra. Mattis vivamus urna. Blandit nec, ac consequat. Enim penatibus quis, wisi enim, auctor in justo.</p>\r\n\r\n<p>Lorem eu sit, luctus massa. Nulla magna in. Nulla dignissim, id nullam, sed aenean adipiscing. Nullam eget neque. Vitae quisque elit, ac justo, mollis in. Posuere nam vitae, molestie eget.</p>\r\n\r\n<p>Lacinia facilisis. Dictum volutpat, nisl mauris dui, nulla blandit. Imperdiet massa, sodales praesent ac. Wisi massa. Vel habitant, suscipit occaecati sit.</p>\r\n"
    },
    "EditOnPage": true,
    "Feed": false,
    "FeedTitle": null,
    "FeedSummary": null,
    "FeedMainUrl": null,
    "FeedDetailUrl": null,
    "FeedPublishDate": null,
    "FeedUpdateDate": null,
    "FeedImage_Data": "",
    "Name": "Main",
    "Title": {
      "en-US": "My New Site"
    },
    "Visible": true,
    "ModuleSecurity": 0,
    "WantSearch": true,
    "WantFocus": true,
    "Description": {
      "en-US": "Displays user editable text contents"
    },
    "ModuleGuid": "c3bef664-5f26-4995-80a5-74aff3b9c3f2",
    "DateCreated": "2018-04-16T00:59:26.4076687",
    "DateUpdated": "2018-05-13T14:24:24.6799935",
    "SkinDefinitions": [
      {
        "Collection": "YetaWF/BootstrapSample/BootstrapSkin",
        "FileName": "modStandard"
      },
      {
        "Collection": "YetaWF/BusinessCasualSkin/BusinessCasual",
        "FileName": "modStandard"
      },
      {
        "Collection": "YetaWF/DefaultSkin/DefaultSkin",
        "FileName": "modStandard"
      },
      {
        "Collection": "YetaWF/Core/Standard",
        "FileName": "modStandard"
      }
    ],
    "SelectedPopupSkin": {
      "Collection": null,
      "FileName": "Popup.cshtml"
    },
    "CssClass": null,
    "TempPageCssClass": null,
    "_SuppressPartialFormCss": false,
    "ShowTitle": true,
    "ShowTitleActions": false,
    "ShowHelp": false,
    "Print": true,
    "ShowFormButtons": true,
    "AnchorId": null,
    "AllowedRoles": [
      {
        "RoleId": 1000,
        "View": 1,
        "Edit": 1,
        "Remove": 1,
        "Extra1": 0,
        "Extra2": 0,
        "Extra3": 0,
        "Extra4": 0,
        "Extra5": 0
      },
      {
        "RoleId": 999,
        "View": 1,
        "Edit": 0,
        "Remove": 0,
        "Extra1": 0,
        "Extra2": 0,
        "Extra3": 0,
        "Extra4": 0,
        "Extra5": 0
      },
      {
        "RoleId": 1001,
        "View": 1,
        "Edit": 1,
        "Remove": 0,
        "Extra1": 0,
        "Extra2": 0,
        "Extra3": 0,
        "Extra4": 0,
        "Extra5": 0
      },
      {
        "RoleId": 997,
        "View": 0,
        "Edit": 0,
        "Remove": 0,
        "Extra1": 0,
        "Extra2": 0,
        "Extra3": 0,
        "Extra4": 0,
        "Extra5": 0
      },
      {
        "RoleId": 998,
        "View": 1,
        "Edit": 0,
        "Remove": 0,
        "Extra1": 0,
        "Extra2": 0,
        "Extra3": 0,
        "Extra4": 0,
        "Extra5": 0
      },
      {
        "RoleId": 996,
        "View": 0,
        "Edit": 0,
        "Remove": 0,
        "Extra1": 0,
        "Extra2": 0,
        "Extra3": 0,
        "Extra4": 0,
        "Extra5": 0
      }
    ],
    "AllowedUsers": [],
    "ReferencedModules": []
  },
  {
    "CompleteContents": {
      "en-US": "<p>Lorem ipsum dolor sit amet, consectetur adipiscing elit. Vestibulum iaculis feugiat ex, eget fringilla orci euismod id. Vestibulum sodales odio a consectetur interdum. Sed vestibulum, leo quis finibus mollis, est justo auctor nunc, accumsan luctus arcu ex in sapien. Duis malesuada, ante a finibus cursus, nisi purus lacinia mauris, sit amet dignissim diam arcu non ligula. Curabitur nec lectus metus. Quisque pharetra, mi sit amet fringilla tincidunt, libero ante luctus sapien, vitae pretium lectus sapien quis neque. Nullam convallis viverra luctus. Donec consequat lacus in eros venenatis, non gravida felis imperdiet. Cras vitae pulvinar ex. Nunc facilisis dolor id maximus eleifend.</p>\r\n\r\n<p>Etiam imperdiet, magna non venenatis sodales, erat felis condimentum est, sed mollis est justo non augue. Integer feugiat, eros non suscipit aliquet, lacus elit semper augue, quis porta tortor lectus ut urna. Vestibulum congue molestie dolor ut tempus. Proin dignissim elit sed pellentesque tempus. In vel blandit arcu. Duis porta congue faucibus. Donec ullamcorper, libero at iaculis volutpat, velit nulla mollis massa, eu maximus eros orci nec sem. Cras eu nulla sit amet felis rutrum ultrices. Integer in tellus ut dui porta sollicitudin. Aliquam varius nisl eget ante aliquet, nec cursus sapien faucibus. Duis in cursus risus.</p>\r\n\r\n<p>Quisque viverra fermentum faucibus. Curabitur non laoreet urna, quis euismod lectus. Cras orci mi, posuere id imperdiet nec, accumsan pretium quam. Pellentesque tincidunt, justo sit amet facilisis malesuada, augue nulla dignissim sapien, in consequat nunc urna eget nulla. Cras ornare, ex sit amet tempor pulvinar, est nisi placerat ex, eu mattis arcu lorem eget nisi. Pellentesque vel odio faucibus, sagittis felis pellentesque, pellentesque lorem. Suspendisse interdum ipsum vitae mauris gravida, non fringilla ligula maximus. Donec in felis et dolor maximus fringilla. Praesent vel est at purus condimentum mattis.</p>\r\n\r\n<p>In vitae mauris iaculis, laoreet sem ut, egestas metus. Morbi eget mi a nisl mollis efficitur. Pellentesque vehicula accumsan mauris. Integer scelerisque tempor enim auctor ornare. Etiam nec tellus est. Donec nec auctor mauris. Ut scelerisque, nunc quis semper sollicitudin, ligula elit volutpat lorem, ac volutpat tortor lacus non magna. Sed consectetur pulvinar porta. Nullam elit sem, lobortis eu odio ac, fermentum auctor neque. Suspendisse at justo quis orci euismod accumsan vitae at orci.</p>\r\n\r\n<p>Duis arcu libero, tincidunt sit amet fermentum at, semper eu turpis. Aenean ultricies orci sit amet diam mollis, at facilisis justo pharetra. Morbi condimentum pretium augue eget eleifend. Mauris quis quam urna. Curabitur et tincidunt nunc, ut sodales diam. Curabitur sollicitudin accumsan dolor porta feugiat. Phasellus convallis sagittis magna, id varius orci efficitur molestie. Ut eleifend convallis mi, vel eleifend ipsum imperdiet elementum. Praesent auctor sapien metus, eget lobortis tellus aliquam at. Aliquam rutrum facilisis elementum.</p>\r\n"
    },
    "EditOnPage": true,
    "Feed": false,
    "FeedTitle": null,
    "FeedSummary": null,
    "FeedMainUrl": null,
    "FeedDetailUrl": null,
    "FeedPublishDate": null,
    "FeedUpdateDate": null,
    "FeedImage_Data": "",
    "Name": "Main 2",
    "Title": {
      "en-US": "Make It Your Own"
    },
    "Visible": true,
    "ModuleSecurity": 0,
    "WantSearch": true,
    "WantFocus": true,
    "Description": {
      "en-US": "Displays user editable text contents"
    },
    "ModuleGuid": "d40bfb7c-efe4-4b42-8c54-2a7e5f7ef97f",
    "DateCreated": "2018-04-16T00:59:38.9404223",
    "DateUpdated": "2018-04-16T00:59:38.9469284",
    "SkinDefinitions": [
      {
        "Collection": "YetaWF/BootstrapSample/BootstrapSkin",
        "FileName": "modStandard"
      },
      {
        "Collection": "YetaWF/BusinessCasualSkin/BusinessCasual",
        "FileName": "modStandard"
      },
      {
        "Collection": "YetaWF/DefaultSkin/DefaultSkin",
        "FileName": "modStandard"
      },
      {
        "Collection": "YetaWF/Core/Standard",
        "FileName": "modStandard"
      }
    ],
    "SelectedPopupSkin": {
      "Collection": null,
      "FileName": "Popup.cshtml"
    },
    "CssClass": null,
    "TempPageCssClass": null,
    "_SuppressPartialFormCss": false,
    "ShowTitle": true,
    "ShowTitleActions": false,
    "ShowHelp": false,
    "Print": true,
    "ShowFormButtons": true,
    "AnchorId": null,
    "AllowedRoles": [
      {
        "RoleId": 1000,
        "View": 1,
        "Edit": 1,
        "Remove": 1,
        "Extra1": 0,
        "Extra2": 0,
        "Extra3": 0,
        "Extra4": 0,
        "Extra5": 0
      },
      {
        "RoleId": 999,
        "View": 1,
        "Edit": 0,
        "Remove": 0,
        "Extra1": 0,
        "Extra2": 0,
        "Extra3": 0,
        "Extra4": 0,
        "Extra5": 0
      },
      {
        "RoleId": 1001,
        "View": 1,
        "Edit": 1,
        "Remove": 0,
        "Extra1": 0,
        "Extra2": 0,
        "Extra3": 0,
        "Extra4": 0,
        "Extra5": 0
      },
      {
        "RoleId": 997,
        "View": 0,
        "Edit": 0,
        "Remove": 0,
        "Extra1": 0,
        "Extra2": 0,
        "Extra3": 0,
        "Extra4": 0,
        "Extra5": 0
      },
      {
        "RoleId": 998,
        "View": 1,
        "Edit": 0,
        "Remove": 0,
        "Extra1": 0,
        "Extra2": 0,
        "Extra3": 0,
        "Extra4": 0,
        "Extra5": 0
      },
      {
        "RoleId": 996,
        "View": 0,
        "Edit": 0,
        "Remove": 0,
        "Extra1": 0,
        "Extra2": 0,
        "Extra3": 0,
        "Extra4": 0,
        "Extra5": 0
      }
    ],
    "AllowedUsers": [],
    "ReferencedModules": []
  },
  {
    "CompleteContents": {
      "en-US": "<p>It looks like something went wrong. There is no such page on this site.</p>\r\n\r\n<p>Maybe we haven&#39;t created this page yet. Or maybe there is a typo in the page Url.</p>\r\n"
    },
    "EditOnPage": true,
    "Feed": false,
    "FeedTitle": null,
    "FeedSummary": null,
    "FeedMainUrl": null,
    "FeedDetailUrl": null,
    "FeedPublishDate": null,
    "FeedUpdateDate": null,
    "FeedImage_Data": "",
    "Name": "Error 404 - Page Not Found",
    "Title": {
      "en-US": "Page Not Found"
    },
    "Visible": true,
    "ModuleSecurity": 0,
    "WantSearch": true,
    "WantFocus": true,
    "Description": {
      "en-US": "Display user editable text contents"
    },
    "ModuleGuid": "dfdccea4-ef12-48f3-af07-c52f0ef2c0bd",
    "DateCreated": "2016-08-21T00:02:49.6195442",
    "DateUpdated": "2018-04-16T00:58:17.9851022",
    "SkinDefinitions": [
      {
        "Collection": "YetaWF/BootstrapSample/BootstrapSkin",
        "FileName": "modStandard"
      },
      {
        "Collection": "Softelvdm/LinkCheckerSkin/LinkCheckerSkin",
        "FileName": "modStandard"
      },
      {
        "Collection": "Softelvdm/MainSkin/Main",
        "FileName": "modStandard"
      },
      {
        "Collection": "Mikevdm/MikevdmSkin/Mikevdm",
        "FileName": "modStandard"
      },
      {
        "Collection": "YetaWF/SimpleSkin/Simple",
        "FileName": "modStandard"
      },
      {
        "Collection": "YetaWF/Core/Standard",
        "FileName": "modStandard"
      },
      {
        "Collection": "YetaWF/YetaWFSkin/YetaWFSkin",
        "FileName": "modStandard"
      },
      {
        "Collection": "Softelvdm/YetaWF2Skin/YetaWF2",
        "FileName": "modStandard"
      }
    ],
    "SelectedPopupSkin": {
      "Collection": null,
      "FileName": "Popup.cshtml"
    },
    "CssClass": null,
    "TempPageCssClass": null,
    "_SuppressPartialFormCss": false,
    "ShowTitle": true,
    "ShowTitleActions": false,
    "ShowHelp": false,
    "Print": true,
    "ShowFormButtons": true,
    "AnchorId": null,
    "AllowedRoles": [
      {
        "RoleId": 1001,
        "View": 1,
        "Edit": 1,
        "Remove": 0,
        "Extra1": 0,
        "Extra2": 0,
        "Extra3": 0,
        "Extra4": 0,
        "Extra5": 0
      },
      {
        "RoleId": 1000,
        "View": 1,
        "Edit": 1,
        "Remove": 1,
        "Extra1": 1,
        "Extra2": 1,
        "Extra3": 1,
        "Extra4": 1,
        "Extra5": 1
      }
    ],
    "AllowedUsers": [],
    "ReferencedModules": []
  },
  {
    "CompleteContents": {
      "en-US": "<a href=\"https://yetawf.com/Documentation/YetaWF?Topic=g_doc_gettingstarted\" target=\"_blank\">Getting Started With YetaWF</a><br />\r\n<a href=\"https://yetawf.com/Documentation/YetaWF\" target=\"_blank\">YetaWF Documentation</a><br />\r\n<a href=\"http://forum.YetaWF.com/\" target=\"_blank\">YetaWF Forum</a><br />\r\n<a href=\"https://YetaWF.com/Store\" target=\"_blank\">YetaWF Store</a><br />\r\n&nbsp;"
    },
    "EditOnPage": true,
    "Feed": false,
    "FeedTitle": null,
    "FeedSummary": null,
    "FeedMainUrl": null,
    "FeedDetailUrl": null,
    "FeedPublishDate": null,
    "FeedUpdateDate": null,
    "FeedImage_Data": "",
    "Name": "Main (Navigation)",
    "Title": {
      "en-US": "Links"
    },
    "Visible": true,
    "ModuleSecurity": 0,
    "WantSearch": false,
    "WantFocus": false,
    "Description": {
      "en-US": "Displays user editable text contents"
    },
    "ModuleGuid": "ed03c15f-a69f-41a4-b8c6-3e72ad3fdccc",
    "DateCreated": "2018-04-16T00:59:58.2472237",
    "DateUpdated": "2018-04-16T00:59:58.2532254",
    "SkinDefinitions": [
      {
        "Collection": "YetaWF/BootstrapSample/BootstrapSkin",
        "FileName": "modStandard"
      },
      {
        "Collection": "YetaWF/BusinessCasualSkin/BusinessCasual",
        "FileName": "modStandard"
      },
      {
        "Collection": "YetaWF/DefaultSkin/DefaultSkin",
        "FileName": "modStandard"
      },
      {
        "Collection": "YetaWF/Core/Standard",
        "FileName": "modStandard"
      }
    ],
    "SelectedPopupSkin": {
      "Collection": null,
      "FileName": "Popup.cshtml"
    },
    "CssClass": null,
    "TempPageCssClass": null,
    "_SuppressPartialFormCss": false,
    "ShowTitle": true,
    "ShowTitleActions": false,
    "ShowHelp": false,
    "Print": false,
    "ShowFormButtons": true,
    "AnchorId": null,
    "AllowedRoles": [
      {
        "RoleId": 1000,
        "View": 1,
        "Edit": 1,
        "Remove": 1,
        "Extra1": 0,
        "Extra2": 0,
        "Extra3": 0,
        "Extra4": 0,
        "Extra5": 0
      },
      {
        "RoleId": 999,
        "View": 1,
        "Edit": 0,
        "Remove": 0,
        "Extra1": 0,
        "Extra2": 0,
        "Extra3": 0,
        "Extra4": 0,
        "Extra5": 0
      },
      {
        "RoleId": 1001,
        "View": 1,
        "Edit": 1,
        "Remove": 0,
        "Extra1": 0,
        "Extra2": 0,
        "Extra3": 0,
        "Extra4": 0,
        "Extra5": 0
      },
      {
        "RoleId": 997,
        "View": 0,
        "Edit": 0,
        "Remove": 0,
        "Extra1": 0,
        "Extra2": 0,
        "Extra3": 0,
        "Extra4": 0,
        "Extra5": 0
      },
      {
        "RoleId": 998,
        "View": 1,
        "Edit": 0,
        "Remove": 0,
        "Extra1": 0,
        "Extra2": 0,
        "Extra3": 0,
        "Extra4": 0,
        "Extra5": 0
      },
      {
        "RoleId": 996,
        "View": 0,
        "Edit": 0,
        "Remove": 0,
        "Extra1": 0,
        "Extra2": 0,
        "Extra3": 0,
        "Extra4": 0,
        "Extra5": 0
      }
    ],
    "AllowedUsers": [],
    "ReferencedModules": []
  },
  {
    "CompleteContents": {
      "en-US": "<p>Sorry, the site is currently unavailable due to maintenance</p>\r\n"
    },
    "EditOnPage": true,
    "Feed": false,
    "FeedTitle": null,
    "FeedSummary": null,
    "FeedMainUrl": null,
    "FeedDetailUrl": null,
    "FeedPublishDate": "2015-04-02T00:00:00",
    "FeedUpdateDate": "2015-04-02T00:00:00",
    "FeedImage_Data": "",
    "Name": "Maintenance in Progress",
    "Title": {
      "en-US": "Maintenance in Progress"
    },
    "Visible": true,
    "ModuleSecurity": 0,
    "WantSearch": true,
    "WantFocus": true,
    "Description": {
      "en-US": "Display user editable text contents"
    },
    "ModuleGuid": "edb00dd8-7296-4e14-b05a-ee422a7e66ef",
    "DateCreated": "2016-08-21T00:06:11.3115889",
    "DateUpdated": "2018-04-16T00:58:18.539268",
    "SkinDefinitions": [
      {
        "Collection": "YetaWF/BootstrapSample/BootstrapSkin",
        "FileName": "modStandard"
      },
      {
        "Collection": "Softelvdm/LinkCheckerSkin/LinkCheckerSkin",
        "FileName": "modStandard"
      },
      {
        "Collection": "Softelvdm/MainSkin/Main",
        "FileName": "modStandard"
      },
      {
        "Collection": "Mikevdm/MikevdmSkin/Mikevdm",
        "FileName": "modStandard"
      },
      {
        "Collection": "YetaWF/SimpleSkin/Simple",
        "FileName": "modStandard"
      },
      {
        "Collection": "YetaWF/Core/Standard",
        "FileName": "modStandard"
      },
      {
        "Collection": "YetaWF/YetaWFSkin/YetaWFSkin",
        "FileName": "modStandard"
      },
      {
        "Collection": "Softelvdm/YetaWF2Skin/YetaWF2",
        "FileName": "modStandard"
      }
    ],
    "SelectedPopupSkin": {
      "Collection": null,
      "FileName": "Popup.cshtml"
    },
    "CssClass": null,
    "TempPageCssClass": null,
    "_SuppressPartialFormCss": false,
    "ShowTitle": true,
    "ShowTitleActions": false,
    "ShowHelp": false,
    "Print": true,
    "ShowFormButtons": true,
    "AnchorId": null,
    "AllowedRoles": [
      {
        "RoleId": 1001,
        "View": 1,
        "Edit": 1,
        "Remove": 0,
        "Extra1": 0,
        "Extra2": 0,
        "Extra3": 0,
        "Extra4": 0,
        "Extra5": 0
      },
      {
        "RoleId": 1000,
        "View": 1,
        "Edit": 1,
        "Remove": 1,
        "Extra1": 1,
        "Extra2": 1,
        "Extra3": 1,
        "Extra4": 1,
        "Extra5": 1
      }
    ],
    "AllowedUsers": [],
    "ReferencedModules": []
  },
  {
    "CompleteContents": {
      "en-US": "<p><a class=\"linkpreview-show\" href=\"https://YetaWF.com/\">https://YetaWF.com/</a></p>\r\n\r\n<p align=\"justify\">Lorem ipsum dolor sit amet, ut tortor nulla senectus lectus morbi. Sem praesent velit, et torquent eget nullam, at etiam, nulla ipsum augue per. Hac interdum quis non a ac arcu, etiam eu nullam quis commodo, id id eros commodo vel, metus nec ut, curabitur semper auctor. Mauris cras vitae iaculis, iaculis morbi cras a pretium aliquet, pellentesque duis, turpis adipiscing quam sed tristique in, leo duis. Lacus ut odio platea vivamus amet, dapibus pede rutrum magna et.</p>\r\n\r\n<p align=\"justify\">Purus tortor. Malesuada at sodales pellentesque ultrices eu, vitae turpis semper, pellentesque harum, mauris non pulvinar, aliquam egestas pede pharetra nec at fames. Ultricies donec sed condimentum ante dolor egestas, adipiscing consequatur amet felis natoque, hymenaeos in fermentum vestibulum. Lectus eleifend eget odio faucibus, justo pede, elit nam tempus enim nesciunt cubilia lorem, sed eu cursus nulla scelerisque fermentum. At consequat elementum dictum non sagittis, excepteur ultrices sed sit varius, neque purus neque maecenas hendrerit sed, neque quam, commodo nibh consectetuer est at elementum. Sociosqu impedit condimentum mollis mauris, sapien tempus dui, fermentum integer porta enim, varius enim dui eu at sodales. Nec posuere pretium vivamus, et sit nulla et tristique egestas, venenatis nec vitae.</p>\r\n\r\n<p align=\"justify\">Sed nunc commodo faucibus egestas lacus, iaculis diam mauris, vel mattis, cum pretium magna facilisis sit, euismod elementum est arcu velit. Mollis cursus hendrerit a morbi, malesuada erat senectus, quam in semper mauris etiam lacinia, convallis libero aenean pede non volutpat auctor. Metus nulla massa sit litora, diam sodales enim, varius vitae vel leo neque, vestibulum dapibus et porta placerat, vitae vel vitae pede volutpat eget. Diam aliquam elit neque eu et imperdiet. Quis suspendisse, aliquam arcu elit nulla urna maecenas ipsum, in platea, vel sapien massa. Risus in eu qui in, eu faucibus felis praesent amet litora ridiculus. Conubia integer cursus id dolor eleifend integer, orci id, ut curabitur ullamcorper auctor nisl lorem.</p>\r\n\r\n<p align=\"justify\">Mollis ut suspendisse ac ligula, bibendum tempus interdum purus elit erat ullamcorper, bibendum dolor velit sit nunc, laoreet nulla, enim proin sed et at. Volutpat rhoncus commodo natoque orci, lobortis eget enim et elementum. Pede vestibulum, sed magnis cras. Velit interdum quisque sed tellus sed, cursus lorem mus dictum ac. Ac sed, metus nullam. Leo laoreet, nec sed non sed vitae a, integer pulvinar fringilla gravida ridiculus. Pede velit pellentesque non nunc est nec, ligula posuere ultricies porttitor libero ligula nec. Sodales amet arcu ullamcorper in nec posuere.</p>\r\n"
    },
    "EditOnPage": true,
    "Feed": true,
    "FeedTitle": "Test Feed",
    "FeedSummary": "Test Feed Summary",
    "FeedMainUrl": "/Tests/RSS",
    "FeedDetailUrl": "/Tests/RSS",
    "FeedPublishDate": "2017-01-01T00:00:00",
    "FeedUpdateDate": "2017-01-01T00:00:00",
    "FeedImage_Data": "",
    "Name": "Test RSS",
    "Title": {
      "en-US": "Test RSS"
    },
    "Visible": true,
    "ModuleSecurity": 0,
    "WantSearch": true,
    "WantFocus": true,
    "Description": {
      "en-US": "Displays user editable text contents"
    },
    "ModuleGuid": "f8a21022-6e98-4b98-ac59-80f669ce7e42",
    "DateCreated": "2017-07-08T15:59:01.8430353",
    "DateUpdated": "2018-04-16T00:58:18.9336154",
    "SkinDefinitions": [
      {
        "Collection": "YetaWF/BootstrapSample/BootstrapSkin",
        "FileName": "modStandard"
      },
      {
        "Collection": "YetaWF/BusinessCasualSkin/BusinessCasual",
        "FileName": "modStandard"
      },
      {
        "Collection": "Softelvdm/MainSkin/Main",
        "FileName": "modStandard"
      },
      {
        "Collection": "Mikevdm/MikevdmSkin/Mikevdm",
        "FileName": "modStandard"
      },
      {
        "Collection": "YetaWF/Core/Standard",
        "FileName": "modStandard"
      },
      {
        "Collection": "Softelvdm/YetaWF2Skin/YetaWF2",
        "FileName": "modStandard"
      }
    ],
    "SelectedPopupSkin": {
      "Collection": null,
      "FileName": "Popup.cshtml"
    },
    "CssClass": null,
    "TempPageCssClass": null,
    "_SuppressPartialFormCss": false,
    "ShowTitle": true,
    "ShowTitleActions": true,
    "ShowHelp": false,
    "Print": true,
    "ShowFormButtons": true,
    "AnchorId": null,
    "AllowedRoles": [
      {
        "RoleId": 1001,
        "View": 1,
        "Edit": 1,
        "Remove": 0,
        "Extra1": 0,
        "Extra2": 0,
        "Extra3": 0,
        "Extra4": 0,
        "Extra5": 0
      },
      {
        "RoleId": 1000,
        "View": 1,
        "Edit": 1,
        "Remove": 1,
        "Extra1": 1,
        "Extra2": 1,
        "Extra3": 1,
        "Extra4": 1,
        "Extra5": 1
      }
    ],
    "AllowedUsers": [],
    "ReferencedModules": []
  }
]