{
  "PackageName": "YetaWF.Visitors",
  "PackageVersion": "4.0.0",
  "Data": [
    {
      "Class": "VisitorSummaryModuleDataProvider",
      "Chunks": 1,
      "Files": []
    },
    {
      "Class": "IPAddressLookupModuleDataProvider",
      "Chunks": 0,
      "Files": []
    },
    {
      "Class": "SkinVisitorModuleDataProvider",
      "Chunks": 1,
      "Files": []
    },
    {
      "Class": "TinyVisitorsModuleDataProvider",
      "Chunks": 0,
      "Files": []
    },
    {
      "Class": "VisitorDisplayModuleDataProvider",
      "Chunks": 0,
      "Files": []
    },
    {
      "Class": "VisitorsModuleDataProvider",
      "Chunks": 1,
      "Files": []
    }
  ]
}