[
  {
    "Name": "Visitor Module (Skin)",
    "Title": {
      "en-US": "Skin Visitor Module"
    },
    "Visible": true,
    "ModuleSecurity": 0,
    "WantSearch": false,
    "WantFocus": false,
    "Description": {
      "en-US": "Records visitor activity"
    },
    "ModuleGuid": "7e432be4-1dbf-438a-9286-9c88ab225f5b",
    "DateCreated": "2016-07-03T10:26:57.0513694",
    "DateUpdated": "2018-04-16T00:58:14.9243642",
    "SkinDefinitions": [
      {
        "Collection": "YetaWF/BootstrapSample/BootstrapSkin",
        "FileName": null
      },
      {
        "Collection": "Softelvdm/LinkCheckerSkin/LinkCheckerSkin",
        "FileName": null
      },
      {
        "Collection": "LinksWithPics/LinksWithPicsBSSkin/LinksWithPics",
        "FileName": null
      },
      {
        "Collection": "Softelvdm/MainSkin/Main",
        "FileName": null
      },
      {
        "Collection": "Mikevdm/MikevdmSkin/Mikevdm",
        "FileName": null
      },
      {
        "Collection": "YetaWF/SimpleSkin/Simple",
        "FileName": null
      },
      {
        "Collection": "YetaWF/Core/Standard",
        "FileName": null
      },
      {
        "Collection": "YetaWF/YetaWFSkin/YetaWFSkin",
        "FileName": null
      }
    ],
    "SelectedPopupSkin": {
      "Collection": null,
      "FileName": "Popup.cshtml"
    },
    "CssClass": null,
    "TempPageCssClass": null,
    "_SuppressPartialFormCss": false,
    "ShowTitle": true,
    "ShowTitleActions": false,
    "ShowHelp": false,
    "Print": true,
    "ShowFormButtons": true,
    "AnchorId": null,
    "AllowedRoles": [
      {
        "RoleId": 999,
        "View": 1,
        "Edit": 0,
        "Remove": 0,
        "Extra1": 0,
        "Extra2": 0,
        "Extra3": 0,
        "Extra4": 0,
        "Extra5": 0
      },
      {
        "RoleId": 998,
        "View": 1,
        "Edit": 0,
        "Remove": 0,
        "Extra1": 0,
        "Extra2": 0,
        "Extra3": 0,
        "Extra4": 0,
        "Extra5": 0
      },
      {
        "RoleId": 1000,
        "View": 1,
        "Edit": 1,
        "Remove": 1,
        "Extra1": 1,
        "Extra2": 1,
        "Extra3": 1,
        "Extra4": 1,
        "Extra5": 1
      }
    ],
    "AllowedUsers": [],
    "ReferencedModules": []
  }
]