﻿<?xml version="1.0" encoding="utf-8"?>
<!--YetaWF.Core.Serializers.SerializableList`1[YetaWF.Core.Site.SiteDefinition]-->
<Object Type="YetaWF.Core.Serializers.SerializableList`1[[YetaWF.Core.Site.SiteDefinition, YetaWF.Core, Culture=neutral, PublicKeyToken=null]]" Assembly="YetaWF.Core">
  <Properties />
  <List>
    <Value>
      <Object Type="YetaWF.Core.Site.SiteDefinition" Assembly="YetaWF.Core">
        <Properties>
          <Identity Value="1000" />
          <SiteDomain Value="YetaWFDist4" />
          <SiteName Value="YetaWFDist4" />
          <PortNumber Value="-1" />
          <PortNumberSSL Value="-1" />
          <Localization Value="True" />
          <DefaultLanguageId Value="en-US" />
          <AllowAnonymousUsers Value="True" />
          <Locked Value="False" />
          <LockedForIP />
          <LockedExternalForIP />
          <LockedUrl Value="/Maintenance/Offline For Maintenance.html" />
          <AllowPopups Value="True" />
          <CssNoTooltips Value="linkpreview-show peelback" />
          <FavIcon_Data Value="" />
          <FavIconLrg_Data Value="" />
          <Country Value="United States" />
          <Currency Value="USD" />
          <CurrencyFormat Value="$ #,0.00" />
          <CurrencyDecimals Value="2" />
          <StaticPages Value="False" />
          <AllowCacheUse Value="True" />
          <Compression Value="True" />
          <CompressCSSFiles Value="True" />
          <BundleCSSFiles Value="True" />
          <BundleCSSFilesContent Value="False" />
          <CompressJSFiles Value="True" />
          <BundleJSFiles Value="True" />
          <BundleJSFilesContent Value="False" />
          <Copyright Value="YetaWF.com - © Copyright &lt;&lt;Year&gt;&gt; Softel vdm, Inc." />
          <UseCDNComponents Value="False" />
          <UseCDN Value="False" />
          <CDNUrl />
          <CDNUrlSecure />
          <CDNSiteFiles Value="False" />
          <CDNVault Value="False" />
          <CDNScriptsContent Value="False" />
          <CDNAddons Value="False" />
          <CDNAddonsCustom Value="False" />
          <CDNAddonsBundles Value="False" />
          <CDNFileImage Value="False" />
          <EmailDebug Value="False" />
          <AdminEmail Value="youremail@YetaWFDist4" />
          <SMTP>
            <Object Type="YetaWF.Core.SendEmail.SMTPServer" Assembly="YetaWF.Core">
              <Properties>
                <Server Value="mail.YetaWFDist4" />
                <Port Value="25" />
                <Authentication Value="1" />
                <UserName Value="youremail@YetaWFDist4" />
                <Password Value="somepassword" />
                <SSL Value="False" />
              </Properties>
            </Object>
          </SMTP>
          <HomePageUrl Value="/" />
          <EnforceSiteUrl Value="False" />
          <PageSecurity Value="0" />
          <NotFoundUrl Value="/Errors/404" />
          <MobileSiteUrl />
          <UnsupportedBrowserUrl Value="/Maintenance/Unsupported Browser.html" />
          <LoginUrl Value="/User/Login" />
          <ExternalAccountSetupUrl Value="/User/Setup External Account" />
          <ReferencedModules>
            <Object Type="YetaWF.Core.Serializers.SerializableList`1[[YetaWF.Core.Modules.ModuleDefinition+ReferencedModule, YetaWF.Core, Culture=neutral, PublicKeyToken=null]]" Assembly="YetaWF.Core">
              <Properties />
              <List />
            </Object>
          </ReferencedModules>
          <SelectedSkin>
            <Object Type="YetaWF.Core.Skins.SkinDefinition" Assembly="YetaWF.Core">
              <Properties>
                <Collection Value="YetaWF/BootstrapSample/BootstrapSkin" />
                <FileName Value="Default.cshtml" />
              </Properties>
            </Object>
          </SelectedSkin>
          <SelectedPopupSkin>
            <Object Type="YetaWF.Core.Skins.SkinDefinition" Assembly="YetaWF.Core">
              <Properties>
                <Collection Value="YetaWF/BootstrapSample/BootstrapSkin" />
                <FileName Value="Popup.cshtml" />
              </Properties>
            </Object>
          </SelectedPopupSkin>
          <FormErrorsImmed Value="False" />
          <jQueryUISkin Value="Start" />
          <KendoUISkin Value="Blue Opal" />
          <TabStyle Value="0" />
          <PublicKey Value="&lt;RSAKeyValue&gt;&lt;Modulus&gt;zT3RON5NAFNmf7iuzluw0ZvxObdwgVTilfPjMDtau990jXgig+/By/OY7GkIVQESIZpzJmJhUfoz0G+x9QaCa6z2S0tLQpoPsvSGFWw5MHIhKx/ks2QNJRrg5dgS0CCSl8YCBM+1jzFfolVgA1DtmhXJLs6uCy7QFbcyQ6BtrbE=&lt;/Modulus&gt;&lt;Exponent&gt;AQAB&lt;/Exponent&gt;&lt;/RSAKeyValue&gt;" />
          <PrivateKey Value="&lt;RSAKeyValue&gt;&lt;Modulus&gt;zT3RON5NAFNmf7iuzluw0ZvxObdwgVTilfPjMDtau990jXgig+/By/OY7GkIVQESIZpzJmJhUfoz0G+x9QaCa6z2S0tLQpoPsvSGFWw5MHIhKx/ks2QNJRrg5dgS0CCSl8YCBM+1jzFfolVgA1DtmhXJLs6uCy7QFbcyQ6BtrbE=&lt;/Modulus&gt;&lt;Exponent&gt;AQAB&lt;/Exponent&gt;&lt;P&gt;00m2MHESypt/8n/srEv/i/ThWQLrvgJJKw1bGtC/rjnmEqwLkxjWlCMvtyjF42TGovm6CI7M8Y+dP7WU0kJbkw==&lt;/P&gt;&lt;Q&gt;+KyLlG8Tq4M2t6z8HrnHwrB9bkezUEHnDo6Ulj4gbr4YrNh830GJEnq822rb/B5g8zN5HRWwxGAX2KaQLv4EKw==&lt;/Q&gt;&lt;DP&gt;OBInt1NKmVoK6l/ofxDsEEg8RVLxHMuefz5cHxGmzKWw2OOvbqn4x/dOglzfpyjnTfjX1c2PtctW/8FAbUwO4Q==&lt;/DP&gt;&lt;DQ&gt;wmn7kiepRC0IiV8nmUn7n/1lguNxkCyF3T6hcjjOGGZsWi3CqrTM2nK01gJcTGbfuyOh65g6o7zQx+Oo0+RqEw==&lt;/DQ&gt;&lt;InverseQ&gt;IiqmNkOdDila1yR6TbOrT2F3PVmexLIj7Ei2TX3ffT3vpjzPHRZ8VUNuKEMQX4Q3HQTjBWwIIQqgsLh1uOWkxQ==&lt;/InverseQ&gt;&lt;D&gt;tlVKwAjNw5JUJvd9ZJqUlULCpRHQgzVULv+CP+EbFHjJ5LxrfWbMdlIs8ynEWzAeWXgLAHi6GMf8rBnusM1doo5fKBcgpNlRR/ENE9cKA0egvcOg7pvfcZ2HVF8I4ntxJq1bYdbWIYBV4xHx3EeT17CCdKqRb/uI6o1xj7a92tk=&lt;/D&gt;&lt;/RSAKeyValue&gt;" />
          <Analytics />
          <AnalyticsContent />
          <GoogleVerification />
          <ExtraHead />
          <ExtraBodyTop />
          <ExtraBodyBottom />
          <UseGeoLocation Value="False" />
          <SiteMetaTags />
          <PageMetaTags />
          <SiteMapPriority Value="50" />
          <DefaultChangeFrequency Value="4" />
        </Properties>
      </Object>
    </Value>
  </List>
</Object>