[
  {
    "Name": "Modules",
    "Title": {
      "en-US": "Modules"
    },
    "Visible": true,
    "ModuleSecurity": 0,
    "WantSearch": true,
    "WantFocus": true,
    "Description": {
      "en-US": "Displays and manages modules"
    },
    "ModuleGuid": "75876a21-9fa4-4235-abfa-7daf8f29a064",
    "DateCreated": "2015-04-02T16:32:08.1016105",
    "DateUpdated": "2018-04-16T00:58:14.4146848",
    "SkinDefinitions": [],
    "SelectedPopupSkin": {
      "Collection": null,
      "FileName": null
    },
    "CssClass": null,
    "TempPageCssClass": null,
    "_SuppressPartialFormCss": false,
    "ShowTitle": true,
    "ShowTitleActions": false,
    "ShowHelp": false,
    "Print": true,
    "ShowFormButtons": true,
    "AnchorId": null,
    "AllowedRoles": [
      {
        "RoleId": 1000,
        "View": 1,
        "Edit": 1,
        "Remove": 1,
        "Extra1": 1,
        "Extra2": 1,
        "Extra3": 1,
        "Extra4": 1,
        "Extra5": 1
      }
    ],
    "AllowedUsers": [],
    "ReferencedModules": []
  }
]