[
  {
    "Name": "Tiny Language (Skin)",
    "Title": {
      "en-US": "(untitled)"
    },
    "Visible": true,
    "ModuleSecurity": 0,
    "WantSearch": false,
    "WantFocus": false,
    "Description": {
      "en-US": "Allow user selection of the site's default language"
    },
    "ModuleGuid": "e24356d7-9f90-42e6-a370-ecdb36fd34f5",
    "DateCreated": "2018-05-06T17:02:25.404808",
    "DateUpdated": "2018-05-06T17:02:25.4128133",
    "SkinDefinitions": [
      {
        "Collection": "YetaWF/BootstrapSample/BootstrapSkin",
        "FileName": "modStandard"
      },
      {
        "Collection": "YetaWF/BusinessCasualSkin/BusinessCasual",
        "FileName": "modStandard"
      },
      {
        "Collection": "YetaWF/DefaultSkin/DefaultSkin",
        "FileName": "modStandard"
      },
      {
        "Collection": "YetaWF/Core/Standard",
        "FileName": "modStandard"
      }
    ],
    "SelectedPopupSkin": {
      "Collection": null,
      "FileName": "Popup.cshtml"
    },
    "CssClass": "skinTinyLanguage",
    "TempPageCssClass": null,
    "_SuppressPartialFormCss": true,
    "ShowTitle": false,
    "ShowTitleActions": false,
    "ShowHelp": false,
    "Print": false,
    "ShowFormButtons": true,
    "AnchorId": null,
    "AllowedRoles": [
      {
        "RoleId": 1000,
        "View": 1,
        "Edit": 1,
        "Remove": 1,
        "Extra1": 0,
        "Extra2": 0,
        "Extra3": 0,
        "Extra4": 0,
        "Extra5": 0
      },
      {
        "RoleId": 999,
        "View": 1,
        "Edit": 0,
        "Remove": 0,
        "Extra1": 0,
        "Extra2": 0,
        "Extra3": 0,
        "Extra4": 0,
        "Extra5": 0
      },
      {
        "RoleId": 1001,
        "View": 0,
        "Edit": 0,
        "Remove": 0,
        "Extra1": 0,
        "Extra2": 0,
        "Extra3": 0,
        "Extra4": 0,
        "Extra5": 0
      },
      {
        "RoleId": 997,
        "View": 0,
        "Edit": 0,
        "Remove": 0,
        "Extra1": 0,
        "Extra2": 0,
        "Extra3": 0,
        "Extra4": 0,
        "Extra5": 0
      },
      {
        "RoleId": 998,
        "View": 1,
        "Edit": 0,
        "Remove": 0,
        "Extra1": 0,
        "Extra2": 0,
        "Extra3": 0,
        "Extra4": 0,
        "Extra5": 0
      },
      {
        "RoleId": 996,
        "View": 0,
        "Edit": 0,
        "Remove": 0,
        "Extra1": 0,
        "Extra2": 0,
        "Extra3": 0,
        "Extra4": 0,
        "Extra5": 0
      }
    ],
    "AllowedUsers": [],
    "ReferencedModules": []
  }
]