[
  {
    "Name": "Template Test - RecaptchaV2",
    "Title": {
      "en-US": "RecaptchaV2 Test Template"
    },
    "Visible": true,
    "ModuleSecurity": 0,
    "WantSearch": true,
    "WantFocus": true,
    "Description": {
      "en-US": "RecaptchaV2 test template"
    },
    "ModuleGuid": "790a0251-5fb6-4a08-a8a1-0644e49a2396",
    "DateCreated": "2016-08-09T01:07:03.6343135",
    "DateUpdated": "2018-04-16T00:58:14.6249195",
    "SkinDefinitions": [],
    "SelectedPopupSkin": {
      "Collection": null,
      "FileName": null
    },
    "CssClass": null,
    "TempPageCssClass": null,
    "_SuppressPartialFormCss": false,
    "ShowTitle": true,
    "ShowTitleActions": false,
    "ShowHelp": false,
    "Print": true,
    "ShowFormButtons": true,
    "AnchorId": null,
    "AllowedRoles": [
      {
        "RoleId": 1000,
        "View": 1,
        "Edit": 1,
        "Remove": 1,
        "Extra1": 1,
        "Extra2": 1,
        "Extra3": 1,
        "Extra4": 1,
        "Extra5": 1
      }
    ],
    "AllowedUsers": [],
    "ReferencedModules": []
  }
]