[
  {
    "Name": "Template Test - ListOfEmailAddresses",
    "Title": {
      "en-US": "ListOfEmailAddresses Test Template"
    },
    "Visible": true,
    "ModuleSecurity": 0,
    "WantSearch": true,
    "WantFocus": true,
    "Description": {
      "en-US": "ListOfEmailAddresses test template"
    },
    "ModuleGuid": "d799315c-c1d8-4182-a4fe-4f06bf059fac",
    "DateCreated": "2017-04-25T14:02:36.5492152",
    "DateUpdated": "2018-04-16T00:58:17.6712761",
    "SkinDefinitions": [],
    "SelectedPopupSkin": {
      "Collection": null,
      "FileName": null
    },
    "CssClass": null,
    "TempPageCssClass": null,
    "_SuppressPartialFormCss": false,
    "ShowTitle": true,
    "ShowTitleActions": false,
    "ShowHelp": false,
    "Print": true,
    "ShowFormButtons": true,
    "AnchorId": null,
    "AllowedRoles": [
      {
        "RoleId": 1000,
        "View": 1,
        "Edit": 1,
        "Remove": 1,
        "Extra1": 1,
        "Extra2": 1,
        "Extra3": 1,
        "Extra4": 1,
        "Extra5": 1
      }
    ],
    "AllowedUsers": [],
    "ReferencedModules": []
  }
]