﻿<?xml version="1.0" encoding="utf-8"?>
<!--YetaWF.DataProvider.ModuleDefinitionDataProvider`2+ModData[System.Guid,YetaWF.Modules.Blog.Modules.CommentEditModule]-->
<Object Type="YetaWF.DataProvider.ModuleDefinitionDataProvider`2+ModData[[System.Guid, mscorlib, Culture=neutral, PublicKeyToken=b77a5c561934e089],[YetaWF.Modules.Blog.Modules.CommentEditModule, YetaWF.Blog, Culture=neutral, PublicKeyToken=null]]" Assembly="YetaWF.DataProvider.ModuleDefinition" AssemblyFull="YetaWF.DataProvider.ModuleDefinition, Version=2.8.0.0, Culture=neutral, PublicKeyToken=null">
  <Properties>
    <ModList>
      <Object Type="YetaWF.Core.Serializers.SerializableList`1[[YetaWF.Modules.Blog.Modules.CommentEditModule, YetaWF.Blog, Culture=neutral, PublicKeyToken=null]]" Assembly="YetaWF.Core">
        <Properties />
        <List />
      </Object>
    </ModList>
    <ImageList>
      <Object Type="YetaWF.Core.Serializers.SerializableList`1[[YetaWF.Core.Packages.SerializableFile, YetaWF.Core, Culture=neutral, PublicKeyToken=null]]" Assembly="YetaWF.Core">
        <Properties />
        <List />
      </Object>
    </ImageList>
  </Properties>
</Object>