[
  {
    "Name": "Select Flash Image (CKEditor)",
    "Title": {
      "en-US": "Select Flash Image"
    },
    "Visible": true,
    "ModuleSecurity": 0,
    "WantSearch": false,
    "WantFocus": true,
    "Description": {
      "en-US": "CKEditor interface to select or upload a Flash image"
    },
    "ModuleGuid": "2c77e09e-e789-483c-8bed-45eb555c9ca2",
    "DateCreated": "2015-10-09T15:43:59.6014552",
    "DateUpdated": "2018-04-16T10:28:32.7521319",
    "SkinDefinitions": [
      {
        "Collection": null,
        "FileName": null
      },
      {
        "Collection": null,
        "FileName": null
      },
      {
        "Collection": null,
        "FileName": null
      },
      {
        "Collection": null,
        "FileName": null
      },
      {
        "Collection": null,
        "FileName": null
      },
      {
        "Collection": null,
        "FileName": null
      }
    ],
    "SelectedPopupSkin": {
      "Collection": null,
      "FileName": null
    },
    "CssClass": null,
    "TempPageCssClass": null,
    "_SuppressPartialFormCss": false,
    "ShowTitle": true,
    "ShowTitleActions": false,
    "ShowHelp": false,
    "Print": true,
    "ShowFormButtons": true,
    "AnchorId": null,
    "AllowedRoles": [
      {
        "RoleId": 1000,
        "View": 1,
        "Edit": 1,
        "Remove": 1,
        "Extra1": 1,
        "Extra2": 1,
        "Extra3": 1,
        "Extra4": 1,
        "Extra5": 1
      }
    ],
    "AllowedUsers": [],
    "ReferencedModules": []
  }
]