{
  "PackageName": "YetaWF.ImageRepository",
  "PackageVersion": "4.0.0",
  "Data": [
    {
      "Class": "CKEBrowsePageModuleDataProvider",
      "Chunks": 1,
      "Files": []
    },
    {
      "Class": "CKEBrowseFlashModuleDataProvider",
      "Chunks": 1,
      "Files": []
    },
    {
      "Class": "CKEBrowseImagesModuleDataProvider",
      "Chunks": 1,
      "Files": []
    },
    {
      "Class": "TemplateTestModuleDataProvider",
      "Chunks": 1,
      "Files": [
        {
          "FileName": "\\YetaWF_Modules\\ea57e23f-041f-497f-8521-2d03f5d13781_Data\\Images\\YetAnotherWebD27aR00aP01ZL_mdm.jpg",
          "FileDate": "2018-08-15T11:52:41.9062426Z",
          "SiteSpecific": true
        }
      ]
    }
  ]
}