{
  "PackageName": "YetaWF.ImageRepository",
  "PackageVersion": "4.0.0",
  "Roles": [
    {
      "RoleName": "Superuser",
      "RoleId": 997
    },
    {
      "RoleName": "Administrator",
      "RoleId": 1000
    },
    {
      "RoleName": "Editor",
      "RoleId": 1001
    },
    {
      "RoleName": "User",
      "RoleId": 998
    },
    {
      "RoleName": "User (two-step authentication setup required)",
      "RoleId": 996
    },
    {
      "RoleName": "Anonymous",
      "RoleId": 999
    }
  ],
  "Users": [],
  "Data": [
    {
      "Class": "CKEBrowsePageModuleDataProvider",
      "Chunks": 1,
      "Files": []
    },
    {
      "Class": "CKEBrowseFlashModuleDataProvider",
      "Chunks": 1,
      "Files": []
    },
    {
      "Class": "CKEBrowseImagesModuleDataProvider",
      "Chunks": 1,
      "Files": []
    },
    {
      "Class": "TemplateTestModuleDataProvider",
      "Chunks": 1,
      "Files": [
        {
          "FileName": "\\YetaWF_Modules\\ea57e23f-041f-497f-8521-2d03f5d13781_Data\\Images\\YetAnotherWebD27aR00aP01ZL_mdm.jpg",
          "FileDate": "2018-09-01T12:34:49.4857518Z",
          "SiteSpecific": true
        }
      ]
    }
  ]
}