[
  {
    "Name": "Image Repository Template Test",
    "Title": {
      "en-US": "Image Repository Template Test"
    },
    "Visible": true,
    "ModuleSecurity": 0,
    "WantSearch": false,
    "WantFocus": true,
    "Description": {
      "en-US": "Image Repository Template Test"
    },
    "ModuleGuid": "ea57e23f-041f-497f-8521-2d03f5d13781",
    "DateCreated": "2015-10-21T18:45:40.1778476",
    "DateUpdated": "2018-04-16T00:58:18.3630946",
    "SkinDefinitions": [],
    "SelectedPopupSkin": {
      "Collection": null,
      "FileName": null
    },
    "CssClass": null,
    "TempPageCssClass": null,
    "_SuppressPartialFormCss": false,
    "ShowTitle": true,
    "ShowTitleActions": false,
    "ShowHelp": false,
    "Print": true,
    "ShowFormButtons": true,
    "AnchorId": null,
    "AllowedRoles": [
      {
        "RoleId": 1000,
        "View": 1,
        "Edit": 1,
        "Remove": 1,
        "Extra1": 1,
        "Extra2": 1,
        "Extra3": 1,
        "Extra4": 1,
        "Extra5": 1
      }
    ],
    "AllowedUsers": [],
    "ReferencedModules": []
  }
]