﻿<?xml version="1.0" encoding="utf-8"?>
<!--YetaWF.Core.Serializers.SerializableList`1[YetaWF.Modules.TinyLogin.Modules.TinyLoginModule]-->
<Object Type="YetaWF.Core.Serializers.SerializableList`1[[YetaWF.Modules.TinyLogin.Modules.TinyLoginModule, YetaWF.TinyLogin, Culture=neutral, PublicKeyToken=null]]" Assembly="YetaWF.Core">
  <Properties />
  <List>
    <Value>
      <Object Type="YetaWF.Modules.TinyLogin.Modules.TinyLoginModule" Assembly="YetaWF.TinyLogin" AssemblyFull="YetaWF.TinyLogin, Version=3.0.0.0, Culture=neutral, PublicKeyToken=null">
        <Properties>
          <UseFullPage Value="False" />
          <AllowUserRegistration Value="True" />
          <LogonUrl />
          <LogoffUrl Value="/YetaWF_Identity/LoginDirect/Logoff" />
          <RegisterUrl Value="/User/Register" />
          <UserUrl Value="/User/Account" />
          <UserTooltip>
            <Object Type="YetaWF.Core.Models.MultiString" Assembly="YetaWF.Core">
              <Properties />
              <Dictionary>
                <Key Value="en-US" />
                <Value Value="Click to access your account information" />
              </Dictionary>
            </Object>
          </UserTooltip>
          <Name Value="Tiny Login (Skin)" />
          <Title>
            <Object Type="YetaWF.Core.Models.MultiString" Assembly="YetaWF.Core">
              <Properties />
              <Dictionary>
                <Key Value="en-US" />
                <Value Value="(untitled)" />
              </Dictionary>
            </Object>
          </Title>
          <Visible Value="True" />
          <ModuleSecurity Value="0" />
          <WantSearch Value="False" />
          <WantFocus Value="False" />
          <Description>
            <Object Type="YetaWF.Core.Models.MultiString" Assembly="YetaWF.Core">
              <Properties />
              <Dictionary>
                <Key Value="en-US" />
                <Value Value="Provides Login/Register links and displays a logged on user's account name" />
              </Dictionary>
            </Object>
          </Description>
          <ModuleGuid Value="9e929bdc-8810-4710-ab3d-b7bced570e02" />
          <DateCreated Value="636612229329986261" />
          <DateUpdated Value="636612229330226280" />
          <SkinDefinitions>
            <Object Type="YetaWF.Core.Serializers.SerializableList`1[[YetaWF.Core.Skins.SkinDefinition, YetaWF.Core, Culture=neutral, PublicKeyToken=null]]" Assembly="YetaWF.Core">
              <Properties />
              <List>
                <Value>
                  <Object Type="YetaWF.Core.Skins.SkinDefinition" Assembly="YetaWF.Core">
                    <Properties>
                      <Collection Value="YetaWF/BootstrapSample/BootstrapSkin" />
                      <FileName Value="modStandard" />
                    </Properties>
                  </Object>
                </Value>
                <Value>
                  <Object Type="YetaWF.Core.Skins.SkinDefinition" Assembly="YetaWF.Core">
                    <Properties>
                      <Collection Value="YetaWF/BusinessCasualSkin/BusinessCasual" />
                      <FileName Value="modStandard" />
                    </Properties>
                  </Object>
                </Value>
                <Value>
                  <Object Type="YetaWF.Core.Skins.SkinDefinition" Assembly="YetaWF.Core">
                    <Properties>
                      <Collection Value="YetaWF/DefaultSkin/DefaultSkin" />
                      <FileName Value="modStandard" />
                    </Properties>
                  </Object>
                </Value>
                <Value>
                  <Object Type="YetaWF.Core.Skins.SkinDefinition" Assembly="YetaWF.Core">
                    <Properties>
                      <Collection Value="YetaWF/Core/Standard" />
                      <FileName Value="modStandard" />
                    </Properties>
                  </Object>
                </Value>
              </List>
            </Object>
          </SkinDefinitions>
          <SelectedPopupSkin>
            <Object Type="YetaWF.Core.Skins.SkinDefinition" Assembly="YetaWF.Core">
              <Properties>
                <Collection />
                <FileName Value="Popup.cshtml" />
              </Properties>
            </Object>
          </SelectedPopupSkin>
          <CssClass Value="skinTinyLogin" />
          <TempPageCssClass />
          <_SuppressPartialFormCss Value="True" />
          <ShowTitle Value="False" />
          <ShowTitleActions Value="False" />
          <ShowHelp Value="False" />
          <Print Value="False" />
          <ShowFormButtons Value="True" />
          <AnchorId />
          <AllowedRoles>
            <Object Type="YetaWF.Core.Serializers.SerializableList`1[[YetaWF.Core.Modules.ModuleDefinition+AllowedRole, YetaWF.Core, Culture=neutral, PublicKeyToken=null]]" Assembly="YetaWF.Core">
              <Properties />
              <List>
                <Value>
                  <Object Type="YetaWF.Core.Modules.ModuleDefinition+AllowedRole" Assembly="YetaWF.Core">
                    <Properties>
                      <RoleId Value="1000" />
                      <View Value="1" />
                      <Edit Value="1" />
                      <Remove Value="1" />
                      <Extra1 Value="0" />
                      <Extra2 Value="0" />
                      <Extra3 Value="0" />
                      <Extra4 Value="0" />
                      <Extra5 Value="0" />
                    </Properties>
                  </Object>
                </Value>
                <Value>
                  <Object Type="YetaWF.Core.Modules.ModuleDefinition+AllowedRole" Assembly="YetaWF.Core">
                    <Properties>
                      <RoleId Value="999" />
                      <View Value="1" />
                      <Edit Value="0" />
                      <Remove Value="0" />
                      <Extra1 Value="0" />
                      <Extra2 Value="0" />
                      <Extra3 Value="0" />
                      <Extra4 Value="0" />
                      <Extra5 Value="0" />
                    </Properties>
                  </Object>
                </Value>
                <Value>
                  <Object Type="YetaWF.Core.Modules.ModuleDefinition+AllowedRole" Assembly="YetaWF.Core">
                    <Properties>
                      <RoleId Value="1001" />
                      <View Value="0" />
                      <Edit Value="0" />
                      <Remove Value="0" />
                      <Extra1 Value="0" />
                      <Extra2 Value="0" />
                      <Extra3 Value="0" />
                      <Extra4 Value="0" />
                      <Extra5 Value="0" />
                    </Properties>
                  </Object>
                </Value>
                <Value>
                  <Object Type="YetaWF.Core.Modules.ModuleDefinition+AllowedRole" Assembly="YetaWF.Core">
                    <Properties>
                      <RoleId Value="997" />
                      <View Value="0" />
                      <Edit Value="0" />
                      <Remove Value="0" />
                      <Extra1 Value="0" />
                      <Extra2 Value="0" />
                      <Extra3 Value="0" />
                      <Extra4 Value="0" />
                      <Extra5 Value="0" />
                    </Properties>
                  </Object>
                </Value>
                <Value>
                  <Object Type="YetaWF.Core.Modules.ModuleDefinition+AllowedRole" Assembly="YetaWF.Core">
                    <Properties>
                      <RoleId Value="998" />
                      <View Value="1" />
                      <Edit Value="0" />
                      <Remove Value="0" />
                      <Extra1 Value="0" />
                      <Extra2 Value="0" />
                      <Extra3 Value="0" />
                      <Extra4 Value="0" />
                      <Extra5 Value="0" />
                    </Properties>
                  </Object>
                </Value>
                <Value>
                  <Object Type="YetaWF.Core.Modules.ModuleDefinition+AllowedRole" Assembly="YetaWF.Core">
                    <Properties>
                      <RoleId Value="996" />
                      <View Value="0" />
                      <Edit Value="0" />
                      <Remove Value="0" />
                      <Extra1 Value="0" />
                      <Extra2 Value="0" />
                      <Extra3 Value="0" />
                      <Extra4 Value="0" />
                      <Extra5 Value="0" />
                    </Properties>
                  </Object>
                </Value>
              </List>
            </Object>
          </AllowedRoles>
          <AllowedUsers>
            <Object Type="YetaWF.Core.Serializers.SerializableList`1[[YetaWF.Core.Modules.ModuleDefinition+AllowedUser, YetaWF.Core, Culture=neutral, PublicKeyToken=null]]" Assembly="YetaWF.Core">
              <Properties />
              <List />
            </Object>
          </AllowedUsers>
          <ReferencedModules>
            <Object Type="YetaWF.Core.Serializers.SerializableList`1[[YetaWF.Core.Modules.ModuleDefinition+ReferencedModule, YetaWF.Core, Culture=neutral, PublicKeyToken=null]]" Assembly="YetaWF.Core">
              <Properties />
              <List />
            </Object>
          </ReferencedModules>
        </Properties>
      </Object>
    </Value>
  </List>
</Object>