[
  {
    "Name": "Alert Message (Skin)",
    "Title": {
      "en-US": "Alert Message (Skin)"
    },
    "Visible": true,
    "ModuleSecurity": 0,
    "WantSearch": false,
    "WantFocus": false,
    "Description": {
      "en-US": "Displays an Alert message"
    },
    "ModuleGuid": "24b7dc07-e96a-409d-911f-47bffd38d0fc",
    "DateCreated": "2016-10-09T20:44:39.3992529",
    "DateUpdated": "2018-04-16T00:58:10.8779428",
    "SkinDefinitions": [],
    "SelectedPopupSkin": {
      "Collection": null,
      "FileName": null
    },
    "CssClass": null,
    "TempPageCssClass": null,
    "_SuppressPartialFormCss": false,
    "ShowTitle": false,
    "ShowTitleActions": false,
    "ShowHelp": false,
    "Print": false,
    "ShowFormButtons": true,
    "AnchorId": null,
    "AllowedRoles": [
      {
        "RoleId": 999,
        "View": 1,
        "Edit": 0,
        "Remove": 0,
        "Extra1": 0,
        "Extra2": 0,
        "Extra3": 0,
        "Extra4": 0,
        "Extra5": 0
      },
      {
        "RoleId": 998,
        "View": 1,
        "Edit": 0,
        "Remove": 0,
        "Extra1": 0,
        "Extra2": 0,
        "Extra3": 0,
        "Extra4": 0,
        "Extra5": 0
      },
      {
        "RoleId": 1000,
        "View": 1,
        "Edit": 1,
        "Remove": 1,
        "Extra1": 1,
        "Extra2": 1,
        "Extra3": 1,
        "Extra4": 1,
        "Extra5": 1
      }
    ],
    "AllowedUsers": [],
    "ReferencedModules": []
  }
]