{
  "PackageName": "YetaWF.Basics",
  "PackageVersion": "4.0.0",
  "Roles": [
    {
      "RoleName": "Superuser",
      "RoleId": 997
    },
    {
      "RoleName": "Administrator",
      "RoleId": 1000
    },
    {
      "RoleName": "Editor",
      "RoleId": 1001
    },
    {
      "RoleName": "User",
      "RoleId": 998
    },
    {
      "RoleName": "User (two-step authentication setup required)",
      "RoleId": 996
    },
    {
      "RoleName": "Anonymous",
      "RoleId": 999
    }
  ],
  "Users": [],
  "Data": [
    {
      "Class": "AlertConfigModuleDataProvider",
      "Chunks": 1,
      "Files": []
    },
    {
      "Class": "AlertDisplayModuleDataProvider",
      "Chunks": 1,
      "Files": []
    },
    {
      "Class": "MailtoObfuscatorSkinModuleDataProvider",
      "Chunks": 1,
      "Files": []
    },
    {
      "Class": "RecaptchaV2ConfigModuleDataProvider",
      "Chunks": 1,
      "Files": []
    },
    {
      "Class": "ModuleSkinInfoModuleDataProvider",
      "Chunks": 1,
      "Files": []
    },
    {
      "Class": "ShowMessageModuleDataProvider",
      "Chunks": 1,
      "Files": []
    },
    {
      "Class": "AlertConfigDataProvider",
      "Chunks": 1,
      "Files": []
    },
    {
      "Class": "RecaptchaV2ConfigDataProvider",
      "Chunks": 1,
      "Files": []
    }
  ]
}