[
  {
    "Name": "Mailto Obfuscator (Skin)",
    "Title": {
      "en-US": "Mailto Obfuscator"
    },
    "Visible": true,
    "ModuleSecurity": 0,
    "WantSearch": false,
    "WantFocus": false,
    "Description": {
      "en-US": "Skin module implementing mailto obfuscation using javascript"
    },
    "ModuleGuid": "749d0ca9-75e5-40b8-82e3-466a11d3b1d2",
    "DateCreated": "2016-05-06T15:32:20.2057603",
    "DateUpdated": "2018-04-16T00:58:14.306539",
    "SkinDefinitions": [
      {
        "Collection": null,
        "FileName": null
      },
      {
        "Collection": null,
        "FileName": null
      },
      {
        "Collection": null,
        "FileName": null
      },
      {
        "Collection": null,
        "FileName": null
      },
      {
        "Collection": null,
        "FileName": null
      },
      {
        "Collection": null,
        "FileName": null
      },
      {
        "Collection": null,
        "FileName": null
      },
      {
        "Collection": null,
        "FileName": null
      },
      {
        "Collection": null,
        "FileName": null
      }
    ],
    "SelectedPopupSkin": {
      "Collection": null,
      "FileName": null
    },
    "CssClass": null,
    "TempPageCssClass": null,
    "_SuppressPartialFormCss": false,
    "ShowTitle": false,
    "ShowTitleActions": false,
    "ShowHelp": false,
    "Print": true,
    "ShowFormButtons": true,
    "AnchorId": null,
    "AllowedRoles": [
      {
        "RoleId": 999,
        "View": 1,
        "Edit": 0,
        "Remove": 0,
        "Extra1": 0,
        "Extra2": 0,
        "Extra3": 0,
        "Extra4": 0,
        "Extra5": 0
      },
      {
        "RoleId": 998,
        "View": 1,
        "Edit": 0,
        "Remove": 0,
        "Extra1": 0,
        "Extra2": 0,
        "Extra3": 0,
        "Extra4": 0,
        "Extra5": 0
      },
      {
        "RoleId": 1000,
        "View": 1,
        "Edit": 1,
        "Remove": 1,
        "Extra1": 1,
        "Extra2": 1,
        "Extra3": 1,
        "Extra4": 1,
        "Extra5": 1
      }
    ],
    "AllowedUsers": [],
    "ReferencedModules": []
  }
]