[
  {
    "Name": "RecaptchaV2 Settings",
    "Title": {
      "en-US": "RecaptchaV2 Settings"
    },
    "Visible": true,
    "ModuleSecurity": 0,
    "WantSearch": true,
    "WantFocus": true,
    "Description": {
      "en-US": "Edits the RecaptchaV2 settings"
    },
    "ModuleGuid": "6256fc1b-6e81-4b2a-9d99-ff79ff425c86",
    "DateCreated": "2016-08-09T01:07:03.0878717",
    "DateUpdated": "2018-04-16T00:58:13.3763278",
    "SkinDefinitions": [],
    "SelectedPopupSkin": {
      "Collection": null,
      "FileName": null
    },
    "CssClass": null,
    "TempPageCssClass": null,
    "_SuppressPartialFormCss": false,
    "ShowTitle": true,
    "ShowTitleActions": false,
    "ShowHelp": true,
    "Print": true,
    "ShowFormButtons": true,
    "AnchorId": null,
    "AllowedRoles": [
      {
        "RoleId": 1000,
        "View": 1,
        "Edit": 1,
        "Remove": 1,
        "Extra1": 1,
        "Extra2": 1,
        "Extra3": 1,
        "Extra4": 1,
        "Extra5": 1
      }
    ],
    "AllowedUsers": [],
    "ReferencedModules": []
  }
]