﻿<?xml version="1.0" encoding="utf-8"?>
<!--YetaWF.Core.Serializers.SerializableList`1[YetaWF.Modules.UserSettings.DataProvider.UserData]-->
<Object Type="YetaWF.Core.Serializers.SerializableList`1[[YetaWF.Modules.UserSettings.DataProvider.UserData, YetaWF.UserSettings, Culture=neutral, PublicKeyToken=null]]" Assembly="YetaWF.Core">
  <Properties />
  <List>
    <Value>
      <Object Type="YetaWF.Modules.UserSettings.DataProvider.UserData" Assembly="YetaWF.UserSettings" AssemblyFull="YetaWF.UserSettings, Version=2.5.2.0, Culture=neutral, PublicKeyToken=null">
        <Properties>
          <Key Value="1" />
          <DateFormat Value="0" />
          <TimeZone Value="Eastern Standard Time" />
          <TimeFormat Value="0" />
          <LanguageId Value="en-US" />
          <ShowGridSearchToolbar Value="True" />
          <ShowModuleOwnership Value="False" />
          <ShowPageOwnership Value="False" />
          <ShowEnumValue Value="False" />
          <ShowVariables Value="False" />
          <ShowInternals Value="False" />
          <ConfirmDelete Value="True" />
          <ConfirmActions Value="True" />
        </Properties>
      </Object>
    </Value>
  </List>
</Object>