[
  {
    "Name": "TawkTo Settings",
    "Title": {
      "en-US": "TawkTo Settings"
    },
    "Visible": true,
    "ModuleSecurity": 0,
    "WantSearch": true,
    "WantFocus": true,
    "Description": {
      "en-US": "Edits a site's tawkto settings"
    },
    "ModuleGuid": "fdfa95b0-1dfb-4f62-ab07-7328c9d3aff2",
    "DateCreated": "2018-04-15T20:47:18.1795468",
    "DateUpdated": "2018-04-16T00:58:18.9886688",
    "SkinDefinitions": [],
    "SelectedPopupSkin": {
      "Collection": null,
      "FileName": null
    },
    "CssClass": null,
    "TempPageCssClass": null,
    "_SuppressPartialFormCss": false,
    "ShowTitle": true,
    "ShowTitleActions": true,
    "ShowHelp": true,
    "Print": true,
    "ShowFormButtons": true,
    "AnchorId": null,
    "AllowedRoles": [
      {
        "RoleId": 1000,
        "View": 1,
        "Edit": 1,
        "Remove": 1,
        "Extra1": 1,
        "Extra2": 1,
        "Extra3": 1,
        "Extra4": 1,
        "Extra5": 1
      }
    ],
    "AllowedUsers": [],
    "ReferencedModules": []
  }
]