[
  {
    "Identity": 1000,
    "SiteDomain": "YetaWFDist4",
    "SiteName": "YetaWFDist4",
    "EnforceSiteUrl": false,
    "PageSecurity": 0,
    "EnforceSitePort": false,
    "PortNumber": 80,
    "PortNumberSSL": 443,
    "Localization": true,
    "DefaultLanguageId": "en-US",
    "AllowAnonymousUsers": true,
    "Locked": false,
    "LockedForIP": null,
    "LockedExternalForIP": null,
    "LockedUrl": "/Maintenance/Offline For Maintenance.html",
    "AllowPopups": true,
    "CssNoTooltips": "linkpreview-show peelback",
    "FavIcon_Data": "",
    "FavIconLrg_Data": "",
    "Country": "United States",
    "Currency": "USD",
    "CurrencyFormat": "$ #,0.00",
    "CurrencyDecimals": 2,
    "StaticPages": false,
    "AllowCacheUse": true,
    "Compression": true,
    "CompressCSSFiles": true,
    "BundleCSSFiles": true,
    "CssLocation": 1,
    "CompressJSFiles": true,
    "BundleJSFiles": true,
    "JSLocation": 1,
    "DisableMinimizeFUOC": false,
    "IFrameUse": 0,
    "Copyright": "YetaWF.com - © Copyright <<Year>> Softel vdm, Inc.",
    "UseCDNComponents": false,
    "UseCDN": false,
    "CDNUrl": null,
    "CDNUrlSecure": null,
    "StaticDomain": null,
    "EmailDebug": false,
    "AdminEmail": "youremail@YetaWFDist4",
    "SMTP": {
      "Server": "mail.YetaWFDist4",
      "Port": 25,
      "Authentication": 1,
      "UserName": "youremail@YetaWFDist4",
      "Password": "somepassword",
      "SSL": false
    },
    "HomePageUrl": "/",
    "NotFoundUrl": "/Errors/404",
    "MobileSiteUrl": null,
    "UnsupportedBrowserUrl": "/Maintenance/Unsupported Browser.html",
    "LoginUrl": "/User/Login",
    "ExternalAccountSetupUrl": "/User/Setup External Account",
    "ReferencedModules": [],
    "SelectedSkin": {
      "Collection": "YetaWF/DefaultSkin/DefaultSkin",
      "FileName": "Default.cshtml"
    },
    "SelectedPopupSkin": {
      "Collection": "YetaWF/DefaultSkin/DefaultSkin",
      "FileName": "Popup.cshtml"
    },
    "FormErrorsImmed": false,
    "BootstrapSkin": "Bootstrap Default",
    "jQueryUISkin": "Start",
    "KendoUISkin": "Blue Opal",
    "TabStyle": 0,
    "PublicKey": "<RSAKeyValue><Modulus>9T/4ipeuenwDr+wXUhNPwt+q2GJ07WC6KvpaHvd5U6MTENlQ8wk8/WdGrPYOehW4l0XMxiatkhXwN4EGtuCIYj75SkbL5Or+I0ZZ4mUKW+qEggvqg2qbBPseQtWir3f7TbCvW/feH6DWAiJd76XVmQn3uR0MR6W/aTKncH+L4yk=</Modulus><Exponent>AQAB</Exponent></RSAKeyValue>",
    "PrivateKey": "<RSAKeyValue><Modulus>9T/4ipeuenwDr+wXUhNPwt+q2GJ07WC6KvpaHvd5U6MTENlQ8wk8/WdGrPYOehW4l0XMxiatkhXwN4EGtuCIYj75SkbL5Or+I0ZZ4mUKW+qEggvqg2qbBPseQtWir3f7TbCvW/feH6DWAiJd76XVmQn3uR0MR6W/aTKncH+L4yk=</Modulus><Exponent>AQAB</Exponent><P>+Ee6C14F+kJej+PUqjkknDEl9ewb8b5B2ciSo5JzMKaGmqpcJqnilavjU4zZPKRuaKrXxL0MXrcUl8q708Hxzw==</P><Q>/OAfmIcjvIo37xCpQaXVB5EXSAp2L9IWsSSGM4A1a++Ty+0ZEHrXGXf+HZNAnsaNoSU/vkoPwN8lXuRM/idxhw==</Q><DP>N0Lnwv3zgKdjGs3QGO9NGcLKuzkJYz5As/Ozx9qh7vMxxJ0kk6p+d2fh2kfgVmIW/Q8BpZWaej5vw/Vo5xIk+w==</DP><DQ>9zQWTyKVIeQw5+juvXli9sG0870eaoNDoapl8wS7tKeBYVKINR8RFhnCdqEUA+NwYv8qAFkga1j5jHk8dxySEw==</DQ><InverseQ>FowglUoJA/kDyCFq96lUv4lY+9J4QupVsO82Yv1ho63wML6GuKX7w7BK9qSX3cPLGZ/I0VPlwv6wXZ94XqVQtQ==</InverseQ><D>Lf6wWzW1SE1n1598hC0RAWg3P1u/uCEy6QqIylP5UiE8WyWWk+4AnTm4PIntDyJxuxUhIWxxkvtAUPiGzNdxXDWb7PbwNN3GCTQAJQbAhy7kEklZ3b+oG8zyu4B9fHu7EBJuRx2P57mbgZwcD7NlqUo1JI6hN5dys+QYY0FiP30=</D></RSAKeyValue>",
    "Analytics": null,
    "AnalyticsContent": null,
    "GoogleVerification": null,
    "ExtraHead": null,
    "ExtraBodyTop": null,
    "ExtraBodyBottom": null,
    "UseGeoLocation": false,
    "SiteMetaTags": null,
    "PageMetaTags": null,
    "SiteMapPriority": 50,
    "DefaultChangeFrequency": 4
  }
]