{
  "$type": "YetaWF.Core.Serializers.SerializableList`1[[YetaWF.Core.Site.SiteDefinition, YetaWF.Core]], YetaWF.Core",
  "$values": [
    {
      "$type": "YetaWF.Core.Site.SiteDefinition, YetaWF.Core",
      "Identity": 1000,
      "SiteDomain": "YetaWFDist4",
      "SiteName": "YetaWFDist4",
      "EnforceSiteUrl": false,
      "PageSecurity": 0,
      "EnforceSitePort": false,
      "PortNumber": 80,
      "PortNumberSSL": 443,
      "Localization": true,
      "DefaultLanguageId": "en-US",
      "AllowAnonymousUsers": true,
      "Locked": false,
      "LockedForIP": null,
      "LockedExternalForIP": null,
      "LockedUrl": "/Maintenance/Offline For Maintenance.html",
      "AllowPopups": true,
      "CssNoTooltips": "linkpreview-show peelback",
      "FavIcon_Data": {
        "$type": "System.Byte[], mscorlib",
        "$value": ""
      },
      "FavIconLrg_Data": {
        "$type": "System.Byte[], mscorlib",
        "$value": ""
      },
      "Country": "United States",
      "Currency": "USD",
      "CurrencyFormat": "$ #,0.00",
      "CurrencyDecimals": 2,
      "StaticPages": false,
      "AllowCacheUse": true,
      "Compression": true,
      "CompressCSSFiles": true,
      "BundleCSSFiles": true,
      "CssLocation": 1,
      "CompressJSFiles": true,
      "BundleJSFiles": true,
      "JSLocation": 1,
      "DisableMinimizeFUOC": false,
      "IFrameUse": 0,
      "Copyright": "YetaWF.com - © Copyright <<Year>> Softel vdm, Inc.",
      "UseCDNComponents": false,
      "UseCDN": false,
      "CDNUrl": null,
      "CDNUrlSecure": null,
      "StaticDomain": null,
      "EmailDebug": false,
      "AdminEmail": "youremail@YetaWFDist4",
      "SMTP": {
        "$type": "YetaWF.Core.SendEmail.SMTPServer, YetaWF.Core",
        "Server": "mail.YetaWFDist4",
        "Port": 25,
        "Authentication": 1,
        "UserName": "youremail@YetaWFDist4",
        "Password": "somepassword",
        "SSL": false
      },
      "HomePageUrl": "/",
      "NotFoundUrl": "/Errors/404",
      "MobileSiteUrl": null,
      "UnsupportedBrowserUrl": "/Maintenance/Unsupported Browser.html",
      "LoginUrl": "/User/Login",
      "ExternalAccountSetupUrl": "/User/Setup External Account",
      "ReferencedModules": {
        "$type": "YetaWF.Core.Serializers.SerializableList`1[[YetaWF.Core.Modules.ModuleDefinition+ReferencedModule, YetaWF.Core]], YetaWF.Core",
        "$values": []
      },
      "SelectedSkin": {
        "$type": "YetaWF.Core.Skins.SkinDefinition, YetaWF.Core",
        "Collection": "YetaWF/DefaultSkin/DefaultSkin",
        "FileName": "Default.cshtml"
      },
      "SelectedPopupSkin": {
        "$type": "YetaWF.Core.Skins.SkinDefinition, YetaWF.Core",
        "Collection": "YetaWF/DefaultSkin/DefaultSkin",
        "FileName": "Popup.cshtml"
      },
      "FormErrorsImmed": false,
      "BootstrapSkin": "Bootstrap Default",
      "jQueryUISkin": "Start",
      "KendoUISkin": "Blue Opal",
      "TabStyle": 0,
      "PublicKey": "<RSAKeyValue><Modulus>0A0NsS2CJfnuy1RGJykhPGKxOj4nzm4t0doLEK6m6mO6m+lGE0Y49h6aof36CDPFecVhAoV6atm1PoFJEHEqXLABbFqIq8uHtn1iPXNcGZ+U/BCqfSosLht1RZ6hGlhSpcOlK+v3S5sRkmxoGE0Wa58i765OUA8DoXVjZMY8ZNE=</Modulus><Exponent>AQAB</Exponent></RSAKeyValue>",
      "PrivateKey": "<RSAKeyValue><Modulus>0A0NsS2CJfnuy1RGJykhPGKxOj4nzm4t0doLEK6m6mO6m+lGE0Y49h6aof36CDPFecVhAoV6atm1PoFJEHEqXLABbFqIq8uHtn1iPXNcGZ+U/BCqfSosLht1RZ6hGlhSpcOlK+v3S5sRkmxoGE0Wa58i765OUA8DoXVjZMY8ZNE=</Modulus><Exponent>AQAB</Exponent><P>5ewnh2XAtsLlm7484C1fL6FkgXWfLbcuKKB5ezePTC2VZ2zO4GGstIyseo+/YDdeu/nGt2ePC+kRZ0nr6MUTPw==</P><Q>56XbIxNJYx3mlgxUCDjWNjYWeeMIutPzFJJrEGjO5aZBE/qkp/+hZDo1Nhw+genSBcdy+iF+oTPuNH1C6H5T7w==</Q><DP>3XbI5Hw4UlIMhCWL0Ysigmh8vM4lEw28ollgajUsC/5kSIjgA/VRO1+8yxknB3COCZYfuI1BlgFbSBhF6aHaVQ==</DP><DQ>2iGrLedOduBEL01in+9tf9UE6zfoE43cW6XY3bXkBgq9Q2QFQxGL14acbty/27Pjin+a/IEn7gKpr5G4vJegzw==</DQ><InverseQ>lsUaSu9MAn1CL1mzOfXeSg/F7OUk7Zwg+ZhgLvHc2salJWnNnOlh/pPSZeB+UmxvSliff+7VBIrmzL+x1REqhg==</InverseQ><D>QtV+qYUiAwsX/+9xndDjoV9e6YPgC7tvMrOlzFUev7sLzlwQq85qK/5G1HUfJhVjgau7bzDr03ledNbZXtPLtGh7O+tYCixkn21rKv104jz+OIJdyHENyHF5x29wVADVyca+NQagv1BkqAOW+LGVV7SYV/r8b0e97A5Y1Sh9+BU=</D></RSAKeyValue>",
      "Analytics": null,
      "AnalyticsContent": null,
      "GoogleVerification": null,
      "ExtraHead": null,
      "ExtraBodyTop": null,
      "ExtraBodyBottom": null,
      "UseGeoLocation": false,
      "SiteMetaTags": null,
      "PageMetaTags": null,
      "SiteMapPriority": 50,
      "DefaultChangeFrequency": 4
    }
  ]
}