{
  "$type": "YetaWF.Core.Serializers.SerializableList`1[[YetaWF.Core.Site.SiteDefinition, YetaWF.Core]], YetaWF.Core",
  "$values": [
    {
      "$type": "YetaWF.Core.Site.SiteDefinition, YetaWF.Core",
      "Identity": 1000,
      "SiteDomain": "YetaWFDist4",
      "SiteName": "YetaWFDist4",
      "EnforceSiteUrl": false,
      "PageSecurity": 0,
      "EnforceSitePort": false,
      "PortNumber": 80,
      "PortNumberSSL": 443,
      "Localization": true,
      "DefaultLanguageId": "en-US",
      "AllowAnonymousUsers": true,
      "Locked": false,
      "LockedForIP": null,
      "LockedExternalForIP": null,
      "LockedUrl": "/Maintenance/Offline For Maintenance.html",
      "AllowPopups": true,
      "CssNoTooltips": "linkpreview-show peelback",
      "FavIcon_Data": {
        "$type": "System.Byte[], mscorlib",
        "$value": ""
      },
      "FavIconLrg_Data": {
        "$type": "System.Byte[], mscorlib",
        "$value": ""
      },
      "Country": "United States",
      "Currency": "USD",
      "CurrencyFormat": "$ #,0.00",
      "CurrencyDecimals": 2,
      "StaticPages": false,
      "AllowCacheUse": true,
      "Compression": true,
      "CompressCSSFiles": true,
      "BundleCSSFiles": true,
      "CssLocation": 1,
      "CompressJSFiles": true,
      "BundleJSFiles": true,
      "JSLocation": 1,
      "DisableMinimizeFUOC": false,
      "IFrameUse": 0,
      "Copyright": "YetaWF.com - © Copyright <<Year>> Softel vdm, Inc.",
      "UseCDNComponents": false,
      "UseCDN": false,
      "CDNUrl": null,
      "CDNUrlSecure": null,
      "StaticDomain": null,
      "EmailDebug": false,
      "AdminEmail": "youremail@YetaWFDist4",
      "SMTP": {
        "$type": "YetaWF.Core.SendEmail.SMTPServer, YetaWF.Core",
        "Server": "mail.YetaWFDist4",
        "Port": 25,
        "Authentication": 1,
        "UserName": "youremail@YetaWFDist4",
        "Password": "somepassword",
        "SSL": false
      },
      "HomePageUrl": "/",
      "NotFoundUrl": "/Errors/404",
      "MobileSiteUrl": null,
      "UnsupportedBrowserUrl": "/Maintenance/Unsupported Browser.html",
      "LoginUrl": "/User/Login",
      "ExternalAccountSetupUrl": "/User/Setup External Account",
      "ReferencedModules": {
        "$type": "YetaWF.Core.Serializers.SerializableList`1[[YetaWF.Core.Modules.ModuleDefinition+ReferencedModule, YetaWF.Core]], YetaWF.Core",
        "$values": []
      },
      "SelectedSkin": {
        "$type": "YetaWF.Core.Skins.SkinDefinition, YetaWF.Core",
        "Collection": "YetaWF/DefaultSkin/DefaultSkin",
        "FileName": "Default.cshtml"
      },
      "SelectedPopupSkin": {
        "$type": "YetaWF.Core.Skins.SkinDefinition, YetaWF.Core",
        "Collection": "YetaWF/DefaultSkin/DefaultSkin",
        "FileName": "Popup.cshtml"
      },
      "FormErrorsImmed": false,
      "BootstrapSkin": "Bootstrap Default",
      "jQueryUISkin": "Start",
      "KendoUISkin": "Blue Opal",
      "TabStyle": 0,
      "PublicKey": "<RSAKeyValue><Modulus>wNxCcqqqdpA2TXgaS1VHEkXa3NAvcB4FDOxhGtDk02LoDXHO004VEcxX4o4vrXdj+6t36y7b11cl+FXYn3vEirOOCE9JVKju5/aCG59/4A2c5xKyGC//8sHo3G9/rm7Eg5x/Guw8MyVe8sVFMZzDv46IMU0JLOSPpUKj9NXUp8E=</Modulus><Exponent>AQAB</Exponent></RSAKeyValue>",
      "PrivateKey": "<RSAKeyValue><Modulus>wNxCcqqqdpA2TXgaS1VHEkXa3NAvcB4FDOxhGtDk02LoDXHO004VEcxX4o4vrXdj+6t36y7b11cl+FXYn3vEirOOCE9JVKju5/aCG59/4A2c5xKyGC//8sHo3G9/rm7Eg5x/Guw8MyVe8sVFMZzDv46IMU0JLOSPpUKj9NXUp8E=</Modulus><Exponent>AQAB</Exponent><P>1iXrkNHqWt9hQceofY22ThAMMPkiInl1NA8CyyOq/Y2QVsnkwRu3niVkaJbuzz/89UmYIqR/4l1XjZy4crlvmw==</P><Q>5o1KBcvJvcsHDTa3FgCFD2qm2yhfAusOWs8+ABW8h86HGZV5TZG/tAHhSw3A+7Y8aMsfBhtpJWp0vH2EUnMx0w==</Q><DP>ZI23t++pYHQlYdLTfejt4mfMoa5J5fAsJX6q7CHaZ2ZykR4J6NcP+BVMuYOtrOk56R9ebV3aorr7ooYlYdFK4w==</DP><DQ>AFZ0pU2HHiAOApbx7bZSe5NMa0XD3d06SCfFj3p4rDpBOGhfpR1xinH2QoXionvB2uVxRjEEFmnxgdUtPHGuwQ==</DQ><InverseQ>qa9S7lT/h00GSpSiltTUm5NQEj7zidMZXNOnClWjjdiH3EEWn99aa8k4y6dhCXkP06matbw3t/qQsM5zs1MLVw==</InverseQ><D>sgUeWNXsT1DCrzOjodHvrpBIe/a3MxiitNEkuSoFbpInfPGGZkn27NzgasGwhMBlzBL0uGQijV1mMRqcwGnwejTSvBu2YJmKgQLReKzVupzSlY9Ru/oQi85jhlNWg3JD70WzbhRdAkbvZ5OTwwE0Yx8qGJ6R+lA7MK4KAZtuXZk=</D></RSAKeyValue>",
      "Analytics": null,
      "AnalyticsContent": null,
      "GoogleVerification": null,
      "ExtraHead": null,
      "ExtraBodyTop": null,
      "ExtraBodyBottom": null,
      "UseGeoLocation": false,
      "SiteMetaTags": null,
      "PageMetaTags": null,
      "SiteMapPriority": 50,
      "DefaultChangeFrequency": 4
    }
  ]
}