﻿<?xml version="1.0" encoding="utf-8"?>
<!--YetaWF.Core.Serializers.SerializableList`1[YetaWF.Modules.SyntaxHighlighter.Modules.SkinHighlightJSModule]-->
<Object Type="YetaWF.Core.Serializers.SerializableList`1[[YetaWF.Modules.SyntaxHighlighter.Modules.SkinHighlightJSModule, YetaWF.SyntaxHighlighter]]" Assembly="YetaWF.Core">
  <Properties />
  <List>
    <Value>
      <Object Type="YetaWF.Modules.SyntaxHighlighter.Modules.SkinHighlightJSModule" Assembly="YetaWF.SyntaxHighlighter" AssemblyFull="YetaWF.SyntaxHighlighter, Version=3.0.0.0, Culture=neutral, PublicKeyToken=null">
        <Properties>
          <Name Value="Syntax Highlighter Highlight.js (Skin)" />
          <Title>
            <Object Type="YetaWF.Core.Models.MultiString" Assembly="YetaWF.Core">
              <Properties />
              <Dictionary>
                <Key Value="en-US" />
                <Value Value="Skin Syntax Highlighter (Highlight.js)" />
              </Dictionary>
            </Object>
          </Title>
          <Visible Value="True" />
          <ModuleSecurity Value="0" />
          <WantSearch Value="False" />
          <WantFocus Value="False" />
          <Description>
            <Object Type="YetaWF.Core.Models.MultiString" Assembly="YetaWF.Core">
              <Properties />
              <Dictionary>
                <Key Value="en-US" />
                <Value Value="Skin module supporting syntax highlighting in modules, Highlight.js" />
              </Dictionary>
            </Object>
          </Description>
          <ModuleGuid Value="25068ac6-ba74-4644-8b46-9d7fec291e45" />
          <DateCreated Value="636352310435622818" />
          <DateUpdated Value="636594370909359638" />
          <SkinDefinitions>
            <Object Type="YetaWF.Core.Serializers.SerializableList`1[[YetaWF.Core.Skins.SkinDefinition, YetaWF.Core]]" Assembly="YetaWF.Core">
              <Properties />
              <List />
            </Object>
          </SkinDefinitions>
          <SelectedPopupSkin>
            <Object Type="YetaWF.Core.Skins.SkinDefinition" Assembly="YetaWF.Core">
              <Properties>
                <Collection />
                <FileName />
              </Properties>
            </Object>
          </SelectedPopupSkin>
          <CssClass />
          <TempPageCssClass />
          <_SuppressPartialFormCss Value="False" />
          <ShowTitle Value="False" />
          <ShowTitleActions Value="True" />
          <ShowHelp Value="False" />
          <Print Value="True" />
          <ShowFormButtons Value="True" />
          <AnchorId />
          <AllowedRoles>
            <Object Type="YetaWF.Core.Serializers.SerializableList`1[[YetaWF.Core.Modules.ModuleDefinition+AllowedRole, YetaWF.Core]]" Assembly="YetaWF.Core">
              <Properties />
              <List>
                <Value>
                  <Object Type="YetaWF.Core.Modules.ModuleDefinition+AllowedRole" Assembly="YetaWF.Core">
                    <Properties>
                      <RoleId Value="999" />
                      <View Value="1" />
                      <Edit Value="0" />
                      <Remove Value="0" />
                      <Extra1 Value="0" />
                      <Extra2 Value="0" />
                      <Extra3 Value="0" />
                      <Extra4 Value="0" />
                      <Extra5 Value="0" />
                    </Properties>
                  </Object>
                </Value>
                <Value>
                  <Object Type="YetaWF.Core.Modules.ModuleDefinition+AllowedRole" Assembly="YetaWF.Core">
                    <Properties>
                      <RoleId Value="998" />
                      <View Value="1" />
                      <Edit Value="0" />
                      <Remove Value="0" />
                      <Extra1 Value="0" />
                      <Extra2 Value="0" />
                      <Extra3 Value="0" />
                      <Extra4 Value="0" />
                      <Extra5 Value="0" />
                    </Properties>
                  </Object>
                </Value>
                <Value>
                  <Object Type="YetaWF.Core.Modules.ModuleDefinition+AllowedRole" Assembly="YetaWF.Core">
                    <Properties>
                      <RoleId Value="1000" />
                      <View Value="1" />
                      <Edit Value="1" />
                      <Remove Value="1" />
                      <Extra1 Value="1" />
                      <Extra2 Value="1" />
                      <Extra3 Value="1" />
                      <Extra4 Value="1" />
                      <Extra5 Value="1" />
                    </Properties>
                  </Object>
                </Value>
              </List>
            </Object>
          </AllowedRoles>
          <AllowedUsers>
            <Object Type="YetaWF.Core.Serializers.SerializableList`1[[YetaWF.Core.Modules.ModuleDefinition+AllowedUser, YetaWF.Core]]" Assembly="YetaWF.Core">
              <Properties />
              <List />
            </Object>
          </AllowedUsers>
          <ReferencedModules>
            <Object Type="YetaWF.Core.Serializers.SerializableList`1[[YetaWF.Core.Modules.ModuleDefinition+ReferencedModule, YetaWF.Core]]" Assembly="YetaWF.Core">
              <Properties />
              <List />
            </Object>
          </ReferencedModules>
        </Properties>
      </Object>
    </Value>
  </List>
</Object>