{
  "$type": "YetaWF.Core.Serializers.SerializableList`1[[YetaWF.Modules.PageEdit.DataProvider.ControlPanelConfigData, YetaWF.PageEdit]], YetaWF.Core",
  "$values": [
    {
      "$type": "YetaWF.Modules.PageEdit.DataProvider.ControlPanelConfigData, YetaWF.PageEdit",
      "Id": 1,
      "W3CUrl": "https://validator.w3.org/nu/?doc={0}",
      "Users": {
        "$type": "YetaWF.Core.Serializers.SerializableList`1[[YetaWF.Core.Identity.User, YetaWF.Core]], YetaWF.Core",
        "$values": [
          {
            "$type": "YetaWF.Core.Identity.User, YetaWF.Core",
            "UserId": 1001
          }
        ]
      }
    }
  ]
}