{
  "PackageName": "YetaWF.PageEdit",
  "PackageVersion": "4.0.0",
  "Data": [
    {
      "Class": "ControlPanelConfigModuleDataProvider",
      "Chunks": 1,
      "Files": []
    },
    {
      "Class": "EditModeModuleDataProvider",
      "Chunks": 1,
      "Files": []
    },
    {
      "Class": "PageEditModuleDataProvider",
      "Chunks": 0,
      "Files": []
    },
    {
      "Class": "PageControlModuleDataProvider",
      "Chunks": 0,
      "Files": []
    },
    {
      "Class": "ControlPanelConfigDataProvider",
      "Chunks": 1,
      "Files": []
    }
  ]
}