[
  {
    "Name": "Page Edit Mode Selector (Skin)",
    "Title": {
      "en-US": "(untitled)"
    },
    "Visible": true,
    "ModuleSecurity": 0,
    "WantSearch": false,
    "WantFocus": false,
    "Description": {
      "en-US": "Switches between edit and view mode"
    },
    "ModuleGuid": "267f00cc-c619-4854-baed-9e4b812d7e95",
    "DateCreated": "2015-04-02T16:32:17.1766232",
    "DateUpdated": "2018-04-16T00:58:11.0992907",
    "SkinDefinitions": [],
    "SelectedPopupSkin": {
      "Collection": null,
      "FileName": null
    },
    "CssClass": "skinEditMode",
    "TempPageCssClass": null,
    "_SuppressPartialFormCss": false,
    "ShowTitle": false,
    "ShowTitleActions": false,
    "ShowHelp": false,
    "Print": true,
    "ShowFormButtons": true,
    "AnchorId": null,
    "AllowedRoles": [
      {
        "RoleId": 1000,
        "View": 1,
        "Edit": 1,
        "Remove": 1,
        "Extra1": 1,
        "Extra2": 1,
        "Extra3": 1,
        "Extra4": 1,
        "Extra5": 1
      }
    ],
    "AllowedUsers": [],
    "ReferencedModules": []
  }
]