﻿<?xml version="1.0" encoding="utf-8"?>
<!--YetaWF.Core.Serializers.SerializableList`1[YetaWF.Modules.Menus.DataProvider.MenuInfo]-->
<Object Type="YetaWF.Core.Serializers.SerializableList`1[[YetaWF.Modules.Menus.DataProvider.MenuInfo, YetaWF.Menus, Culture=neutral, PublicKeyToken=null]]" Assembly="YetaWF.Core">
  <Properties />
  <List>
    <Value>
      <Object Type="YetaWF.Modules.Menus.DataProvider.MenuInfo" Assembly="YetaWF.Menus" AssemblyFull="YetaWF.Menus, Version=3.0.0.0, Culture=neutral, PublicKeyToken=null">
        <Properties>
          <ModuleGuid Value="59909bb1-75f4-419f-b961-8569bb282131" />
          <Menu>
            <Object Type="YetaWF.Core.Menus.MenuList" Assembly="YetaWF.Core">
              <Properties>
                <RenderMode Value="0" />
              </Properties>
              <List>
                <Value>
                  <Object Type="YetaWF.Core.Modules.ModuleAction" Assembly="YetaWF.Core">
                    <Properties>
                      <Separator Value="False" />
                      <Url Value="/" />
                      <SubModule />
                      <MenuText>
                        <Object Type="YetaWF.Core.Models.MultiString" Assembly="YetaWF.Core">
                          <Properties />
                          <Dictionary>
                            <Key Value="en-US" />
                            <Value Value="Home" />
                          </Dictionary>
                        </Object>
                      </MenuText>
                      <LinkText>
                        <Object Type="YetaWF.Core.Models.MultiString" Assembly="YetaWF.Core">
                          <Properties />
                          <Dictionary>
                            <Key Value="en-US" />
                            <Value Value="Home" />
                          </Dictionary>
                        </Object>
                      </LinkText>
                      <ImageUrlFinal />
                      <Tooltip>
                        <Object Type="YetaWF.Core.Models.MultiString" Assembly="YetaWF.Core">
                          <Properties />
                          <Dictionary>
                            <Key Value="en-US" />
                            <Value Value="Home" />
                          </Dictionary>
                        </Object>
                      </Tooltip>
                      <Legend>
                        <Object Type="YetaWF.Core.Models.MultiString" Assembly="YetaWF.Core">
                          <Properties />
                          <Dictionary>
                            <Key Value="en-US" />
                            <Value Value="Home" />
                          </Dictionary>
                        </Object>
                      </Legend>
                      <Enabled Value="True" />
                      <CssClass />
                      <Style Value="0" />
                      <Mode Value="0" />
                      <Category Value="0" />
                      <LimitToRole Value="0" />
                      <AuthorizationIgnore Value="False" />
                      <ConfirmationText>
                        <Object Type="YetaWF.Core.Models.MultiString" Assembly="YetaWF.Core">
                          <Properties />
                          <Dictionary>
                            <Key Value="en-US" />
                            <Value Value="" />
                          </Dictionary>
                        </Object>
                      </ConfirmationText>
                      <PleaseWaitText>
                        <Object Type="YetaWF.Core.Models.MultiString" Assembly="YetaWF.Core">
                          <Properties />
                          <Dictionary>
                            <Key Value="en-US" />
                            <Value Value="" />
                          </Dictionary>
                        </Object>
                      </PleaseWaitText>
                      <SaveReturnUrl Value="False" />
                      <AddToOriginList Value="True" />
                      <NeedsModuleContext Value="False" />
                      <DontFollow Value="False" />
                      <Name />
                      <Displayed Value="True" />
                      <CookieAsDoneSignal Value="False" />
                      <Location Value="15" />
                      <SubMenu>
                        <Object Type="YetaWF.Core.Serializers.SerializableList`1[[YetaWF.Core.Modules.ModuleAction, YetaWF.Core, Culture=neutral, PublicKeyToken=null]]" Assembly="YetaWF.Core">
                          <Properties />
                          <List />
                        </Object>
                      </SubMenu>
                      <QueryArgs />
                      <QueryArgsRvd />
                      <QueryArgsDict />
                      <QueryArgsHR />
                      <AnchorId />
                      <PageSecurity Value="0" />
                      <DontCheckAuthorization Value="False" />
                      <items />
                      <Id Value="101" />
                      <_AuthorizationEvaluated Value="False" />
                    </Properties>
                  </Object>
                </Value>
                <Value>
                  <Object Type="YetaWF.Core.Modules.ModuleAction" Assembly="YetaWF.Core">
                    <Properties>
                      <Separator Value="False" />
                      <Url Value="/User" />
                      <SubModule Value="7c518292-ef34-4251-b727-c6d828b0d50b" />
                      <MenuText>
                        <Object Type="YetaWF.Core.Models.MultiString" Assembly="YetaWF.Core">
                          <Properties />
                          <Dictionary>
                            <Key Value="en-US" />
                            <Value Value="User" />
                          </Dictionary>
                        </Object>
                      </MenuText>
                      <LinkText>
                        <Object Type="YetaWF.Core.Models.MultiString" Assembly="YetaWF.Core">
                          <Properties />
                          <Dictionary>
                            <Key Value="en-US" />
                            <Value Value="User" />
                          </Dictionary>
                        </Object>
                      </LinkText>
                      <ImageUrlFinal />
                      <Tooltip>
                        <Object Type="YetaWF.Core.Models.MultiString" Assembly="YetaWF.Core">
                          <Properties />
                          <Dictionary>
                            <Key Value="en-US" />
                            <Value Value="" />
                          </Dictionary>
                        </Object>
                      </Tooltip>
                      <Legend>
                        <Object Type="YetaWF.Core.Models.MultiString" Assembly="YetaWF.Core">
                          <Properties />
                          <Dictionary>
                            <Key Value="en-US" />
                            <Value Value="" />
                          </Dictionary>
                        </Object>
                      </Legend>
                      <Enabled Value="True" />
                      <CssClass />
                      <Style Value="0" />
                      <Mode Value="0" />
                      <Category Value="0" />
                      <LimitToRole Value="0" />
                      <AuthorizationIgnore Value="False" />
                      <ConfirmationText>
                        <Object Type="YetaWF.Core.Models.MultiString" Assembly="YetaWF.Core">
                          <Properties />
                          <Dictionary>
                            <Key Value="en-US" />
                            <Value Value="" />
                          </Dictionary>
                        </Object>
                      </ConfirmationText>
                      <PleaseWaitText>
                        <Object Type="YetaWF.Core.Models.MultiString" Assembly="YetaWF.Core">
                          <Properties />
                          <Dictionary>
                            <Key Value="en-US" />
                            <Value Value="" />
                          </Dictionary>
                        </Object>
                      </PleaseWaitText>
                      <SaveReturnUrl Value="False" />
                      <AddToOriginList Value="True" />
                      <NeedsModuleContext Value="False" />
                      <DontFollow Value="False" />
                      <Name />
                      <Displayed Value="True" />
                      <CookieAsDoneSignal Value="False" />
                      <Location Value="15" />
                      <SubMenu>
                        <Object Type="YetaWF.Core.Serializers.SerializableList`1[[YetaWF.Core.Modules.ModuleAction, YetaWF.Core, Culture=neutral, PublicKeyToken=null]]" Assembly="YetaWF.Core">
                          <Properties />
                          <List />
                        </Object>
                      </SubMenu>
                      <QueryArgs />
                      <QueryArgsRvd />
                      <QueryArgsDict />
                      <QueryArgsHR />
                      <AnchorId />
                      <PageSecurity Value="0" />
                      <DontCheckAuthorization Value="False" />
                      <items />
                      <Id Value="224" />
                      <_AuthorizationEvaluated Value="False" />
                    </Properties>
                  </Object>
                </Value>
                <Value>
                  <Object Type="YetaWF.Core.Modules.ModuleAction" Assembly="YetaWF.Core">
                    <Properties>
                      <Separator Value="False" />
                      <Url Value="http://YetaWF.com/News" />
                      <SubModule />
                      <MenuText>
                        <Object Type="YetaWF.Core.Models.MultiString" Assembly="YetaWF.Core">
                          <Properties />
                          <Dictionary>
                            <Key Value="en-US" />
                            <Value Value="News" />
                          </Dictionary>
                        </Object>
                      </MenuText>
                      <LinkText>
                        <Object Type="YetaWF.Core.Models.MultiString" Assembly="YetaWF.Core">
                          <Properties />
                          <Dictionary>
                            <Key Value="en-US" />
                            <Value Value="News" />
                          </Dictionary>
                        </Object>
                      </LinkText>
                      <ImageUrlFinal />
                      <Tooltip>
                        <Object Type="YetaWF.Core.Models.MultiString" Assembly="YetaWF.Core">
                          <Properties />
                          <Dictionary>
                            <Key Value="en-US" />
                            <Value Value="News about Yet Another Web Framework" />
                          </Dictionary>
                        </Object>
                      </Tooltip>
                      <Legend>
                        <Object Type="YetaWF.Core.Models.MultiString" Assembly="YetaWF.Core">
                          <Properties />
                          <Dictionary>
                            <Key Value="en-US" />
                            <Value Value="Displays news about Yet Another Web Framework" />
                          </Dictionary>
                        </Object>
                      </Legend>
                      <Enabled Value="True" />
                      <CssClass />
                      <Style Value="1" />
                      <Mode Value="0" />
                      <Category Value="0" />
                      <LimitToRole Value="0" />
                      <AuthorizationIgnore Value="False" />
                      <ConfirmationText>
                        <Object Type="YetaWF.Core.Models.MultiString" Assembly="YetaWF.Core">
                          <Properties />
                          <Dictionary>
                            <Key Value="en-US" />
                            <Value Value="" />
                          </Dictionary>
                        </Object>
                      </ConfirmationText>
                      <PleaseWaitText>
                        <Object Type="YetaWF.Core.Models.MultiString" Assembly="YetaWF.Core">
                          <Properties />
                          <Dictionary>
                            <Key Value="en-US" />
                            <Value Value="" />
                          </Dictionary>
                        </Object>
                      </PleaseWaitText>
                      <SaveReturnUrl Value="False" />
                      <AddToOriginList Value="True" />
                      <NeedsModuleContext Value="False" />
                      <DontFollow Value="False" />
                      <Name />
                      <Displayed Value="True" />
                      <CookieAsDoneSignal Value="False" />
                      <Location Value="15" />
                      <SubMenu>
                        <Object Type="YetaWF.Core.Serializers.SerializableList`1[[YetaWF.Core.Modules.ModuleAction, YetaWF.Core, Culture=neutral, PublicKeyToken=null]]" Assembly="YetaWF.Core">
                          <Properties />
                          <List />
                        </Object>
                      </SubMenu>
                      <QueryArgs />
                      <QueryArgsRvd />
                      <QueryArgsDict />
                      <QueryArgsHR />
                      <AnchorId />
                      <PageSecurity Value="0" />
                      <DontCheckAuthorization Value="False" />
                      <items />
                      <Id Value="185" />
                      <_AuthorizationEvaluated Value="False" />
                    </Properties>
                  </Object>
                </Value>
                <Value>
                  <Object Type="YetaWF.Core.Modules.ModuleAction" Assembly="YetaWF.Core">
                    <Properties>
                      <Separator Value="False" />
                      <Url Value="/Admin" />
                      <SubModule Value="6d77baf5-7424-4db6-9171-830849e104db" />
                      <MenuText>
                        <Object Type="YetaWF.Core.Models.MultiString" Assembly="YetaWF.Core">
                          <Properties />
                          <Dictionary>
                            <Key Value="en-US" />
                            <Value Value="Admin" />
                          </Dictionary>
                        </Object>
                      </MenuText>
                      <LinkText>
                        <Object Type="YetaWF.Core.Models.MultiString" Assembly="YetaWF.Core">
                          <Properties />
                          <Dictionary>
                            <Key Value="en-US" />
                            <Value Value="Admin" />
                          </Dictionary>
                        </Object>
                      </LinkText>
                      <ImageUrlFinal />
                      <Tooltip>
                        <Object Type="YetaWF.Core.Models.MultiString" Assembly="YetaWF.Core">
                          <Properties />
                          <Dictionary>
                            <Key Value="en-US" />
                            <Value Value="" />
                          </Dictionary>
                        </Object>
                      </Tooltip>
                      <Legend>
                        <Object Type="YetaWF.Core.Models.MultiString" Assembly="YetaWF.Core">
                          <Properties />
                          <Dictionary>
                            <Key Value="en-US" />
                            <Value Value="" />
                          </Dictionary>
                        </Object>
                      </Legend>
                      <Enabled Value="True" />
                      <CssClass />
                      <Style Value="0" />
                      <Mode Value="0" />
                      <Category Value="0" />
                      <LimitToRole Value="0" />
                      <AuthorizationIgnore Value="False" />
                      <ConfirmationText>
                        <Object Type="YetaWF.Core.Models.MultiString" Assembly="YetaWF.Core">
                          <Properties />
                          <Dictionary>
                            <Key Value="en-US" />
                            <Value Value="" />
                          </Dictionary>
                        </Object>
                      </ConfirmationText>
                      <PleaseWaitText>
                        <Object Type="YetaWF.Core.Models.MultiString" Assembly="YetaWF.Core">
                          <Properties />
                          <Dictionary>
                            <Key Value="en-US" />
                            <Value Value="" />
                          </Dictionary>
                        </Object>
                      </PleaseWaitText>
                      <SaveReturnUrl Value="False" />
                      <AddToOriginList Value="True" />
                      <NeedsModuleContext Value="False" />
                      <DontFollow Value="False" />
                      <Name />
                      <Displayed Value="True" />
                      <CookieAsDoneSignal Value="False" />
                      <Location Value="15" />
                      <SubMenu>
                        <Object Type="YetaWF.Core.Serializers.SerializableList`1[[YetaWF.Core.Modules.ModuleAction, YetaWF.Core, Culture=neutral, PublicKeyToken=null]]" Assembly="YetaWF.Core">
                          <Properties />
                          <List />
                        </Object>
                      </SubMenu>
                      <QueryArgs />
                      <QueryArgsRvd />
                      <QueryArgsDict />
                      <QueryArgsHR />
                      <AnchorId />
                      <PageSecurity Value="0" />
                      <DontCheckAuthorization Value="False" />
                      <items />
                      <Id Value="225" />
                      <_AuthorizationEvaluated Value="False" />
                    </Properties>
                  </Object>
                </Value>
                <Value>
                  <Object Type="YetaWF.Core.Modules.ModuleAction" Assembly="YetaWF.Core">
                    <Properties>
                      <Separator Value="False" />
                      <Url Value="/Tests" />
                      <SubModule />
                      <MenuText>
                        <Object Type="YetaWF.Core.Models.MultiString" Assembly="YetaWF.Core">
                          <Properties />
                          <Dictionary>
                            <Key Value="en-US" />
                            <Value Value="Tests" />
                          </Dictionary>
                        </Object>
                      </MenuText>
                      <LinkText>
                        <Object Type="YetaWF.Core.Models.MultiString" Assembly="YetaWF.Core">
                          <Properties />
                          <Dictionary>
                            <Key Value="en-US" />
                            <Value Value="Tests" />
                          </Dictionary>
                        </Object>
                      </LinkText>
                      <ImageUrlFinal />
                      <Tooltip>
                        <Object Type="YetaWF.Core.Models.MultiString" Assembly="YetaWF.Core">
                          <Properties />
                          <Dictionary>
                            <Key Value="en-US" />
                            <Value Value="" />
                          </Dictionary>
                        </Object>
                      </Tooltip>
                      <Legend>
                        <Object Type="YetaWF.Core.Models.MultiString" Assembly="YetaWF.Core">
                          <Properties />
                          <Dictionary>
                            <Key Value="en-US" />
                            <Value Value="" />
                          </Dictionary>
                        </Object>
                      </Legend>
                      <Enabled Value="True" />
                      <CssClass />
                      <Style Value="0" />
                      <Mode Value="0" />
                      <Category Value="0" />
                      <LimitToRole Value="0" />
                      <AuthorizationIgnore Value="False" />
                      <ConfirmationText>
                        <Object Type="YetaWF.Core.Models.MultiString" Assembly="YetaWF.Core">
                          <Properties />
                          <Dictionary>
                            <Key Value="en-US" />
                            <Value Value="" />
                          </Dictionary>
                        </Object>
                      </ConfirmationText>
                      <PleaseWaitText>
                        <Object Type="YetaWF.Core.Models.MultiString" Assembly="YetaWF.Core">
                          <Properties />
                          <Dictionary>
                            <Key Value="en-US" />
                            <Value Value="" />
                          </Dictionary>
                        </Object>
                      </PleaseWaitText>
                      <SaveReturnUrl Value="False" />
                      <AddToOriginList Value="True" />
                      <NeedsModuleContext Value="False" />
                      <DontFollow Value="False" />
                      <Name />
                      <Displayed Value="True" />
                      <CookieAsDoneSignal Value="False" />
                      <Location Value="15" />
                      <SubMenu>
                        <Object Type="YetaWF.Core.Serializers.SerializableList`1[[YetaWF.Core.Modules.ModuleAction, YetaWF.Core, Culture=neutral, PublicKeyToken=null]]" Assembly="YetaWF.Core">
                          <Properties />
                          <List />
                        </Object>
                      </SubMenu>
                      <QueryArgs />
                      <QueryArgsRvd />
                      <QueryArgsDict />
                      <QueryArgsHR />
                      <AnchorId />
                      <PageSecurity Value="0" />
                      <DontCheckAuthorization Value="False" />
                      <items />
                      <Id Value="223" />
                      <_AuthorizationEvaluated Value="False" />
                    </Properties>
                  </Object>
                </Value>
                <Value>
                  <Object Type="YetaWF.Core.Modules.ModuleAction" Assembly="YetaWF.Core">
                    <Properties>
                      <Separator Value="False" />
                      <Url Value="/About YetaWF" />
                      <SubModule Value="66d365d8-c1df-45bb-9dfb-9397722ca16f" />
                      <MenuText>
                        <Object Type="YetaWF.Core.Models.MultiString" Assembly="YetaWF.Core">
                          <Properties />
                          <Dictionary>
                            <Key Value="en-US" />
                            <Value Value="About" />
                          </Dictionary>
                        </Object>
                      </MenuText>
                      <LinkText>
                        <Object Type="YetaWF.Core.Models.MultiString" Assembly="YetaWF.Core">
                          <Properties />
                          <Dictionary>
                            <Key Value="en-US" />
                            <Value Value="About" />
                          </Dictionary>
                        </Object>
                      </LinkText>
                      <ImageUrlFinal />
                      <Tooltip>
                        <Object Type="YetaWF.Core.Models.MultiString" Assembly="YetaWF.Core">
                          <Properties />
                          <Dictionary>
                            <Key Value="en-US" />
                            <Value Value="" />
                          </Dictionary>
                        </Object>
                      </Tooltip>
                      <Legend>
                        <Object Type="YetaWF.Core.Models.MultiString" Assembly="YetaWF.Core">
                          <Properties />
                          <Dictionary>
                            <Key Value="en-US" />
                            <Value Value="" />
                          </Dictionary>
                        </Object>
                      </Legend>
                      <Enabled Value="True" />
                      <CssClass />
                      <Style Value="0" />
                      <Mode Value="0" />
                      <Category Value="0" />
                      <LimitToRole Value="0" />
                      <AuthorizationIgnore Value="False" />
                      <ConfirmationText>
                        <Object Type="YetaWF.Core.Models.MultiString" Assembly="YetaWF.Core">
                          <Properties />
                          <Dictionary>
                            <Key Value="en-US" />
                            <Value Value="" />
                          </Dictionary>
                        </Object>
                      </ConfirmationText>
                      <PleaseWaitText>
                        <Object Type="YetaWF.Core.Models.MultiString" Assembly="YetaWF.Core">
                          <Properties />
                          <Dictionary>
                            <Key Value="en-US" />
                            <Value Value="" />
                          </Dictionary>
                        </Object>
                      </PleaseWaitText>
                      <SaveReturnUrl Value="False" />
                      <AddToOriginList Value="False" />
                      <NeedsModuleContext Value="False" />
                      <DontFollow Value="False" />
                      <Name />
                      <Displayed Value="True" />
                      <CookieAsDoneSignal Value="False" />
                      <Location Value="15" />
                      <SubMenu>
                        <Object Type="YetaWF.Core.Serializers.SerializableList`1[[YetaWF.Core.Modules.ModuleAction, YetaWF.Core, Culture=neutral, PublicKeyToken=null]]" Assembly="YetaWF.Core">
                          <Properties />
                          <List />
                        </Object>
                      </SubMenu>
                      <QueryArgs />
                      <QueryArgsRvd />
                      <QueryArgsDict />
                      <QueryArgsHR />
                      <AnchorId />
                      <PageSecurity Value="0" />
                      <DontCheckAuthorization Value="False" />
                      <items />
                      <Id Value="184" />
                      <_AuthorizationEvaluated Value="False" />
                    </Properties>
                  </Object>
                </Value>
              </List>
            </Object>
          </Menu>
        </Properties>
      </Object>
    </Value>
  </List>
</Object>