﻿<?xml version="1.0" encoding="utf-8"?>
<!--YetaWF.Core.Serializers.SerializableList`1[YetaWF.Modules.SyntaxHighlighter.DataProvider.ConfigData]-->
<Object Type="YetaWF.Core.Serializers.SerializableList`1[[YetaWF.Modules.SyntaxHighlighter.DataProvider.ConfigData, YetaWF.SyntaxHighlighter, Culture=neutral, PublicKeyToken=null]]" Assembly="YetaWF.Core">
  <Properties />
  <List>
    <Value>
      <Object Type="YetaWF.Modules.SyntaxHighlighter.DataProvider.ConfigData" Assembly="YetaWF.SyntaxHighlighter" AssemblyFull="YetaWF.SyntaxHighlighter, Version=2.5.2.0, Culture=neutral, PublicKeyToken=null">
        <Properties>
          <Id Value="1" />
          <HighlightJSSkin Value="solarized-light" />
          <SyntaxHighlighterSkin Value="Default" />
        </Properties>
      </Object>
    </Value>
  </List>
</Object>