{
  "PackageName": "YetaWF.Scheduler",
  "PackageVersion": "4.0.0",
  "Data": [
    {
      "Class": "LogBrowseModuleDataProvider",
      "Chunks": 1,
      "Files": []
    },
    {
      "Class": "LogDisplayModuleDataProvider",
      "Chunks": 0,
      "Files": []
    },
    {
      "Class": "SchedulerDisplayModuleDataProvider",
      "Chunks": 0,
      "Files": []
    },
    {
      "Class": "SchedulerEditModuleDataProvider",
      "Chunks": 0,
      "Files": []
    },
    {
      "Class": "SchedulerAddModuleDataProvider",
      "Chunks": 0,
      "Files": []
    },
    {
      "Class": "SchedulerBrowseModuleDataProvider",
      "Chunks": 1,
      "Files": []
    },
    {
      "Class": "LogDataProvider",
      "Chunks": 0,
      "Files": []
    },
    {
      "Class": "SchedulerDataProvider",
      "Chunks": 1,
      "Files": []
    }
  ]
}