[
  {
    "Name": "Add Geolocation to Visitor Data",
    "Description": "Adds Geolocation to Visitor Data",
    "Enabled": true,
    "EnableOnStartup": true,
    "RunOnce": false,
    "Startup": false,
    "SiteSpecific": true,
    "Frequency": {
      "TimeUnits": 1,
      "Value": 30
    },
    "TimeSpan": "00:30:00",
    "Event": {
      "Name": "YetaWF.Visitors: Add Geolocation to Visitor Data",
      "ImplementingAssembly": "YetaWF.Visitors",
      "ImplementingType": "YetaWF.Modules.Visitors.Scheduler.AddVisitorGeoLocation"
    },
    "Last": null,
    "Next": null,
    "RunTime": "00:00:00",
    "Errors": null
  },
  {
    "Name": "Build a Blog Based News Site Map",
    "Description": "Builds a blog based news site map",
    "Enabled": true,
    "EnableOnStartup": true,
    "RunOnce": false,
    "Startup": false,
    "SiteSpecific": true,
    "Frequency": {
      "TimeUnits": 3,
      "Value": 1
    },
    "TimeSpan": "1.00:00:00",
    "Event": {
      "Name": "YetaWF.Blog: Build News Site Map",
      "ImplementingAssembly": "YetaWF.Blog",
      "ImplementingType": "YetaWF.Modules.Blog.Scheduler.NewsSiteMap"
    },
    "Last": null,
    "Next": null,
    "RunTime": "00:00:00",
    "Errors": null
  },
  {
    "Name": "Build Site Map",
    "Description": "Builds site maps",
    "Enabled": true,
    "EnableOnStartup": true,
    "RunOnce": false,
    "Startup": false,
    "SiteSpecific": true,
    "Frequency": {
      "TimeUnits": 4,
      "Value": 1
    },
    "TimeSpan": "7.00:00:00",
    "Event": {
      "Name": "YetaWF.Pages: Build Site Map",
      "ImplementingAssembly": "YetaWF.Pages",
      "ImplementingType": "YetaWF.Modules.Pages.Scheduler.SiteMaps"
    },
    "Last": null,
    "Next": null,
    "RunTime": "00:00:00",
    "Errors": null
  },
  {
    "Name": "Create Daily Site Backup",
    "Description": "Creates a site backup and stores it in the site's Backup folder",
    "Enabled": true,
    "EnableOnStartup": true,
    "RunOnce": false,
    "Startup": false,
    "SiteSpecific": true,
    "Frequency": {
      "TimeUnits": 3,
      "Value": 1
    },
    "TimeSpan": "1.00:00:00",
    "Event": {
      "Name": "YetaWF.Backups: Create Daily Backup",
      "ImplementingAssembly": "YetaWF.Backups",
      "ImplementingType": "YetaWF.Modules.Backups.Scheduler.Backups"
    },
    "Last": null,
    "Next": null,
    "RunTime": "00:00:00",
    "Errors": null
  },
  {
    "Name": "Extract Search Keywords From Pages",
    "Description": "Extracts search keywords from all pages, used to provide search features for site users",
    "Enabled": true,
    "EnableOnStartup": true,
    "RunOnce": false,
    "Startup": false,
    "SiteSpecific": true,
    "Frequency": {
      "TimeUnits": 3,
      "Value": 1
    },
    "TimeSpan": "1.00:00:00",
    "Event": {
      "Name": "YetaWF.Search: Extract Search Keywords From Pages",
      "ImplementingAssembly": "YetaWF.Search",
      "ImplementingType": "YetaWF.Modules.Search.Scheduler.Search"
    },
    "Last": null,
    "Next": null,
    "RunTime": "00:00:00",
    "Errors": null
  },
  {
    "Name": "Keep Site Alive",
    "Description": "Accesses a page at a defined interval to keep the site alive (used with shared hosting)",
    "Enabled": true,
    "EnableOnStartup": true,
    "RunOnce": false,
    "Startup": false,
    "SiteSpecific": true,
    "Frequency": {
      "TimeUnits": 1,
      "Value": 1
    },
    "TimeSpan": "00:01:00",
    "Event": {
      "Name": "YetaWF.KeepAlive: Keep Site Alive",
      "ImplementingAssembly": "YetaWF.KeepAlive",
      "ImplementingType": "YetaWF.Modules.KeepAlive.Scheduler.KeepAlive"
    },
    "Last": null,
    "Next": null,
    "RunTime": "00:00:00",
    "Errors": null
  },
  {
    "Name": "Remove Old Log Data",
    "Description": "Removes old log data",
    "Enabled": true,
    "EnableOnStartup": true,
    "RunOnce": false,
    "Startup": false,
    "SiteSpecific": true,
    "Frequency": {
      "TimeUnits": 4,
      "Value": 1
    },
    "TimeSpan": "7.00:00:00",
    "Event": {
      "Name": "YetaWF.Logging: Remove Old Log Data",
      "ImplementingAssembly": "YetaWF.Logging",
      "ImplementingType": "YetaWF.Modules.Logging.Scheduler.RemoveOldLogData"
    },
    "Last": null,
    "Next": null,
    "RunTime": "00:00:00",
    "Errors": null
  },
  {
    "Name": "Remove Old Site Backup",
    "Description": "Removes site backups that are too old (defined using backup settings)",
    "Enabled": true,
    "EnableOnStartup": true,
    "RunOnce": false,
    "Startup": false,
    "SiteSpecific": true,
    "Frequency": {
      "TimeUnits": 3,
      "Value": 1
    },
    "TimeSpan": "1.00:00:00",
    "Event": {
      "Name": "YetaWF.Backups: Remove Old Backups",
      "ImplementingAssembly": "YetaWF.Backups",
      "ImplementingType": "YetaWF.Modules.Backups.Scheduler.Backups"
    },
    "Last": null,
    "Next": null,
    "RunTime": "00:00:00",
    "Errors": null
  },
  {
    "Name": "Remove Old Visitor Data",
    "Description": "Removes old visitor data",
    "Enabled": true,
    "EnableOnStartup": true,
    "RunOnce": false,
    "Startup": false,
    "SiteSpecific": true,
    "Frequency": {
      "TimeUnits": 4,
      "Value": 1
    },
    "TimeSpan": "7.00:00:00",
    "Event": {
      "Name": "YetaWF.Visitors: Remove Old Visitor Data",
      "ImplementingAssembly": "YetaWF.Visitors",
      "ImplementingType": "YetaWF.Modules.Visitors.Scheduler.RemoveOldVisitorData"
    },
    "Last": null,
    "Next": null,
    "RunTime": "00:00:00",
    "Errors": null
  },
  {
    "Name": "Remove Temporary Files (uploaded files)",
    "Description": "Removes temporary files that are too old (files that were created on or before the last time this event ran, based on Frequency definition)",
    "Enabled": true,
    "EnableOnStartup": true,
    "RunOnce": false,
    "Startup": false,
    "SiteSpecific": false,
    "Frequency": {
      "TimeUnits": 3,
      "Value": 2
    },
    "TimeSpan": "2.00:00:00",
    "Event": {
      "Name": "YetaWF.ImageSupport: Remove Temp Files",
      "ImplementingAssembly": "YetaWF.Core",
      "ImplementingType": "YetaWF.Core.Image.ImageSupportScheduling"
    },
    "Last": null,
    "Next": null,
    "RunTime": "00:00:00",
    "Errors": null
  },
  {
    "Name": "Update users' password expiration",
    "Description": "Updates users' password expiration",
    "Enabled": true,
    "EnableOnStartup": true,
    "RunOnce": false,
    "Startup": false,
    "SiteSpecific": true,
    "Frequency": {
      "TimeUnits": 3,
      "Value": 1
    },
    "TimeSpan": "1.00:00:00",
    "Event": {
      "Name": "YetaWF.Identity: Update users' password expiration",
      "ImplementingAssembly": "YetaWF.Identity",
      "ImplementingType": "YetaWF.Modules.Identity.Scheduler.PasswordExpiration"
    },
    "Last": null,
    "Next": null,
    "RunTime": "00:00:00",
    "Errors": null
  }
]