[
  {
    "AddUrl": null,
    "DisplayUrl": null,
    "EditUrl": null,
    "LogUrl": "/Admin/Scheduler/Log",
    "Name": "Scheduler",
    "Title": {
      "en-US": "Scheduler"
    },
    "Visible": true,
    "ModuleSecurity": 0,
    "WantSearch": true,
    "WantFocus": true,
    "Description": {
      "en-US": "Displays and manages scheduler items"
    },
    "ModuleGuid": "2eb3d603-2487-4b47-9c49-424fb9585fcf",
    "DateCreated": "2017-06-21T15:25:38.7116025",
    "DateUpdated": "2018-04-16T00:58:11.4467108",
    "SkinDefinitions": [
      {
        "Collection": "YetaWF/BootstrapSample/BootstrapSkin",
        "FileName": "modStandard"
      },
      {
        "Collection": "YetaWF/BusinessCasualSkin/BusinessCasual",
        "FileName": "modStandard"
      },
      {
        "Collection": "Softelvdm/LinkCheckerSkin/LinkCheckerSkin",
        "FileName": "modStandard"
      },
      {
        "Collection": "Softelvdm/MainSkin/Main",
        "FileName": "modStandard"
      },
      {
        "Collection": "Mikevdm/MikevdmSkin/Mikevdm",
        "FileName": "modStandard"
      },
      {
        "Collection": "YetaWF/SimpleSkin/Simple",
        "FileName": "modStandard"
      },
      {
        "Collection": "YetaWF/Core/Standard",
        "FileName": "modStandard"
      },
      {
        "Collection": "YetaWF/YetaWFSkin/YetaWFSkin",
        "FileName": "modStandard"
      },
      {
        "Collection": "Softelvdm/YetaWF2Skin/YetaWF2",
        "FileName": "modStandard"
      }
    ],
    "SelectedPopupSkin": {
      "Collection": null,
      "FileName": "Popup.cshtml"
    },
    "CssClass": null,
    "TempPageCssClass": null,
    "_SuppressPartialFormCss": false,
    "ShowTitle": true,
    "ShowTitleActions": false,
    "ShowHelp": false,
    "Print": true,
    "ShowFormButtons": true,
    "AnchorId": null,
    "AllowedRoles": [
      {
        "RoleId": 1000,
        "View": 1,
        "Edit": 1,
        "Remove": 1,
        "Extra1": 1,
        "Extra2": 1,
        "Extra3": 1,
        "Extra4": 1,
        "Extra5": 1
      }
    ],
    "AllowedUsers": [],
    "ReferencedModules": []
  }
]