﻿<?xml version="1.0" encoding="utf-8"?>
<!--YetaWF.Core.Packages.SerializableData-->
<Object Type="YetaWF.Core.Packages.SerializableData" Assembly="YetaWF.Core">
  <Properties>
    <PackageName Value="YetaWF.Blog" />
    <PackageVersion Value="2.5.2" />
    <Data>
      <Object Type="YetaWF.Core.Serializers.SerializableList`1[[YetaWF.Core.Packages.SerializableModelData, YetaWF.Core, Culture=neutral, PublicKeyToken=null]]" Assembly="YetaWF.Core">
        <Properties />
        <List>
          <Value>
            <Object Type="YetaWF.Core.Packages.SerializableModelData" Assembly="YetaWF.Core">
              <Properties>
                <Class Value="DisqusModuleDataProvider" />
                <Chunks Value="1" />
                <Files>
                  <Object Type="YetaWF.Core.Serializers.SerializableList`1[[YetaWF.Core.Packages.SerializableFile, YetaWF.Core, Culture=neutral, PublicKeyToken=null]]" Assembly="YetaWF.Core">
                    <Properties />
                    <List />
                  </Object>
                </Files>
              </Properties>
            </Object>
          </Value>
          <Value>
            <Object Type="YetaWF.Core.Packages.SerializableModelData" Assembly="YetaWF.Core">
              <Properties>
                <Class Value="DisqusConfigModuleDataProvider" />
                <Chunks Value="1" />
                <Files>
                  <Object Type="YetaWF.Core.Serializers.SerializableList`1[[YetaWF.Core.Packages.SerializableFile, YetaWF.Core, Culture=neutral, PublicKeyToken=null]]" Assembly="YetaWF.Core">
                    <Properties />
                    <List />
                  </Object>
                </Files>
              </Properties>
            </Object>
          </Value>
          <Value>
            <Object Type="YetaWF.Core.Packages.SerializableModelData" Assembly="YetaWF.Core">
              <Properties>
                <Class Value="DisqusLinksModuleDataProvider" />
                <Chunks Value="1" />
                <Files>
                  <Object Type="YetaWF.Core.Serializers.SerializableList`1[[YetaWF.Core.Packages.SerializableFile, YetaWF.Core, Culture=neutral, PublicKeyToken=null]]" Assembly="YetaWF.Core">
                    <Properties />
                    <List />
                  </Object>
                </Files>
              </Properties>
            </Object>
          </Value>
          <Value>
            <Object Type="YetaWF.Core.Packages.SerializableModelData" Assembly="YetaWF.Core">
              <Properties>
                <Class Value="SummaryModuleDataProvider" />
                <Chunks Value="1" />
                <Files>
                  <Object Type="YetaWF.Core.Serializers.SerializableList`1[[YetaWF.Core.Packages.SerializableFile, YetaWF.Core, Culture=neutral, PublicKeyToken=null]]" Assembly="YetaWF.Core">
                    <Properties />
                    <List />
                  </Object>
                </Files>
              </Properties>
            </Object>
          </Value>
          <Value>
            <Object Type="YetaWF.Core.Packages.SerializableModelData" Assembly="YetaWF.Core">
              <Properties>
                <Class Value="ArchiveModuleDataProvider" />
                <Chunks Value="1" />
                <Files>
                  <Object Type="YetaWF.Core.Serializers.SerializableList`1[[YetaWF.Core.Packages.SerializableFile, YetaWF.Core, Culture=neutral, PublicKeyToken=null]]" Assembly="YetaWF.Core">
                    <Properties />
                    <List />
                  </Object>
                </Files>
              </Properties>
            </Object>
          </Value>
          <Value>
            <Object Type="YetaWF.Core.Packages.SerializableModelData" Assembly="YetaWF.Core">
              <Properties>
                <Class Value="BlogModuleDataProvider" />
                <Chunks Value="1" />
                <Files>
                  <Object Type="YetaWF.Core.Serializers.SerializableList`1[[YetaWF.Core.Packages.SerializableFile, YetaWF.Core, Culture=neutral, PublicKeyToken=null]]" Assembly="YetaWF.Core">
                    <Properties />
                    <List />
                  </Object>
                </Files>
              </Properties>
            </Object>
          </Value>
          <Value>
            <Object Type="YetaWF.Core.Packages.SerializableModelData" Assembly="YetaWF.Core">
              <Properties>
                <Class Value="BlogConfigModuleDataProvider" />
                <Chunks Value="1" />
                <Files>
                  <Object Type="YetaWF.Core.Serializers.SerializableList`1[[YetaWF.Core.Packages.SerializableFile, YetaWF.Core, Culture=neutral, PublicKeyToken=null]]" Assembly="YetaWF.Core">
                    <Properties />
                    <List />
                  </Object>
                </Files>
              </Properties>
            </Object>
          </Value>
          <Value>
            <Object Type="YetaWF.Core.Packages.SerializableModelData" Assembly="YetaWF.Core">
              <Properties>
                <Class Value="CategoriesBrowseModuleDataProvider" />
                <Chunks Value="1" />
                <Files>
                  <Object Type="YetaWF.Core.Serializers.SerializableList`1[[YetaWF.Core.Packages.SerializableFile, YetaWF.Core, Culture=neutral, PublicKeyToken=null]]" Assembly="YetaWF.Core">
                    <Properties />
                    <List />
                  </Object>
                </Files>
              </Properties>
            </Object>
          </Value>
          <Value>
            <Object Type="YetaWF.Core.Packages.SerializableModelData" Assembly="YetaWF.Core">
              <Properties>
                <Class Value="CategoriesListModuleDataProvider" />
                <Chunks Value="1" />
                <Files>
                  <Object Type="YetaWF.Core.Serializers.SerializableList`1[[YetaWF.Core.Packages.SerializableFile, YetaWF.Core, Culture=neutral, PublicKeyToken=null]]" Assembly="YetaWF.Core">
                    <Properties />
                    <List />
                  </Object>
                </Files>
              </Properties>
            </Object>
          </Value>
          <Value>
            <Object Type="YetaWF.Core.Packages.SerializableModelData" Assembly="YetaWF.Core">
              <Properties>
                <Class Value="CategoryAddModuleDataProvider" />
                <Chunks Value="1" />
                <Files>
                  <Object Type="YetaWF.Core.Serializers.SerializableList`1[[YetaWF.Core.Packages.SerializableFile, YetaWF.Core, Culture=neutral, PublicKeyToken=null]]" Assembly="YetaWF.Core">
                    <Properties />
                    <List />
                  </Object>
                </Files>
              </Properties>
            </Object>
          </Value>
          <Value>
            <Object Type="YetaWF.Core.Packages.SerializableModelData" Assembly="YetaWF.Core">
              <Properties>
                <Class Value="CategoryDisplayModuleDataProvider" />
                <Chunks Value="1" />
                <Files>
                  <Object Type="YetaWF.Core.Serializers.SerializableList`1[[YetaWF.Core.Packages.SerializableFile, YetaWF.Core, Culture=neutral, PublicKeyToken=null]]" Assembly="YetaWF.Core">
                    <Properties />
                    <List />
                  </Object>
                </Files>
              </Properties>
            </Object>
          </Value>
          <Value>
            <Object Type="YetaWF.Core.Packages.SerializableModelData" Assembly="YetaWF.Core">
              <Properties>
                <Class Value="CategoryEditModuleDataProvider" />
                <Chunks Value="1" />
                <Files>
                  <Object Type="YetaWF.Core.Serializers.SerializableList`1[[YetaWF.Core.Packages.SerializableFile, YetaWF.Core, Culture=neutral, PublicKeyToken=null]]" Assembly="YetaWF.Core">
                    <Properties />
                    <List />
                  </Object>
                </Files>
              </Properties>
            </Object>
          </Value>
          <Value>
            <Object Type="YetaWF.Core.Packages.SerializableModelData" Assembly="YetaWF.Core">
              <Properties>
                <Class Value="CategoryHeaderModuleDataProvider" />
                <Chunks Value="1" />
                <Files>
                  <Object Type="YetaWF.Core.Serializers.SerializableList`1[[YetaWF.Core.Packages.SerializableFile, YetaWF.Core, Culture=neutral, PublicKeyToken=null]]" Assembly="YetaWF.Core">
                    <Properties />
                    <List />
                  </Object>
                </Files>
              </Properties>
            </Object>
          </Value>
          <Value>
            <Object Type="YetaWF.Core.Packages.SerializableModelData" Assembly="YetaWF.Core">
              <Properties>
                <Class Value="CommentAddModuleDataProvider" />
                <Chunks Value="1" />
                <Files>
                  <Object Type="YetaWF.Core.Serializers.SerializableList`1[[YetaWF.Core.Packages.SerializableFile, YetaWF.Core, Culture=neutral, PublicKeyToken=null]]" Assembly="YetaWF.Core">
                    <Properties />
                    <List />
                  </Object>
                </Files>
              </Properties>
            </Object>
          </Value>
          <Value>
            <Object Type="YetaWF.Core.Packages.SerializableModelData" Assembly="YetaWF.Core">
              <Properties>
                <Class Value="CommentEditModuleDataProvider" />
                <Chunks Value="1" />
                <Files>
                  <Object Type="YetaWF.Core.Serializers.SerializableList`1[[YetaWF.Core.Packages.SerializableFile, YetaWF.Core, Culture=neutral, PublicKeyToken=null]]" Assembly="YetaWF.Core">
                    <Properties />
                    <List />
                  </Object>
                </Files>
              </Properties>
            </Object>
          </Value>
          <Value>
            <Object Type="YetaWF.Core.Packages.SerializableModelData" Assembly="YetaWF.Core">
              <Properties>
                <Class Value="CommentsDisplayModuleDataProvider" />
                <Chunks Value="1" />
                <Files>
                  <Object Type="YetaWF.Core.Serializers.SerializableList`1[[YetaWF.Core.Packages.SerializableFile, YetaWF.Core, Culture=neutral, PublicKeyToken=null]]" Assembly="YetaWF.Core">
                    <Properties />
                    <List />
                  </Object>
                </Files>
              </Properties>
            </Object>
          </Value>
          <Value>
            <Object Type="YetaWF.Core.Packages.SerializableModelData" Assembly="YetaWF.Core">
              <Properties>
                <Class Value="EntriesBrowseModuleDataProvider" />
                <Chunks Value="1" />
                <Files>
                  <Object Type="YetaWF.Core.Serializers.SerializableList`1[[YetaWF.Core.Packages.SerializableFile, YetaWF.Core, Culture=neutral, PublicKeyToken=null]]" Assembly="YetaWF.Core">
                    <Properties />
                    <List />
                  </Object>
                </Files>
              </Properties>
            </Object>
          </Value>
          <Value>
            <Object Type="YetaWF.Core.Packages.SerializableModelData" Assembly="YetaWF.Core">
              <Properties>
                <Class Value="EntryAddModuleDataProvider" />
                <Chunks Value="1" />
                <Files>
                  <Object Type="YetaWF.Core.Serializers.SerializableList`1[[YetaWF.Core.Packages.SerializableFile, YetaWF.Core, Culture=neutral, PublicKeyToken=null]]" Assembly="YetaWF.Core">
                    <Properties />
                    <List />
                  </Object>
                </Files>
              </Properties>
            </Object>
          </Value>
          <Value>
            <Object Type="YetaWF.Core.Packages.SerializableModelData" Assembly="YetaWF.Core">
              <Properties>
                <Class Value="EntryDisplayModuleDataProvider" />
                <Chunks Value="1" />
                <Files>
                  <Object Type="YetaWF.Core.Serializers.SerializableList`1[[YetaWF.Core.Packages.SerializableFile, YetaWF.Core, Culture=neutral, PublicKeyToken=null]]" Assembly="YetaWF.Core">
                    <Properties />
                    <List />
                  </Object>
                </Files>
              </Properties>
            </Object>
          </Value>
          <Value>
            <Object Type="YetaWF.Core.Packages.SerializableModelData" Assembly="YetaWF.Core">
              <Properties>
                <Class Value="EntryEditModuleDataProvider" />
                <Chunks Value="1" />
                <Files>
                  <Object Type="YetaWF.Core.Serializers.SerializableList`1[[YetaWF.Core.Packages.SerializableFile, YetaWF.Core, Culture=neutral, PublicKeyToken=null]]" Assembly="YetaWF.Core">
                    <Properties />
                    <List />
                  </Object>
                </Files>
              </Properties>
            </Object>
          </Value>
          <Value>
            <Object Type="YetaWF.Core.Packages.SerializableModelData" Assembly="YetaWF.Core">
              <Properties>
                <Class Value="DisqusConfigDataProvider" />
                <Chunks Value="1" />
                <Files>
                  <Object Type="YetaWF.Core.Serializers.SerializableList`1[[YetaWF.Core.Packages.SerializableFile, YetaWF.Core, Culture=neutral, PublicKeyToken=null]]" Assembly="YetaWF.Core">
                    <Properties />
                    <List />
                  </Object>
                </Files>
              </Properties>
            </Object>
          </Value>
          <Value>
            <Object Type="YetaWF.Core.Packages.SerializableModelData" Assembly="YetaWF.Core">
              <Properties>
                <Class Value="BlogCategoryDataProvider" />
                <Chunks Value="0" />
                <Files>
                  <Object Type="YetaWF.Core.Serializers.SerializableList`1[[YetaWF.Core.Packages.SerializableFile, YetaWF.Core, Culture=neutral, PublicKeyToken=null]]" Assembly="YetaWF.Core">
                    <Properties />
                    <List />
                  </Object>
                </Files>
              </Properties>
            </Object>
          </Value>
          <Value>
            <Object Type="YetaWF.Core.Packages.SerializableModelData" Assembly="YetaWF.Core">
              <Properties>
                <Class Value="BlogConfigDataProvider" />
                <Chunks Value="1" />
                <Files>
                  <Object Type="YetaWF.Core.Serializers.SerializableList`1[[YetaWF.Core.Packages.SerializableFile, YetaWF.Core, Culture=neutral, PublicKeyToken=null]]" Assembly="YetaWF.Core">
                    <Properties />
                    <List />
                  </Object>
                </Files>
              </Properties>
            </Object>
          </Value>
          <Value>
            <Object Type="YetaWF.Core.Packages.SerializableModelData" Assembly="YetaWF.Core">
              <Properties>
                <Class Value="BlogEntryDataProvider" />
                <Chunks Value="0" />
                <Files>
                  <Object Type="YetaWF.Core.Serializers.SerializableList`1[[YetaWF.Core.Packages.SerializableFile, YetaWF.Core, Culture=neutral, PublicKeyToken=null]]" Assembly="YetaWF.Core">
                    <Properties />
                    <List />
                  </Object>
                </Files>
              </Properties>
            </Object>
          </Value>
          <Value>
            <Object Type="YetaWF.Core.Packages.SerializableModelData" Assembly="YetaWF.Core">
              <Properties>
                <Class Value="BlogEntryDataProviderSearch" />
                <Chunks Value="0" />
                <Files>
                  <Object Type="YetaWF.Core.Serializers.SerializableList`1[[YetaWF.Core.Packages.SerializableFile, YetaWF.Core, Culture=neutral, PublicKeyToken=null]]" Assembly="YetaWF.Core">
                    <Properties />
                    <List />
                  </Object>
                </Files>
              </Properties>
            </Object>
          </Value>
          <Value>
            <Object Type="YetaWF.Core.Packages.SerializableModelData" Assembly="YetaWF.Core">
              <Properties>
                <Class Value="BlogCommentDataProvider" />
                <Chunks Value="0" />
                <Files>
                  <Object Type="YetaWF.Core.Serializers.SerializableList`1[[YetaWF.Core.Packages.SerializableFile, YetaWF.Core, Culture=neutral, PublicKeyToken=null]]" Assembly="YetaWF.Core">
                    <Properties />
                    <List />
                  </Object>
                </Files>
              </Properties>
            </Object>
          </Value>
        </List>
      </Object>
    </Data>
  </Properties>
</Object>