{
  "$type": "YetaWF.Core.Serializers.SerializableList`1[[YetaWF.Modules.Basics.DataProvider.AlertConfig, YetaWF.Basics]], YetaWF.Core",
  "$values": [
    {
      "$type": "YetaWF.Modules.Basics.DataProvider.AlertConfig, YetaWF.Basics",
      "Id": 1,
      "Enabled": true,
      "CompleteMessage": {
        "$type": "YetaWF.Core.Models.MultiString, YetaWF.Core",
        "en-US": "<p style=\"text-align: center;\">YetaWF is AWESOME - Visit our <a href=\"http://demo.YetaWF.com/YetaWF_Identity/LoginDirect/LoginAs?UserId=1\" target=\"_blank\">demo site</a></p>"
      },
      "MessageHandling": 1
    }
  ]
}