{
  "$type": "YetaWF.Core.Serializers.SerializableList`1[[YetaWF.Core.Site.SiteDefinition, YetaWF.Core]], YetaWF.Core",
  "$values": [
    {
      "$type": "YetaWF.Core.Site.SiteDefinition, YetaWF.Core",
      "Identity": 1000,
      "SiteDomain": "YetaWFDist4",
      "SiteTestDomain": null,
      "SiteName": "YetaWFDist4",
      "EnforceSiteUrl": false,
      "PageSecurity": 0,
      "EnforceSitePort": false,
      "PortNumber": 80,
      "PortNumberSSL": 443,
      "Localization": true,
      "DefaultLanguageId": "en-US",
      "AllowAnonymousUsers": true,
      "Locked": false,
      "LockedForIP": null,
      "LockedExternalForIP": null,
      "LockedUrl": "/Maintenance/Offline For Maintenance.html",
      "AllowPopups": true,
      "CssNoTooltips": "linkpreview-show peelback",
      "FavIcon_Data": {
        "$type": "System.Byte[], mscorlib",
        "$value": ""
      },
      "FavIconLrg_Data": {
        "$type": "System.Byte[], mscorlib",
        "$value": ""
      },
      "Country": "United States",
      "Currency": "USD",
      "CurrencyFormat": "$ #,0.00",
      "CurrencyDecimals": 2,
      "StaticPages": false,
      "AllowCacheUse": true,
      "Compression": true,
      "CompressCSSFiles": true,
      "BundleCSSFiles": true,
      "CssLocation": 1,
      "CompressJSFiles": true,
      "BundleJSFiles": true,
      "JSLocation": 1,
      "DisableMinimizeFUOC": false,
      "IFrameUse": 0,
      "Copyright": "YetaWF.com - © Copyright <<Year>> Softel vdm, Inc.",
      "UseCDNComponents": false,
      "UseCDN": false,
      "CDNUrl": null,
      "CDNUrlSecure": null,
      "StaticDomain": null,
      "EmailDebug": false,
      "AdminEmail": "youremail@YetaWFDist4",
      "SMTP": {
        "$type": "YetaWF.Core.SendEmail.SMTPServer, YetaWF.Core",
        "Server": "mail.YetaWFDist4",
        "Port": 25,
        "Authentication": 1,
        "UserName": "youremail@YetaWFDist4",
        "Password": "somepassword",
        "SSL": false
      },
      "HomePageUrl": "/",
      "NotFoundUrl": "/Errors/404",
      "MobileSiteUrl": null,
      "UnsupportedBrowserUrl": "/Maintenance/Unsupported Browser.html",
      "LoginUrl": "/User/Login",
      "ExternalAccountSetupUrl": "/User/Setup External Account",
      "ReferencedModules": {
        "$type": "YetaWF.Core.Serializers.SerializableList`1[[YetaWF.Core.Modules.ModuleDefinition+ReferencedModule, YetaWF.Core]], YetaWF.Core",
        "$values": []
      },
      "SelectedSkin": {
        "$type": "YetaWF.Core.Skins.SkinDefinition, YetaWF.Core",
        "Collection": "YetaWF/DefaultSkin/DefaultSkin",
        "FileName": "Default.cshtml"
      },
      "SelectedPopupSkin": {
        "$type": "YetaWF.Core.Skins.SkinDefinition, YetaWF.Core",
        "Collection": "YetaWF/DefaultSkin/DefaultSkin",
        "FileName": "Popup.cshtml"
      },
      "FormErrorsImmed": false,
      "BootstrapSkin": "Bootstrap Default",
      "jQueryUISkin": "Start",
      "KendoUISkin": "Blue Opal",
      "TabStyle": 0,
      "PublicKey": "<RSAKeyValue><Modulus>0JpXetQY5ZXd6H77DsWtPTqKx9L83TNnl811WcBuQUumtZ64gxcf1NfiEMEg3rDOk11VOMWqwBz5WOsuyUrb40BrB7S6g1doRaxN4di/YTHdz2mVQ2OUE0EshkNqknaLddxn7YTFtdda2b4PX7ap4W2wErTJPJu/cqFQfHD2IOU=</Modulus><Exponent>AQAB</Exponent></RSAKeyValue>",
      "PrivateKey": "<RSAKeyValue><Modulus>0JpXetQY5ZXd6H77DsWtPTqKx9L83TNnl811WcBuQUumtZ64gxcf1NfiEMEg3rDOk11VOMWqwBz5WOsuyUrb40BrB7S6g1doRaxN4di/YTHdz2mVQ2OUE0EshkNqknaLddxn7YTFtdda2b4PX7ap4W2wErTJPJu/cqFQfHD2IOU=</Modulus><Exponent>AQAB</Exponent><P>6vvHvyxKiB1xUSGu8q3ldTnZnUuceZBqimQzoPCukBVOUxObgJMpGFWqczOaY9QKJlkeYxdmfawZwAbnFwCKuw==</P><Q>40KL78qoP4TdHWs8wCtN/V2Wts9L7bw0w/ZsAeFIGmi4rwW8GlHG1tXb+E9QEx4EvgMDjSDP8A3Scq8OsxdY3w==</Q><DP>3EwZ8udSJJP9xYMfohJXuXP3yVi2pN04lO/l2y9paFkhKg+KzJqqf07o0sIBLy/+J/+K1nl8s7siFP4jrlPquw==</DP><DQ>BtzMkvogqIJflvLVC8yC92KrGWwbE9u6ECzRyCDAZ6O/5/EZZAYSJgyhLtdeSKWAaSh4I/vYq5wPPc1ReVD8Kw==</DQ><InverseQ>qdm0OMiPM/7jIdhh3Xfgh/0vqiL16yd4o0iC4uCCZbL5ZLccOjFgUOFFA9CPzE4owBzeZQmVzMEDctPI2CYStQ==</InverseQ><D>jwVS9xbWHwqag54T+XPUrAcoQYrJ7cshunWWgLurnD8HBLzW2qIPI/oDt+MB60yjxWuXU35K7L6wwqM0h7Q4fyCtv5u4ErRQUYxYcStY3oKm9+gc5KbVQoz4FryDBUZo61jnymb4whfH4sPVI0pVeRbIo2nR2L/S7/GDJtDfzH0=</D></RSAKeyValue>",
      "Analytics": null,
      "AnalyticsContent": null,
      "GoogleVerification": null,
      "ExtraHead": null,
      "ExtraBodyTop": null,
      "ExtraBodyBottom": null,
      "UseGeoLocation": false,
      "SiteMetaTags": null,
      "PageMetaTags": null,
      "SiteMapPriority": 50,
      "DefaultChangeFrequency": 4
    }
  ]
}