{
  "$type": "YetaWF.Core.Serializers.SerializableList`1[[YetaWF.Core.Site.SiteDefinition, YetaWF.Core]], YetaWF.Core",
  "$values": [
    {
      "$type": "YetaWF.Core.Site.SiteDefinition, YetaWF.Core",
      "Identity": 1000,
      "SiteDomain": "YetaWFDist4",
      "SiteTestDomain": null,
      "SiteName": "YetaWFDist4",
      "EnforceSiteUrl": false,
      "PageSecurity": 0,
      "EnforceSitePort": false,
      "PortNumber": 80,
      "PortNumberSSL": 443,
      "Localization": true,
      "DefaultLanguageId": "en-US",
      "AllowAnonymousUsers": true,
      "Locked": false,
      "LockedForIP": null,
      "LockedExternalForIP": null,
      "LockedUrl": "/Maintenance/Offline For Maintenance.html",
      "AllowPopups": true,
      "CssNoTooltips": "linkpreview-show peelback",
      "FavIcon_Data": {
        "$type": "System.Byte[], mscorlib",
        "$value": ""
      },
      "FavIconLrg_Data": {
        "$type": "System.Byte[], mscorlib",
        "$value": ""
      },
      "Country": "United States",
      "Currency": "USD",
      "CurrencyFormat": "$ #,0.00",
      "CurrencyDecimals": 2,
      "StaticPages": false,
      "AllowCacheUse": true,
      "Compression": true,
      "CompressCSSFiles": true,
      "BundleCSSFiles": true,
      "CssLocation": 1,
      "CompressJSFiles": true,
      "BundleJSFiles": true,
      "JSLocation": 1,
      "DisableMinimizeFUOC": false,
      "IFrameUse": 0,
      "Copyright": "YetaWF.com - © Copyright <<Year>> Softel vdm, Inc.",
      "UseCDNComponents": false,
      "UseCDN": false,
      "CDNUrl": null,
      "CDNUrlSecure": null,
      "StaticDomain": null,
      "EmailDebug": false,
      "AdminEmail": "youremail@YetaWFDist4",
      "SMTP": {
        "$type": "YetaWF.Core.SendEmail.SMTPServer, YetaWF.Core",
        "Server": "mail.YetaWFDist4",
        "Port": 25,
        "Authentication": 1,
        "UserName": "youremail@YetaWFDist4",
        "Password": "somepassword",
        "SSL": false
      },
      "HomePageUrl": "/",
      "NotFoundUrl": "/Errors/404",
      "MobileSiteUrl": null,
      "UnsupportedBrowserUrl": "/Maintenance/Unsupported Browser.html",
      "LoginUrl": "/User/Login",
      "ExternalAccountSetupUrl": "/User/Setup External Account",
      "ReferencedModules": {
        "$type": "YetaWF.Core.Serializers.SerializableList`1[[YetaWF.Core.Modules.ModuleDefinition+ReferencedModule, YetaWF.Core]], YetaWF.Core",
        "$values": []
      },
      "SelectedSkin": {
        "$type": "YetaWF.Core.Skins.SkinDefinition, YetaWF.Core",
        "Collection": "YetaWF/DefaultSkin/DefaultSkin",
        "FileName": "Default.cshtml"
      },
      "SelectedPopupSkin": {
        "$type": "YetaWF.Core.Skins.SkinDefinition, YetaWF.Core",
        "Collection": "YetaWF/DefaultSkin/DefaultSkin",
        "FileName": "Popup.cshtml"
      },
      "FormErrorsImmed": false,
      "BootstrapSkin": "Bootstrap Default",
      "jQueryUISkin": "Start",
      "KendoUISkin": "Blue Opal",
      "TabStyle": 0,
      "PublicKey": "<RSAKeyValue><Modulus>pUupId2ngEIdXAoCQZKi1rJ9mcQghw2CzmNnNtCWGHkMyAk8lLiAyThxRJ4yl30YDr0l4oi/9LRUCLHpu01d/O/KeLoIdp8u8l/GQbKWEL3+ND6nEZRxHcwfHdzz6VmllxtdiicH1b4v2UI4sINuIbzo079SSRosfMi06raEamU=</Modulus><Exponent>AQAB</Exponent></RSAKeyValue>",
      "PrivateKey": "<RSAKeyValue><Modulus>pUupId2ngEIdXAoCQZKi1rJ9mcQghw2CzmNnNtCWGHkMyAk8lLiAyThxRJ4yl30YDr0l4oi/9LRUCLHpu01d/O/KeLoIdp8u8l/GQbKWEL3+ND6nEZRxHcwfHdzz6VmllxtdiicH1b4v2UI4sINuIbzo079SSRosfMi06raEamU=</Modulus><Exponent>AQAB</Exponent><P>1JSwv3JC3NdIubF+1sCNW+vwSQnL0xvHB2hm+GICXZp8lvJkR79qLfyHkS2XOPSMa8SagQ+EiQ7EPuei2cUiWw==</P><Q>xw6LOCxmfbZkqO10tZVCCDjTUaR17+02y8hysLNt+piMrWSOa9JKmAMnYreqbh+mV4LQWSpMJzSns41MMmjCPw==</Q><DP>yRd69y80NspkHlzcWnO9hOX04HKm4CXXqZdGSNIV4Mvh7byPxhs5axUGfPv+oD8dklhhu5KdUjWoyMTAFXbZHw==</DP><DQ>iwxpy++YGLDUV/ynzkBZRA0N8LYFfHgkEu4Oz8hHRwpRGr5njoHzgYSSeq756rtJI1BJ4j9duvVZQF+vnnb3WQ==</DQ><InverseQ>CHvD68fDvGaL1pivfONwa16MTpavOoyi5iqPoKey66jAcfm2Ls6CXjB2y++kzJX+yw1stGtbo6pm+yeapSQ3UQ==</InverseQ><D>I97Nb0n4pX6zfFu3rZ8ys0C8vPewz14BOuSba2vMhrcOLQLEIMoBOKmE+w0RkYpWBCzL4eMnNOVFLzXcsQbTFE1ozmiqKR9xl9UQCIeIfiYPZ8BNqFubKwUMP8S5zKyhvWIiTg+CXRk+6o9gz7gF1DRb8LV2n/rr1vmHnQeUCyk=</D></RSAKeyValue>",
      "Analytics": null,
      "AnalyticsContent": null,
      "GoogleVerification": null,
      "ExtraHead": null,
      "ExtraBodyTop": null,
      "ExtraBodyBottom": null,
      "UseGeoLocation": false,
      "SiteMetaTags": null,
      "PageMetaTags": null,
      "SiteMapPriority": 50,
      "DefaultChangeFrequency": 4
    }
  ]
}