[
  {
    "Menu": null,
    "MenuVersion": 1,
    "EditUrl": null,
    "LICssClass": null,
    "Direction": 0,
    "Orientation": 0,
    "HoverDelay": 500,
    "ShowPath": false,
    "Name": "Main Menu Module (Skin)",
    "Title": {
      "en-US": "Main Menu"
    },
    "Visible": true,
    "ModuleSecurity": 0,
    "WantSearch": false,
    "WantFocus": false,
    "Description": {
      "en-US": "Main page menu"
    },
    "ModuleGuid": "59909bb1-75f4-419f-b961-8569bb282131",
    "DateCreated": "2018-08-15T13:06:00.3572946",
    "DateUpdated": "2018-08-15T13:12:32.531708",
    "SkinDefinitions": [],
    "SelectedPopupSkin": {
      "Collection": null,
      "FileName": null
    },
    "CssClass": "yPageMenu",
    "TempPageCssClass": null,
    "_SuppressPartialFormCss": false,
    "ShowTitle": false,
    "ShowTitleActions": true,
    "ShowHelp": false,
    "Print": false,
    "ShowFormButtons": true,
    "AnchorId": null,
    "AllowedRoles": [
      {
        "RoleId": 1000,
        "View": 1,
        "Edit": 1,
        "Remove": 1,
        "Extra1": 1,
        "Extra2": 1,
        "Extra3": 1,
        "Extra4": 1,
        "Extra5": 1
      }
    ],
    "AllowedUsers": [],
    "ReferencedModules": []
  }
]