[
  {
    "ModuleGuid": "59909bb1-75f4-419f-b961-8569bb282131",
    "Menu": [
      {
        "Separator": false,
        "Url": "/",
        "SubModule": null,
        "MenuText": {
          "en-US": "Home"
        },
        "LinkText": {
          "en-US": "Home"
        },
        "ImageUrlFinal": null,
        "Tooltip": {
          "en-US": "Home"
        },
        "Legend": {
          "en-US": "Home"
        },
        "Enabled": true,
        "CssClass": null,
        "Style": 0,
        "Mode": 0,
        "Category": 0,
        "LimitToRole": 0,
        "AuthorizationIgnore": false,
        "ConfirmationText": {
          "en-US": ""
        },
        "PleaseWaitText": {
          "en-US": ""
        },
        "SaveReturnUrl": false,
        "AddToOriginList": true,
        "NeedsModuleContext": false,
        "DontFollow": false,
        "Name": null,
        "Displayed": true,
        "CookieAsDoneSignal": false,
        "Location": 1,
        "SubMenu": [],
        "QueryArgs": null,
        "QueryArgsRvd": null,
        "QueryArgsDict": null,
        "QueryArgsHR": null,
        "AnchorId": null,
        "PageSecurity": 0,
        "DontCheckAuthorization": false,
        "items": null,
        "Id": 101,
        "_AuthorizationEvaluated": false
      },
      {
        "Separator": false,
        "Url": "/User",
        "SubModule": "7c518292-ef34-4251-b727-c6d828b0d50b",
        "MenuText": {
          "en-US": "User"
        },
        "LinkText": {
          "en-US": "User"
        },
        "ImageUrlFinal": null,
        "Tooltip": {
          "en-US": ""
        },
        "Legend": {
          "en-US": ""
        },
        "Enabled": true,
        "CssClass": null,
        "Style": 0,
        "Mode": 0,
        "Category": 0,
        "LimitToRole": 0,
        "AuthorizationIgnore": false,
        "ConfirmationText": {
          "en-US": ""
        },
        "PleaseWaitText": {
          "en-US": ""
        },
        "SaveReturnUrl": false,
        "AddToOriginList": true,
        "NeedsModuleContext": false,
        "DontFollow": false,
        "Name": null,
        "Displayed": true,
        "CookieAsDoneSignal": false,
        "Location": 1,
        "SubMenu": [],
        "QueryArgs": null,
        "QueryArgsRvd": null,
        "QueryArgsDict": null,
        "QueryArgsHR": null,
        "AnchorId": null,
        "PageSecurity": 0,
        "DontCheckAuthorization": false,
        "items": null,
        "Id": 224,
        "_AuthorizationEvaluated": false
      },
      {
        "Separator": false,
        "Url": "http://YetaWF.com/News",
        "SubModule": null,
        "MenuText": {
          "en-US": "News"
        },
        "LinkText": {
          "en-US": "News"
        },
        "ImageUrlFinal": null,
        "Tooltip": {
          "en-US": "News about Yet Another Web Framework"
        },
        "Legend": {
          "en-US": "Displays news about Yet Another Web Framework"
        },
        "Enabled": true,
        "CssClass": null,
        "Style": 1,
        "Mode": 0,
        "Category": 0,
        "LimitToRole": 0,
        "AuthorizationIgnore": false,
        "ConfirmationText": {
          "en-US": ""
        },
        "PleaseWaitText": {
          "en-US": ""
        },
        "SaveReturnUrl": false,
        "AddToOriginList": true,
        "NeedsModuleContext": false,
        "DontFollow": false,
        "Name": null,
        "Displayed": true,
        "CookieAsDoneSignal": false,
        "Location": 1,
        "SubMenu": [],
        "QueryArgs": null,
        "QueryArgsRvd": null,
        "QueryArgsDict": null,
        "QueryArgsHR": null,
        "AnchorId": null,
        "PageSecurity": 0,
        "DontCheckAuthorization": false,
        "items": null,
        "Id": 185,
        "_AuthorizationEvaluated": false
      },
      {
        "Separator": false,
        "Url": "/Admin",
        "SubModule": "6d77baf5-7424-4db6-9171-830849e104db",
        "MenuText": {
          "en-US": "Admin"
        },
        "LinkText": {
          "en-US": "Admin"
        },
        "ImageUrlFinal": null,
        "Tooltip": {
          "en-US": ""
        },
        "Legend": {
          "en-US": ""
        },
        "Enabled": true,
        "CssClass": null,
        "Style": 0,
        "Mode": 0,
        "Category": 0,
        "LimitToRole": 0,
        "AuthorizationIgnore": false,
        "ConfirmationText": {
          "en-US": ""
        },
        "PleaseWaitText": {
          "en-US": ""
        },
        "SaveReturnUrl": false,
        "AddToOriginList": true,
        "NeedsModuleContext": false,
        "DontFollow": false,
        "Name": null,
        "Displayed": true,
        "CookieAsDoneSignal": false,
        "Location": 1,
        "SubMenu": [],
        "QueryArgs": null,
        "QueryArgsRvd": null,
        "QueryArgsDict": null,
        "QueryArgsHR": null,
        "AnchorId": null,
        "PageSecurity": 0,
        "DontCheckAuthorization": false,
        "items": null,
        "Id": 225,
        "_AuthorizationEvaluated": false
      },
      {
        "Separator": false,
        "Url": "/Tests",
        "SubModule": null,
        "MenuText": {
          "en-US": "Tests"
        },
        "LinkText": {
          "en-US": "Tests"
        },
        "ImageUrlFinal": null,
        "Tooltip": {
          "en-US": ""
        },
        "Legend": {
          "en-US": ""
        },
        "Enabled": true,
        "CssClass": null,
        "Style": 0,
        "Mode": 0,
        "Category": 0,
        "LimitToRole": 0,
        "AuthorizationIgnore": false,
        "ConfirmationText": {
          "en-US": ""
        },
        "PleaseWaitText": {
          "en-US": ""
        },
        "SaveReturnUrl": false,
        "AddToOriginList": true,
        "NeedsModuleContext": false,
        "DontFollow": false,
        "Name": null,
        "Displayed": true,
        "CookieAsDoneSignal": false,
        "Location": 1,
        "SubMenu": [],
        "QueryArgs": null,
        "QueryArgsRvd": null,
        "QueryArgsDict": null,
        "QueryArgsHR": null,
        "AnchorId": null,
        "PageSecurity": 0,
        "DontCheckAuthorization": false,
        "items": null,
        "Id": 223,
        "_AuthorizationEvaluated": false
      },
      {
        "Separator": false,
        "Url": "/About YetaWF",
        "SubModule": "66d365d8-c1df-45bb-9dfb-9397722ca16f",
        "MenuText": {
          "en-US": "About"
        },
        "LinkText": {
          "en-US": "About"
        },
        "ImageUrlFinal": null,
        "Tooltip": {
          "en-US": ""
        },
        "Legend": {
          "en-US": ""
        },
        "Enabled": true,
        "CssClass": null,
        "Style": 0,
        "Mode": 0,
        "Category": 0,
        "LimitToRole": 0,
        "AuthorizationIgnore": false,
        "ConfirmationText": {
          "en-US": ""
        },
        "PleaseWaitText": {
          "en-US": ""
        },
        "SaveReturnUrl": false,
        "AddToOriginList": false,
        "NeedsModuleContext": false,
        "DontFollow": false,
        "Name": null,
        "Displayed": true,
        "CookieAsDoneSignal": false,
        "Location": 1,
        "SubMenu": [],
        "QueryArgs": null,
        "QueryArgsRvd": null,
        "QueryArgsDict": null,
        "QueryArgsHR": null,
        "AnchorId": null,
        "PageSecurity": 0,
        "DontCheckAuthorization": false,
        "items": null,
        "Id": 184,
        "_AuthorizationEvaluated": false
      }
    ]
  }
]