[
  {
    "Name": "Syntax Highlighter Highlight.js (Skin)",
    "Title": {
      "en-US": "Skin Syntax Highlighter (Highlight.js)"
    },
    "Visible": true,
    "ModuleSecurity": 0,
    "WantSearch": false,
    "WantFocus": false,
    "Description": {
      "en-US": "Skin module supporting syntax highlighting in modules, Highlight.js"
    },
    "ModuleGuid": "25068ac6-ba74-4644-8b46-9d7fec291e45",
    "DateCreated": "2017-07-09T21:04:03.5622818",
    "DateUpdated": "2018-04-16T00:58:10.9359638",
    "SkinDefinitions": [],
    "SelectedPopupSkin": {
      "Collection": null,
      "FileName": null
    },
    "CssClass": null,
    "TempPageCssClass": null,
    "_SuppressPartialFormCss": false,
    "ShowTitle": false,
    "ShowTitleActions": true,
    "ShowHelp": false,
    "Print": true,
    "ShowFormButtons": true,
    "AnchorId": null,
    "AllowedRoles": [
      {
        "RoleId": 999,
        "View": 1,
        "Edit": 0,
        "Remove": 0,
        "Extra1": 0,
        "Extra2": 0,
        "Extra3": 0,
        "Extra4": 0,
        "Extra5": 0
      },
      {
        "RoleId": 998,
        "View": 1,
        "Edit": 0,
        "Remove": 0,
        "Extra1": 0,
        "Extra2": 0,
        "Extra3": 0,
        "Extra4": 0,
        "Extra5": 0
      },
      {
        "RoleId": 1000,
        "View": 1,
        "Edit": 1,
        "Remove": 1,
        "Extra1": 1,
        "Extra2": 1,
        "Extra3": 1,
        "Extra4": 1,
        "Extra5": 1
      }
    ],
    "AllowedUsers": [],
    "ReferencedModules": []
  }
]