[
  {
    "Name": "Syntax Highlighter (Skin)",
    "Title": {
      "en-US": "Skin Syntax Highlighter"
    },
    "Visible": true,
    "ModuleSecurity": 0,
    "WantSearch": false,
    "WantFocus": false,
    "Description": {
      "en-US": "Skin module supporting syntax highlighting in modules"
    },
    "ModuleGuid": "7e3c4322-5bdb-44bf-acff-f62d498705ee",
    "DateCreated": "2016-06-08T14:24:46.9548324",
    "DateUpdated": "2018-04-16T00:58:14.8708117",
    "SkinDefinitions": [],
    "SelectedPopupSkin": {
      "Collection": null,
      "FileName": null
    },
    "CssClass": null,
    "TempPageCssClass": null,
    "_SuppressPartialFormCss": false,
    "ShowTitle": false,
    "ShowTitleActions": false,
    "ShowHelp": false,
    "Print": true,
    "ShowFormButtons": true,
    "AnchorId": null,
    "AllowedRoles": [
      {
        "RoleId": 999,
        "View": 1,
        "Edit": 0,
        "Remove": 0,
        "Extra1": 0,
        "Extra2": 0,
        "Extra3": 0,
        "Extra4": 0,
        "Extra5": 0
      },
      {
        "RoleId": 998,
        "View": 1,
        "Edit": 0,
        "Remove": 0,
        "Extra1": 0,
        "Extra2": 0,
        "Extra3": 0,
        "Extra4": 0,
        "Extra5": 0
      },
      {
        "RoleId": 1000,
        "View": 1,
        "Edit": 1,
        "Remove": 1,
        "Extra1": 1,
        "Extra2": 1,
        "Extra3": 1,
        "Extra4": 1,
        "Extra5": 1
      }
    ],
    "AllowedUsers": [],
    "ReferencedModules": []
  }
]