﻿<?xml version="1.0" encoding="utf-8"?>
<!--YetaWF.Core.Serializers.SerializableList`1[YetaWF.Modules.Panels.Modules.ModulePanelModule]-->
<Object Type="YetaWF.Core.Serializers.SerializableList`1[[YetaWF.Modules.Panels.Modules.ModulePanelModule, YetaWF.Panels, Culture=neutral, PublicKeyToken=null]]" Assembly="YetaWF.Core">
  <Properties />
  <List>
    <Value>
      <Object Type="YetaWF.Modules.Panels.Modules.ModulePanelModule" Assembly="YetaWF.Panels" AssemblyFull="YetaWF.Panels, Version=3.0.0.0, Culture=neutral, PublicKeyToken=null">
        <Properties>
          <PanelInfo>
            <Object Type="YetaWF.Modules.Panels.Models.PanelInfo" Assembly="YetaWF.Panels" AssemblyFull="YetaWF.Panels, Version=3.0.0.0, Culture=neutral, PublicKeyToken=null">
              <Properties>
                <Style Value="2" />
                <Panels>
                  <Object Type="YetaWF.Core.Serializers.SerializableList`1[[YetaWF.Modules.Panels.Models.PanelInfo+PanelEntry, YetaWF.Panels, Culture=neutral, PublicKeyToken=null]]" Assembly="YetaWF.Core">
                    <Properties />
                    <List>
                      <Value>
                        <Object Type="YetaWF.Modules.Panels.Models.PanelInfo+PanelEntry" Assembly="YetaWF.Panels" AssemblyFull="YetaWF.Panels, Version=3.0.0.0, Culture=neutral, PublicKeyToken=null">
                          <Properties>
                            <Module Value="66d365d8-c1df-45bb-9dfb-9397722ca16f" />
                            <Caption>
                              <Object Type="YetaWF.Core.Models.MultiString" Assembly="YetaWF.Core">
                                <Properties />
                                <Dictionary>
                                  <Key Value="en-US" />
                                  <Value Value="About YetaWF" />
                                </Dictionary>
                              </Object>
                            </Caption>
                            <ToolTip>
                              <Object Type="YetaWF.Core.Models.MultiString" Assembly="YetaWF.Core">
                                <Properties />
                                <Dictionary>
                                  <Key Value="en-US" />
                                  <Value Value="" />
                                </Dictionary>
                              </Object>
                            </ToolTip>
                          </Properties>
                        </Object>
                      </Value>
                      <Value>
                        <Object Type="YetaWF.Modules.Panels.Models.PanelInfo+PanelEntry" Assembly="YetaWF.Panels" AssemblyFull="YetaWF.Panels, Version=3.0.0.0, Culture=neutral, PublicKeyToken=null">
                          <Properties>
                            <Module Value="47c80477-1f25-4f9d-902c-e3d8b3a62686" />
                            <Caption>
                              <Object Type="YetaWF.Core.Models.MultiString" Assembly="YetaWF.Core">
                                <Properties />
                                <Dictionary>
                                  <Key Value="en-US" />
                                  <Value Value="Login" />
                                </Dictionary>
                              </Object>
                            </Caption>
                            <ToolTip>
                              <Object Type="YetaWF.Core.Models.MultiString" Assembly="YetaWF.Core">
                                <Properties />
                                <Dictionary>
                                  <Key Value="en-US" />
                                  <Value Value="" />
                                </Dictionary>
                              </Object>
                            </ToolTip>
                          </Properties>
                        </Object>
                      </Value>
                      <Value>
                        <Object Type="YetaWF.Modules.Panels.Models.PanelInfo+PanelEntry" Assembly="YetaWF.Panels" AssemblyFull="YetaWF.Panels, Version=3.0.0.0, Culture=neutral, PublicKeyToken=null">
                          <Properties>
                            <Module Value="60e09334-3eca-466f-bdf9-9933971b0991" />
                            <Caption>
                              <Object Type="YetaWF.Core.Models.MultiString" Assembly="YetaWF.Core">
                                <Properties />
                                <Dictionary>
                                  <Key Value="en-US" />
                                  <Value Value="Register" />
                                </Dictionary>
                              </Object>
                            </Caption>
                            <ToolTip>
                              <Object Type="YetaWF.Core.Models.MultiString" Assembly="YetaWF.Core">
                                <Properties />
                                <Dictionary>
                                  <Key Value="en-US" />
                                  <Value Value="" />
                                </Dictionary>
                              </Object>
                            </ToolTip>
                          </Properties>
                        </Object>
                      </Value>
                    </List>
                  </Object>
                </Panels>
              </Properties>
            </Object>
          </PanelInfo>
          <Name Value="Module Panel" />
          <Title>
            <Object Type="YetaWF.Core.Models.MultiString" Assembly="YetaWF.Core">
              <Properties />
              <Dictionary>
                <Key Value="en-US" />
                <Value Value="Module Panel" />
              </Dictionary>
            </Object>
          </Title>
          <Visible Value="True" />
          <ModuleSecurity Value="0" />
          <WantSearch Value="True" />
          <WantFocus Value="True" />
          <Description>
            <Object Type="YetaWF.Core.Models.MultiString" Assembly="YetaWF.Core">
              <Properties />
              <Dictionary>
                <Key Value="en-US" />
                <Value Value="Module Panel - used to display multiple modules using tabs or an accordion widget" />
              </Dictionary>
            </Object>
          </Description>
          <ModuleGuid Value="73e4a087-3a8b-4860-a8ec-ee2519b442f7" />
          <DateCreated Value="636471365073544263" />
          <DateUpdated Value="636594370942024390" />
          <SkinDefinitions>
            <Object Type="YetaWF.Core.Serializers.SerializableList`1[[YetaWF.Core.Skins.SkinDefinition, YetaWF.Core, Culture=neutral, PublicKeyToken=null]]" Assembly="YetaWF.Core">
              <Properties />
              <List />
            </Object>
          </SkinDefinitions>
          <SelectedPopupSkin>
            <Object Type="YetaWF.Core.Skins.SkinDefinition" Assembly="YetaWF.Core">
              <Properties>
                <Collection />
                <FileName />
              </Properties>
            </Object>
          </SelectedPopupSkin>
          <CssClass />
          <TempPageCssClass />
          <_SuppressPartialFormCss Value="False" />
          <ShowTitle Value="True" />
          <ShowTitleActions Value="True" />
          <ShowHelp Value="False" />
          <Print Value="True" />
          <ShowFormButtons Value="True" />
          <AnchorId />
          <AllowedRoles>
            <Object Type="YetaWF.Core.Serializers.SerializableList`1[[YetaWF.Core.Modules.ModuleDefinition+AllowedRole, YetaWF.Core, Culture=neutral, PublicKeyToken=null]]" Assembly="YetaWF.Core">
              <Properties />
              <List>
                <Value>
                  <Object Type="YetaWF.Core.Modules.ModuleDefinition+AllowedRole" Assembly="YetaWF.Core">
                    <Properties>
                      <RoleId Value="1000" />
                      <View Value="1" />
                      <Edit Value="1" />
                      <Remove Value="1" />
                      <Extra1 Value="1" />
                      <Extra2 Value="1" />
                      <Extra3 Value="1" />
                      <Extra4 Value="1" />
                      <Extra5 Value="1" />
                    </Properties>
                  </Object>
                </Value>
              </List>
            </Object>
          </AllowedRoles>
          <AllowedUsers>
            <Object Type="YetaWF.Core.Serializers.SerializableList`1[[YetaWF.Core.Modules.ModuleDefinition+AllowedUser, YetaWF.Core, Culture=neutral, PublicKeyToken=null]]" Assembly="YetaWF.Core">
              <Properties />
              <List />
            </Object>
          </AllowedUsers>
          <ReferencedModules>
            <Object Type="YetaWF.Core.Serializers.SerializableList`1[[YetaWF.Core.Modules.ModuleDefinition+ReferencedModule, YetaWF.Core, Culture=neutral, PublicKeyToken=null]]" Assembly="YetaWF.Core">
              <Properties />
              <List />
            </Object>
          </ReferencedModules>
        </Properties>
      </Object>
    </Value>
    <Value>
      <Object Type="YetaWF.Modules.Panels.Modules.ModulePanelModule" Assembly="YetaWF.Panels" AssemblyFull="YetaWF.Panels, Version=3.0.0.0, Culture=neutral, PublicKeyToken=null">
        <Properties>
          <PanelInfo>
            <Object Type="YetaWF.Modules.Panels.Models.PanelInfo" Assembly="YetaWF.Panels" AssemblyFull="YetaWF.Panels, Version=3.0.0.0, Culture=neutral, PublicKeyToken=null">
              <Properties>
                <Style Value="0" />
                <Panels>
                  <Object Type="YetaWF.Core.Serializers.SerializableList`1[[YetaWF.Modules.Panels.Models.PanelInfo+PanelEntry, YetaWF.Panels, Culture=neutral, PublicKeyToken=null]]" Assembly="YetaWF.Core">
                    <Properties />
                    <List>
                      <Value>
                        <Object Type="YetaWF.Modules.Panels.Models.PanelInfo+PanelEntry" Assembly="YetaWF.Panels" AssemblyFull="YetaWF.Panels, Version=3.0.0.0, Culture=neutral, PublicKeyToken=null">
                          <Properties>
                            <Module Value="f490deeb-ff19-4921-894b-4a81d263f97a" />
                            <Caption>
                              <Object Type="YetaWF.Core.Models.MultiString" Assembly="YetaWF.Core">
                                <Properties />
                                <Dictionary>
                                  <Key Value="en-US" />
                                  <Value Value="Login Provider" />
                                </Dictionary>
                              </Object>
                            </Caption>
                            <ToolTip>
                              <Object Type="YetaWF.Core.Models.MultiString" Assembly="YetaWF.Core">
                                <Properties />
                                <Dictionary>
                                  <Key Value="en-US" />
                                  <Value Value="Manage the site's user login settings" />
                                </Dictionary>
                              </Object>
                            </ToolTip>
                          </Properties>
                        </Object>
                      </Value>
                      <Value>
                        <Object Type="YetaWF.Modules.Panels.Models.PanelInfo+PanelEntry" Assembly="YetaWF.Panels" AssemblyFull="YetaWF.Panels, Version=3.0.0.0, Culture=neutral, PublicKeyToken=null">
                          <Properties>
                            <Module Value="d2cea32e-f711-4792-ab5b-cee8fb7466bc" />
                            <Caption>
                              <Object Type="YetaWF.Core.Models.MultiString" Assembly="YetaWF.Core">
                                <Properties />
                                <Dictionary>
                                  <Key Value="en-US" />
                                  <Value Value="Users" />
                                </Dictionary>
                              </Object>
                            </Caption>
                            <ToolTip>
                              <Object Type="YetaWF.Core.Models.MultiString" Assembly="YetaWF.Core">
                                <Properties />
                                <Dictionary>
                                  <Key Value="en-US" />
                                  <Value Value="Display and manage users" />
                                </Dictionary>
                              </Object>
                            </ToolTip>
                          </Properties>
                        </Object>
                      </Value>
                      <Value>
                        <Object Type="YetaWF.Modules.Panels.Models.PanelInfo+PanelEntry" Assembly="YetaWF.Panels" AssemblyFull="YetaWF.Panels, Version=3.0.0.0, Culture=neutral, PublicKeyToken=null">
                          <Properties>
                            <Module Value="d1968a16-0777-4567-8d1f-45be74b07b4c" />
                            <Caption>
                              <Object Type="YetaWF.Core.Models.MultiString" Assembly="YetaWF.Core">
                                <Properties />
                                <Dictionary>
                                  <Key Value="en-US" />
                                  <Value Value="Roles" />
                                </Dictionary>
                              </Object>
                            </Caption>
                            <ToolTip>
                              <Object Type="YetaWF.Core.Models.MultiString" Assembly="YetaWF.Core">
                                <Properties />
                                <Dictionary>
                                  <Key Value="en-US" />
                                  <Value Value="Display and manage roles" />
                                </Dictionary>
                              </Object>
                            </ToolTip>
                          </Properties>
                        </Object>
                      </Value>
                      <Value>
                        <Object Type="YetaWF.Modules.Panels.Models.PanelInfo+PanelEntry" Assembly="YetaWF.Panels" AssemblyFull="YetaWF.Panels, Version=3.0.0.0, Culture=neutral, PublicKeyToken=null">
                          <Properties>
                            <Module Value="1720dc68-2ac5-4ab1-90e0-10a01d139daf" />
                            <Caption>
                              <Object Type="YetaWF.Core.Models.MultiString" Assembly="YetaWF.Core">
                                <Properties />
                                <Dictionary>
                                  <Key Value="en-US" />
                                  <Value Value="Resources" />
                                </Dictionary>
                              </Object>
                            </Caption>
                            <ToolTip>
                              <Object Type="YetaWF.Core.Models.MultiString" Assembly="YetaWF.Core">
                                <Properties />
                                <Dictionary>
                                  <Key Value="en-US" />
                                  <Value Value="Display and manage resources (used for authorization)" />
                                </Dictionary>
                              </Object>
                            </ToolTip>
                          </Properties>
                        </Object>
                      </Value>
                    </List>
                  </Object>
                </Panels>
              </Properties>
            </Object>
          </PanelInfo>
          <Name Value="Identity Module Panel" />
          <Title>
            <Object Type="YetaWF.Core.Models.MultiString" Assembly="YetaWF.Core">
              <Properties />
              <Dictionary>
                <Key Value="en-US" />
                <Value Value="Identity" />
              </Dictionary>
            </Object>
          </Title>
          <Visible Value="True" />
          <ModuleSecurity Value="0" />
          <WantSearch Value="True" />
          <WantFocus Value="True" />
          <Description>
            <Object Type="YetaWF.Core.Models.MultiString" Assembly="YetaWF.Core">
              <Properties />
              <Dictionary>
                <Key Value="en-US" />
                <Value Value="Module Panel - used to display multiple modules using tabs or an accordion widget" />
              </Dictionary>
            </Object>
          </Description>
          <ModuleGuid Value="74b6f776-977c-4886-848e-8080e054dc9a" />
          <DateCreated Value="636600083558971816" />
          <DateUpdated Value="636612306142668019" />
          <SkinDefinitions>
            <Object Type="YetaWF.Core.Serializers.SerializableList`1[[YetaWF.Core.Skins.SkinDefinition, YetaWF.Core, Culture=neutral, PublicKeyToken=null]]" Assembly="YetaWF.Core">
              <Properties />
              <List>
                <Value>
                  <Object Type="YetaWF.Core.Skins.SkinDefinition" Assembly="YetaWF.Core">
                    <Properties>
                      <Collection Value="YetaWF/BootstrapSample/BootstrapSkin" />
                      <FileName Value="modStandard" />
                    </Properties>
                  </Object>
                </Value>
                <Value>
                  <Object Type="YetaWF.Core.Skins.SkinDefinition" Assembly="YetaWF.Core">
                    <Properties>
                      <Collection Value="YetaWF/BusinessCasualSkin/BusinessCasual" />
                      <FileName Value="modStandard" />
                    </Properties>
                  </Object>
                </Value>
                <Value>
                  <Object Type="YetaWF.Core.Skins.SkinDefinition" Assembly="YetaWF.Core">
                    <Properties>
                      <Collection Value="YetaWF/DefaultSkin/DefaultSkin" />
                      <FileName Value="modStandard" />
                    </Properties>
                  </Object>
                </Value>
                <Value>
                  <Object Type="YetaWF.Core.Skins.SkinDefinition" Assembly="YetaWF.Core">
                    <Properties>
                      <Collection Value="YetaWF/Core/Standard" />
                      <FileName Value="modStandard" />
                    </Properties>
                  </Object>
                </Value>
              </List>
            </Object>
          </SkinDefinitions>
          <SelectedPopupSkin>
            <Object Type="YetaWF.Core.Skins.SkinDefinition" Assembly="YetaWF.Core">
              <Properties>
                <Collection />
                <FileName Value="Popup.cshtml" />
              </Properties>
            </Object>
          </SelectedPopupSkin>
          <CssClass />
          <TempPageCssClass />
          <_SuppressPartialFormCss Value="False" />
          <ShowTitle Value="True" />
          <ShowTitleActions Value="True" />
          <ShowHelp Value="False" />
          <Print Value="True" />
          <ShowFormButtons Value="True" />
          <AnchorId />
          <AllowedRoles>
            <Object Type="YetaWF.Core.Serializers.SerializableList`1[[YetaWF.Core.Modules.ModuleDefinition+AllowedRole, YetaWF.Core, Culture=neutral, PublicKeyToken=null]]" Assembly="YetaWF.Core">
              <Properties />
              <List>
                <Value>
                  <Object Type="YetaWF.Core.Modules.ModuleDefinition+AllowedRole" Assembly="YetaWF.Core">
                    <Properties>
                      <RoleId Value="1000" />
                      <View Value="1" />
                      <Edit Value="1" />
                      <Remove Value="1" />
                      <Extra1 Value="0" />
                      <Extra2 Value="0" />
                      <Extra3 Value="0" />
                      <Extra4 Value="0" />
                      <Extra5 Value="0" />
                    </Properties>
                  </Object>
                </Value>
                <Value>
                  <Object Type="YetaWF.Core.Modules.ModuleDefinition+AllowedRole" Assembly="YetaWF.Core">
                    <Properties>
                      <RoleId Value="999" />
                      <View Value="0" />
                      <Edit Value="0" />
                      <Remove Value="0" />
                      <Extra1 Value="0" />
                      <Extra2 Value="0" />
                      <Extra3 Value="0" />
                      <Extra4 Value="0" />
                      <Extra5 Value="0" />
                    </Properties>
                  </Object>
                </Value>
                <Value>
                  <Object Type="YetaWF.Core.Modules.ModuleDefinition+AllowedRole" Assembly="YetaWF.Core">
                    <Properties>
                      <RoleId Value="1001" />
                      <View Value="0" />
                      <Edit Value="0" />
                      <Remove Value="0" />
                      <Extra1 Value="0" />
                      <Extra2 Value="0" />
                      <Extra3 Value="0" />
                      <Extra4 Value="0" />
                      <Extra5 Value="0" />
                    </Properties>
                  </Object>
                </Value>
                <Value>
                  <Object Type="YetaWF.Core.Modules.ModuleDefinition+AllowedRole" Assembly="YetaWF.Core">
                    <Properties>
                      <RoleId Value="997" />
                      <View Value="0" />
                      <Edit Value="0" />
                      <Remove Value="0" />
                      <Extra1 Value="0" />
                      <Extra2 Value="0" />
                      <Extra3 Value="0" />
                      <Extra4 Value="0" />
                      <Extra5 Value="0" />
                    </Properties>
                  </Object>
                </Value>
                <Value>
                  <Object Type="YetaWF.Core.Modules.ModuleDefinition+AllowedRole" Assembly="YetaWF.Core">
                    <Properties>
                      <RoleId Value="998" />
                      <View Value="0" />
                      <Edit Value="0" />
                      <Remove Value="0" />
                      <Extra1 Value="0" />
                      <Extra2 Value="0" />
                      <Extra3 Value="0" />
                      <Extra4 Value="0" />
                      <Extra5 Value="0" />
                    </Properties>
                  </Object>
                </Value>
                <Value>
                  <Object Type="YetaWF.Core.Modules.ModuleDefinition+AllowedRole" Assembly="YetaWF.Core">
                    <Properties>
                      <RoleId Value="996" />
                      <View Value="0" />
                      <Edit Value="0" />
                      <Remove Value="0" />
                      <Extra1 Value="0" />
                      <Extra2 Value="0" />
                      <Extra3 Value="0" />
                      <Extra4 Value="0" />
                      <Extra5 Value="0" />
                    </Properties>
                  </Object>
                </Value>
              </List>
            </Object>
          </AllowedRoles>
          <AllowedUsers>
            <Object Type="YetaWF.Core.Serializers.SerializableList`1[[YetaWF.Core.Modules.ModuleDefinition+AllowedUser, YetaWF.Core, Culture=neutral, PublicKeyToken=null]]" Assembly="YetaWF.Core">
              <Properties />
              <List />
            </Object>
          </AllowedUsers>
          <ReferencedModules>
            <Object Type="YetaWF.Core.Serializers.SerializableList`1[[YetaWF.Core.Modules.ModuleDefinition+ReferencedModule, YetaWF.Core, Culture=neutral, PublicKeyToken=null]]" Assembly="YetaWF.Core">
              <Properties />
              <List />
            </Object>
          </ReferencedModules>
        </Properties>
      </Object>
    </Value>
  </List>
</Object>