﻿<?xml version="1.0" encoding="utf-8"?>
<!--YetaWF.Core.Serializers.SerializableList`1[YetaWF.Modules.PageEdit.DataProvider.ControlPanelConfigData]-->
<Object Type="YetaWF.Core.Serializers.SerializableList`1[[YetaWF.Modules.PageEdit.DataProvider.ControlPanelConfigData, YetaWF.PageEdit]]" Assembly="YetaWF.Core">
  <Properties />
  <List>
    <Value>
      <Object Type="YetaWF.Modules.PageEdit.DataProvider.ControlPanelConfigData" Assembly="YetaWF.PageEdit" AssemblyFull="YetaWF.PageEdit, Version=3.0.0.0, Culture=neutral, PublicKeyToken=null">
        <Properties>
          <Id Value="1" />
          <W3CUrl Value="https://validator.w3.org/nu/?doc={0}" />
          <Users>
            <Object Type="YetaWF.Core.Serializers.SerializableList`1[[YetaWF.Core.Identity.User, YetaWF.Core]]" Assembly="YetaWF.Core">
              <Properties />
              <List />
            </Object>
          </Users>
        </Properties>
      </Object>
    </Value>
  </List>
</Object>