{
  "$type": "YetaWF.Core.Serializers.SerializableList`1[[YetaWF.Modules.Panels.Modules.DisplayStepsModule, YetaWF.Panels]], YetaWF.Core",
  "$values": [
    {
      "$type": "YetaWF.Modules.Panels.Modules.DisplayStepsModule, YetaWF.Panels",
      "StepInfo": {
        "$type": "YetaWF.Modules.Panels.Models.StepInfo, YetaWF.Panels",
        "Steps": {
          "$type": "YetaWF.Core.Serializers.SerializableList`1[[YetaWF.Modules.Panels.Models.StepInfo+StepEntry, YetaWF.Panels]], YetaWF.Core",
          "$values": [
            {
              "$type": "YetaWF.Modules.Panels.Models.StepInfo+StepEntry, YetaWF.Panels",
              "Name": "YetaWF_DevTests_Step1",
              "Caption": {
                "$type": "YetaWF.Core.Models.MultiString, YetaWF.Core",
                "en-US": "Step 1"
              },
              "Description": {
                "$type": "YetaWF.Core.Models.MultiString, YetaWF.Core",
                "en-US": "This is step 1"
              }
            },
            {
              "$type": "YetaWF.Modules.Panels.Models.StepInfo+StepEntry, YetaWF.Panels",
              "Name": "YetaWF_DevTests_Step2",
              "Caption": {
                "$type": "YetaWF.Core.Models.MultiString, YetaWF.Core",
                "en-US": "Step 2"
              },
              "Description": {
                "$type": "YetaWF.Core.Models.MultiString, YetaWF.Core",
                "en-US": "This is step 2"
              }
            },
            {
              "$type": "YetaWF.Modules.Panels.Models.StepInfo+StepEntry, YetaWF.Panels",
              "Name": "YetaWF_DevTests_Step3",
              "Caption": {
                "$type": "YetaWF.Core.Models.MultiString, YetaWF.Core",
                "en-US": "Step 3"
              },
              "Description": {
                "$type": "YetaWF.Core.Models.MultiString, YetaWF.Core",
                "en-US": "This is step 3"
              }
            },
            {
              "$type": "YetaWF.Modules.Panels.Models.StepInfo+StepEntry, YetaWF.Panels",
              "Name": "YetaWF_DevTests_Step4",
              "Caption": {
                "$type": "YetaWF.Core.Models.MultiString, YetaWF.Core",
                "en-US": "Step 4"
              },
              "Description": {
                "$type": "YetaWF.Core.Models.MultiString, YetaWF.Core",
                "en-US": "This is step 4"
              }
            }
          ]
        }
      },
      "Name": "Display Steps",
      "Title": {
        "$type": "YetaWF.Core.Models.MultiString, YetaWF.Core",
        "en-US": "Steps"
      },
      "Visible": true,
      "ModuleSecurity": 0,
      "WantSearch": false,
      "WantFocus": false,
      "Description": {
        "$type": "YetaWF.Core.Models.MultiString, YetaWF.Core",
        "en-US": "Displays steps to complete an action, usually a sequence of forms or pages"
      },
      "ModuleGuid": "7ca6bb32-c229-409e-8f2a-e5958631d180",
      "DateCreated": "2018-12-02T15:25:52.1272361",
      "DateUpdated": "2019-02-17T03:26:51.338718",
      "SkinDefinitions": {
        "$type": "YetaWF.Core.Serializers.SerializableList`1[[YetaWF.Core.Skins.SkinDefinition, YetaWF.Core]], YetaWF.Core",
        "$values": []
      },
      "SelectedPopupSkin": {
        "$type": "YetaWF.Core.Skins.SkinDefinition, YetaWF.Core",
        "Collection": null,
        "FileName": null
      },
      "CssClass": null,
      "TempPageCssClass": null,
      "_SuppressPartialFormCss": true,
      "ShowTitle": false,
      "ShowTitleActions": true,
      "ShowHelp": false,
      "Print": true,
      "ShowFormButtons": true,
      "AnchorId": null,
      "AllowedRoles": {
        "$type": "YetaWF.Core.Serializers.SerializableList`1[[YetaWF.Core.Modules.ModuleDefinition+AllowedRole, YetaWF.Core]], YetaWF.Core",
        "$values": [
          {
            "$type": "YetaWF.Core.Modules.ModuleDefinition+AllowedRole, YetaWF.Core",
            "RoleId": 999,
            "View": 1,
            "Edit": 0,
            "Remove": 0,
            "Extra1": 0,
            "Extra2": 0,
            "Extra3": 0,
            "Extra4": 0,
            "Extra5": 0
          },
          {
            "$type": "YetaWF.Core.Modules.ModuleDefinition+AllowedRole, YetaWF.Core",
            "RoleId": 998,
            "View": 1,
            "Edit": 0,
            "Remove": 0,
            "Extra1": 0,
            "Extra2": 0,
            "Extra3": 0,
            "Extra4": 0,
            "Extra5": 0
          },
          {
            "$type": "YetaWF.Core.Modules.ModuleDefinition+AllowedRole, YetaWF.Core",
            "RoleId": 1001,
            "View": 1,
            "Edit": 1,
            "Remove": 0,
            "Extra1": 0,
            "Extra2": 0,
            "Extra3": 0,
            "Extra4": 0,
            "Extra5": 0
          },
          {
            "$type": "YetaWF.Core.Modules.ModuleDefinition+AllowedRole, YetaWF.Core",
            "RoleId": 1000,
            "View": 1,
            "Edit": 1,
            "Remove": 1,
            "Extra1": 1,
            "Extra2": 1,
            "Extra3": 1,
            "Extra4": 1,
            "Extra5": 1
          }
        ]
      },
      "AllowedUsers": {
        "$type": "YetaWF.Core.Serializers.SerializableList`1[[YetaWF.Core.Modules.ModuleDefinition+AllowedUser, YetaWF.Core]], YetaWF.Core",
        "$values": []
      },
      "ReferencedModules": {
        "$type": "YetaWF.Core.Serializers.SerializableList`1[[YetaWF.Core.Modules.ModuleDefinition+ReferencedModule, YetaWF.Core]], YetaWF.Core",
        "$values": []
      }
    }
  ]
}