﻿<?xml version="1.0" encoding="utf-8"?>
<!--YetaWF.Core.Packages.SerializableData-->
<Object Type="YetaWF.Core.Packages.SerializableData" Assembly="YetaWF.Core">
  <Properties>
    <PackageName Value="YetaWF.Identity" />
    <PackageVersion Value="3.0.0" />
    <Data>
      <Object Type="YetaWF.Core.Serializers.SerializableList`1[[YetaWF.Core.Packages.SerializableModelData, YetaWF.Core]]" Assembly="YetaWF.Core">
        <Properties />
        <List>
          <Value>
            <Object Type="YetaWF.Core.Packages.SerializableModelData" Assembly="YetaWF.Core">
              <Properties>
                <Class Value="ForgotPasswordModuleDataProvider" />
                <Chunks Value="1" />
                <Files>
                  <Object Type="YetaWF.Core.Serializers.SerializableList`1[[YetaWF.Core.Packages.SerializableFile, YetaWF.Core]]" Assembly="YetaWF.Core">
                    <Properties />
                    <List />
                  </Object>
                </Files>
              </Properties>
            </Object>
          </Value>
          <Value>
            <Object Type="YetaWF.Core.Packages.SerializableModelData" Assembly="YetaWF.Core">
              <Properties>
                <Class Value="Need2FADisplayModuleDataProvider" />
                <Chunks Value="1" />
                <Files>
                  <Object Type="YetaWF.Core.Serializers.SerializableList`1[[YetaWF.Core.Packages.SerializableFile, YetaWF.Core]]" Assembly="YetaWF.Core">
                    <Properties />
                    <List />
                  </Object>
                </Files>
              </Properties>
            </Object>
          </Value>
          <Value>
            <Object Type="YetaWF.Core.Packages.SerializableModelData" Assembly="YetaWF.Core">
              <Properties>
                <Class Value="SelectTwoStepSetupModuleDataProvider" />
                <Chunks Value="1" />
                <Files>
                  <Object Type="YetaWF.Core.Serializers.SerializableList`1[[YetaWF.Core.Packages.SerializableFile, YetaWF.Core]]" Assembly="YetaWF.Core">
                    <Properties />
                    <List />
                  </Object>
                </Files>
              </Properties>
            </Object>
          </Value>
          <Value>
            <Object Type="YetaWF.Core.Packages.SerializableModelData" Assembly="YetaWF.Core">
              <Properties>
                <Class Value="SelectTwoStepAuthModuleDataProvider" />
                <Chunks Value="1" />
                <Files>
                  <Object Type="YetaWF.Core.Serializers.SerializableList`1[[YetaWF.Core.Packages.SerializableFile, YetaWF.Core]]" Assembly="YetaWF.Core">
                    <Properties />
                    <List />
                  </Object>
                </Files>
              </Properties>
            </Object>
          </Value>
          <Value>
            <Object Type="YetaWF.Core.Packages.SerializableModelData" Assembly="YetaWF.Core">
              <Properties>
                <Class Value="TemplateListOfUserNamesModuleDataProvider" />
                <Chunks Value="0" />
                <Files>
                  <Object Type="YetaWF.Core.Serializers.SerializableList`1[[YetaWF.Core.Packages.SerializableFile, YetaWF.Core]]" Assembly="YetaWF.Core">
                    <Properties />
                    <List />
                  </Object>
                </Files>
              </Properties>
            </Object>
          </Value>
          <Value>
            <Object Type="YetaWF.Core.Packages.SerializableModelData" Assembly="YetaWF.Core">
              <Properties>
                <Class Value="TemplateRolesSelectorModuleDataProvider" />
                <Chunks Value="1" />
                <Files>
                  <Object Type="YetaWF.Core.Serializers.SerializableList`1[[YetaWF.Core.Packages.SerializableFile, YetaWF.Core]]" Assembly="YetaWF.Core">
                    <Properties />
                    <List />
                  </Object>
                </Files>
              </Properties>
            </Object>
          </Value>
          <Value>
            <Object Type="YetaWF.Core.Packages.SerializableModelData" Assembly="YetaWF.Core">
              <Properties>
                <Class Value="TemplateUserIdModuleDataProvider" />
                <Chunks Value="1" />
                <Files>
                  <Object Type="YetaWF.Core.Serializers.SerializableList`1[[YetaWF.Core.Packages.SerializableFile, YetaWF.Core]]" Assembly="YetaWF.Core">
                    <Properties />
                    <List />
                  </Object>
                </Files>
              </Properties>
            </Object>
          </Value>
          <Value>
            <Object Type="YetaWF.Core.Packages.SerializableModelData" Assembly="YetaWF.Core">
              <Properties>
                <Class Value="AuthorizationBrowseModuleDataProvider" />
                <Chunks Value="1" />
                <Files>
                  <Object Type="YetaWF.Core.Serializers.SerializableList`1[[YetaWF.Core.Packages.SerializableFile, YetaWF.Core]]" Assembly="YetaWF.Core">
                    <Properties />
                    <List />
                  </Object>
                </Files>
              </Properties>
            </Object>
          </Value>
          <Value>
            <Object Type="YetaWF.Core.Packages.SerializableModelData" Assembly="YetaWF.Core">
              <Properties>
                <Class Value="AuthorizationEditModuleDataProvider" />
                <Chunks Value="0" />
                <Files>
                  <Object Type="YetaWF.Core.Serializers.SerializableList`1[[YetaWF.Core.Packages.SerializableFile, YetaWF.Core]]" Assembly="YetaWF.Core">
                    <Properties />
                    <List />
                  </Object>
                </Files>
              </Properties>
            </Object>
          </Value>
          <Value>
            <Object Type="YetaWF.Core.Packages.SerializableModelData" Assembly="YetaWF.Core">
              <Properties>
                <Class Value="LoginConfigModuleDataProvider" />
                <Chunks Value="1" />
                <Files>
                  <Object Type="YetaWF.Core.Serializers.SerializableList`1[[YetaWF.Core.Packages.SerializableFile, YetaWF.Core]]" Assembly="YetaWF.Core">
                    <Properties />
                    <List />
                  </Object>
                </Files>
              </Properties>
            </Object>
          </Value>
          <Value>
            <Object Type="YetaWF.Core.Packages.SerializableModelData" Assembly="YetaWF.Core">
              <Properties>
                <Class Value="LoginSelectorModuleDataProvider" />
                <Chunks Value="1" />
                <Files>
                  <Object Type="YetaWF.Core.Serializers.SerializableList`1[[YetaWF.Core.Packages.SerializableFile, YetaWF.Core]]" Assembly="YetaWF.Core">
                    <Properties />
                    <List />
                  </Object>
                </Files>
              </Properties>
            </Object>
          </Value>
          <Value>
            <Object Type="YetaWF.Core.Packages.SerializableModelData" Assembly="YetaWF.Core">
              <Properties>
                <Class Value="ExternalAccountModuleDataProvider" />
                <Chunks Value="1" />
                <Files>
                  <Object Type="YetaWF.Core.Serializers.SerializableList`1[[YetaWF.Core.Packages.SerializableFile, YetaWF.Core]]" Assembly="YetaWF.Core">
                    <Properties />
                    <List />
                  </Object>
                </Files>
              </Properties>
            </Object>
          </Value>
          <Value>
            <Object Type="YetaWF.Core.Packages.SerializableModelData" Assembly="YetaWF.Core">
              <Properties>
                <Class Value="RolesAddModuleDataProvider" />
                <Chunks Value="0" />
                <Files>
                  <Object Type="YetaWF.Core.Serializers.SerializableList`1[[YetaWF.Core.Packages.SerializableFile, YetaWF.Core]]" Assembly="YetaWF.Core">
                    <Properties />
                    <List />
                  </Object>
                </Files>
              </Properties>
            </Object>
          </Value>
          <Value>
            <Object Type="YetaWF.Core.Packages.SerializableModelData" Assembly="YetaWF.Core">
              <Properties>
                <Class Value="RolesBrowseModuleDataProvider" />
                <Chunks Value="1" />
                <Files>
                  <Object Type="YetaWF.Core.Serializers.SerializableList`1[[YetaWF.Core.Packages.SerializableFile, YetaWF.Core]]" Assembly="YetaWF.Core">
                    <Properties />
                    <List />
                  </Object>
                </Files>
              </Properties>
            </Object>
          </Value>
          <Value>
            <Object Type="YetaWF.Core.Packages.SerializableModelData" Assembly="YetaWF.Core">
              <Properties>
                <Class Value="RolesDisplayModuleDataProvider" />
                <Chunks Value="1" />
                <Files>
                  <Object Type="YetaWF.Core.Serializers.SerializableList`1[[YetaWF.Core.Packages.SerializableFile, YetaWF.Core]]" Assembly="YetaWF.Core">
                    <Properties />
                    <List />
                  </Object>
                </Files>
              </Properties>
            </Object>
          </Value>
          <Value>
            <Object Type="YetaWF.Core.Packages.SerializableModelData" Assembly="YetaWF.Core">
              <Properties>
                <Class Value="RolesEditModuleDataProvider" />
                <Chunks Value="1" />
                <Files>
                  <Object Type="YetaWF.Core.Serializers.SerializableList`1[[YetaWF.Core.Packages.SerializableFile, YetaWF.Core]]" Assembly="YetaWF.Core">
                    <Properties />
                    <List />
                  </Object>
                </Files>
              </Properties>
            </Object>
          </Value>
          <Value>
            <Object Type="YetaWF.Core.Packages.SerializableModelData" Assembly="YetaWF.Core">
              <Properties>
                <Class Value="UserAccountModuleDataProvider" />
                <Chunks Value="1" />
                <Files>
                  <Object Type="YetaWF.Core.Serializers.SerializableList`1[[YetaWF.Core.Packages.SerializableFile, YetaWF.Core]]" Assembly="YetaWF.Core">
                    <Properties />
                    <List />
                  </Object>
                </Files>
              </Properties>
            </Object>
          </Value>
          <Value>
            <Object Type="YetaWF.Core.Packages.SerializableModelData" Assembly="YetaWF.Core">
              <Properties>
                <Class Value="UserPasswordModuleDataProvider" />
                <Chunks Value="1" />
                <Files>
                  <Object Type="YetaWF.Core.Serializers.SerializableList`1[[YetaWF.Core.Packages.SerializableFile, YetaWF.Core]]" Assembly="YetaWF.Core">
                    <Properties />
                    <List />
                  </Object>
                </Files>
              </Properties>
            </Object>
          </Value>
          <Value>
            <Object Type="YetaWF.Core.Packages.SerializableModelData" Assembly="YetaWF.Core">
              <Properties>
                <Class Value="UsersAddModuleDataProvider" />
                <Chunks Value="0" />
                <Files>
                  <Object Type="YetaWF.Core.Serializers.SerializableList`1[[YetaWF.Core.Packages.SerializableFile, YetaWF.Core]]" Assembly="YetaWF.Core">
                    <Properties />
                    <List />
                  </Object>
                </Files>
              </Properties>
            </Object>
          </Value>
          <Value>
            <Object Type="YetaWF.Core.Packages.SerializableModelData" Assembly="YetaWF.Core">
              <Properties>
                <Class Value="UsersBrowseModuleDataProvider" />
                <Chunks Value="1" />
                <Files>
                  <Object Type="YetaWF.Core.Serializers.SerializableList`1[[YetaWF.Core.Packages.SerializableFile, YetaWF.Core]]" Assembly="YetaWF.Core">
                    <Properties />
                    <List />
                  </Object>
                </Files>
              </Properties>
            </Object>
          </Value>
          <Value>
            <Object Type="YetaWF.Core.Packages.SerializableModelData" Assembly="YetaWF.Core">
              <Properties>
                <Class Value="UsersDisplayModuleDataProvider" />
                <Chunks Value="0" />
                <Files>
                  <Object Type="YetaWF.Core.Serializers.SerializableList`1[[YetaWF.Core.Packages.SerializableFile, YetaWF.Core]]" Assembly="YetaWF.Core">
                    <Properties />
                    <List />
                  </Object>
                </Files>
              </Properties>
            </Object>
          </Value>
          <Value>
            <Object Type="YetaWF.Core.Packages.SerializableModelData" Assembly="YetaWF.Core">
              <Properties>
                <Class Value="OwinEditModuleDataProvider" />
                <Chunks Value="1" />
                <Files>
                  <Object Type="YetaWF.Core.Serializers.SerializableList`1[[YetaWF.Core.Packages.SerializableFile, YetaWF.Core]]" Assembly="YetaWF.Core">
                    <Properties />
                    <List />
                  </Object>
                </Files>
              </Properties>
            </Object>
          </Value>
          <Value>
            <Object Type="YetaWF.Core.Packages.SerializableModelData" Assembly="YetaWF.Core">
              <Properties>
                <Class Value="UsersEditModuleDataProvider" />
                <Chunks Value="0" />
                <Files>
                  <Object Type="YetaWF.Core.Serializers.SerializableList`1[[YetaWF.Core.Packages.SerializableFile, YetaWF.Core]]" Assembly="YetaWF.Core">
                    <Properties />
                    <List />
                  </Object>
                </Files>
              </Properties>
            </Object>
          </Value>
          <Value>
            <Object Type="YetaWF.Core.Packages.SerializableModelData" Assembly="YetaWF.Core">
              <Properties>
                <Class Value="RegisterModuleDataProvider" />
                <Chunks Value="1" />
                <Files>
                  <Object Type="YetaWF.Core.Serializers.SerializableList`1[[YetaWF.Core.Packages.SerializableFile, YetaWF.Core]]" Assembly="YetaWF.Core">
                    <Properties />
                    <List />
                  </Object>
                </Files>
              </Properties>
            </Object>
          </Value>
          <Value>
            <Object Type="YetaWF.Core.Packages.SerializableModelData" Assembly="YetaWF.Core">
              <Properties>
                <Class Value="LoginModuleDataProvider" />
                <Chunks Value="1" />
                <Files>
                  <Object Type="YetaWF.Core.Serializers.SerializableList`1[[YetaWF.Core.Packages.SerializableFile, YetaWF.Core]]" Assembly="YetaWF.Core">
                    <Properties />
                    <List />
                  </Object>
                </Files>
              </Properties>
            </Object>
          </Value>
          <Value>
            <Object Type="YetaWF.Core.Packages.SerializableModelData" Assembly="YetaWF.Core">
              <Properties>
                <Class Value="UserLoginInfoDataProvider" />
                <Chunks Value="0" />
                <Files>
                  <Object Type="YetaWF.Core.Serializers.SerializableList`1[[YetaWF.Core.Packages.SerializableFile, YetaWF.Core]]" Assembly="YetaWF.Core">
                    <Properties />
                    <List />
                  </Object>
                </Files>
              </Properties>
            </Object>
          </Value>
          <Value>
            <Object Type="YetaWF.Core.Packages.SerializableModelData" Assembly="YetaWF.Core">
              <Properties>
                <Class Value="AuthorizationDataProvider" />
                <Chunks Value="0" />
                <Files>
                  <Object Type="YetaWF.Core.Serializers.SerializableList`1[[YetaWF.Core.Packages.SerializableFile, YetaWF.Core]]" Assembly="YetaWF.Core">
                    <Properties />
                    <List />
                  </Object>
                </Files>
              </Properties>
            </Object>
          </Value>
          <Value>
            <Object Type="YetaWF.Core.Packages.SerializableModelData" Assembly="YetaWF.Core">
              <Properties>
                <Class Value="LoginConfigDataProvider" />
                <Chunks Value="1" />
                <Files>
                  <Object Type="YetaWF.Core.Serializers.SerializableList`1[[YetaWF.Core.Packages.SerializableFile, YetaWF.Core]]" Assembly="YetaWF.Core">
                    <Properties />
                    <List />
                  </Object>
                </Files>
              </Properties>
            </Object>
          </Value>
          <Value>
            <Object Type="YetaWF.Core.Packages.SerializableModelData" Assembly="YetaWF.Core">
              <Properties>
                <Class Value="RoleDefinitionDataProvider" />
                <Chunks Value="1" />
                <Files>
                  <Object Type="YetaWF.Core.Serializers.SerializableList`1[[YetaWF.Core.Packages.SerializableFile, YetaWF.Core]]" Assembly="YetaWF.Core">
                    <Properties />
                    <List />
                  </Object>
                </Files>
              </Properties>
            </Object>
          </Value>
          <Value>
            <Object Type="YetaWF.Core.Packages.SerializableModelData" Assembly="YetaWF.Core">
              <Properties>
                <Class Value="SuperuserDefinitionDataProvider" />
                <Chunks Value="1" />
                <Files>
                  <Object Type="YetaWF.Core.Serializers.SerializableList`1[[YetaWF.Core.Packages.SerializableFile, YetaWF.Core]]" Assembly="YetaWF.Core">
                    <Properties />
                    <List />
                  </Object>
                </Files>
              </Properties>
            </Object>
          </Value>
          <Value>
            <Object Type="YetaWF.Core.Packages.SerializableModelData" Assembly="YetaWF.Core">
              <Properties>
                <Class Value="UserDefinitionDataProvider" />
                <Chunks Value="0" />
                <Files>
                  <Object Type="YetaWF.Core.Serializers.SerializableList`1[[YetaWF.Core.Packages.SerializableFile, YetaWF.Core]]" Assembly="YetaWF.Core">
                    <Properties />
                    <List />
                  </Object>
                </Files>
              </Properties>
            </Object>
          </Value>
        </List>
      </Object>
    </Data>
  </Properties>
</Object>