﻿<?xml version="1.0" encoding="utf-8"?>
<!--YetaWF.Core.Serializers.SerializableList`1[YetaWF.Modules.Identity.DataProvider.RoleDefinition]-->
<Object Type="YetaWF.Core.Serializers.SerializableList`1[[YetaWF.Modules.Identity.DataProvider.RoleDefinition, YetaWF.Identity]]" Assembly="YetaWF.Core">
  <Properties />
  <List>
    <Value>
      <Object Type="YetaWF.Modules.Identity.DataProvider.RoleDefinition" Assembly="YetaWF.Identity" AssemblyFull="YetaWF.Identity, Version=3.0.0.0, Culture=neutral, PublicKeyToken=null">
        <Properties>
          <Name Value="Administrator" />
          <RoleId Value="1000" />
          <Description Value="An administrator can do EVERYTHING on ONE site (the site where the user has the Administrator role)" />
        </Properties>
      </Object>
    </Value>
    <Value>
      <Object Type="YetaWF.Modules.Identity.DataProvider.RoleDefinition" Assembly="YetaWF.Identity" AssemblyFull="YetaWF.Identity, Version=3.0.0.0, Culture=neutral, PublicKeyToken=null">
        <Properties>
          <Name Value="Editor" />
          <RoleId Value="1001" />
          <Description Value="An editor is a user who can perform editing actions on the site" />
        </Properties>
      </Object>
    </Value>
  </List>
</Object>