﻿<?xml version="1.0" encoding="utf-8"?>
<!--YetaWF.Core.Serializers.SerializableList`1[YetaWF.Modules.Identity.Modules.RolesDisplayModule]-->
<Object Type="YetaWF.Core.Serializers.SerializableList`1[[YetaWF.Modules.Identity.Modules.RolesDisplayModule, YetaWF.Identity, Culture=neutral, PublicKeyToken=null]]" Assembly="YetaWF.Core">
  <Properties />
  <List>
    <Value>
      <Object Type="YetaWF.Modules.Identity.Modules.RolesDisplayModule" Assembly="YetaWF.Identity" AssemblyFull="YetaWF.Identity, Version=3.0.0.0, Culture=neutral, PublicKeyToken=null">
        <Properties>
          <Name Value="Display Role" />
          <Title>
            <Object Type="YetaWF.Core.Models.MultiString" Assembly="YetaWF.Core">
              <Properties />
              <Dictionary>
                <Key Value="en-US" />
                <Value Value="Role" />
              </Dictionary>
            </Object>
          </Title>
          <Visible Value="True" />
          <ModuleSecurity Value="0" />
          <WantSearch Value="True" />
          <WantFocus Value="True" />
          <Description>
            <Object Type="YetaWF.Core.Models.MultiString" Assembly="YetaWF.Core">
              <Properties />
              <Dictionary>
                <Key Value="en-US" />
                <Value Value="Displays an existing role" />
              </Dictionary>
            </Object>
          </Description>
          <ModuleGuid Value="6584a819-f957-454d-8d58-aa57f2104e46" />
          <DateCreated Value="636600087517913097" />
          <DateUpdated Value="636600087518058232" />
          <SkinDefinitions>
            <Object Type="YetaWF.Core.Serializers.SerializableList`1[[YetaWF.Core.Skins.SkinDefinition, YetaWF.Core, Culture=neutral, PublicKeyToken=null]]" Assembly="YetaWF.Core">
              <Properties />
              <List>
                <Value>
                  <Object Type="YetaWF.Core.Skins.SkinDefinition" Assembly="YetaWF.Core">
                    <Properties>
                      <Collection Value="YetaWF/BootstrapSample/BootstrapSkin" />
                      <FileName Value="modStandard" />
                    </Properties>
                  </Object>
                </Value>
                <Value>
                  <Object Type="YetaWF.Core.Skins.SkinDefinition" Assembly="YetaWF.Core">
                    <Properties>
                      <Collection Value="YetaWF/BusinessCasualSkin/BusinessCasual" />
                      <FileName Value="modStandard" />
                    </Properties>
                  </Object>
                </Value>
                <Value>
                  <Object Type="YetaWF.Core.Skins.SkinDefinition" Assembly="YetaWF.Core">
                    <Properties>
                      <Collection Value="YetaWF/DefaultSkin/DefaultSkin" />
                      <FileName Value="modStandard" />
                    </Properties>
                  </Object>
                </Value>
                <Value>
                  <Object Type="YetaWF.Core.Skins.SkinDefinition" Assembly="YetaWF.Core">
                    <Properties>
                      <Collection Value="YetaWF/Core/Standard" />
                      <FileName Value="modStandard" />
                    </Properties>
                  </Object>
                </Value>
              </List>
            </Object>
          </SkinDefinitions>
          <SelectedPopupSkin>
            <Object Type="YetaWF.Core.Skins.SkinDefinition" Assembly="YetaWF.Core">
              <Properties>
                <Collection />
                <FileName Value="PopupSmall.cshtml" />
              </Properties>
            </Object>
          </SelectedPopupSkin>
          <CssClass />
          <TempPageCssClass />
          <_SuppressPartialFormCss Value="False" />
          <ShowTitle Value="True" />
          <ShowTitleActions Value="True" />
          <ShowHelp Value="False" />
          <Print Value="True" />
          <ShowFormButtons Value="True" />
          <AnchorId />
          <AllowedRoles>
            <Object Type="YetaWF.Core.Serializers.SerializableList`1[[YetaWF.Core.Modules.ModuleDefinition+AllowedRole, YetaWF.Core, Culture=neutral, PublicKeyToken=null]]" Assembly="YetaWF.Core">
              <Properties />
              <List>
                <Value>
                  <Object Type="YetaWF.Core.Modules.ModuleDefinition+AllowedRole" Assembly="YetaWF.Core">
                    <Properties>
                      <RoleId Value="1000" />
                      <View Value="1" />
                      <Edit Value="1" />
                      <Remove Value="1" />
                      <Extra1 Value="0" />
                      <Extra2 Value="0" />
                      <Extra3 Value="0" />
                      <Extra4 Value="0" />
                      <Extra5 Value="0" />
                    </Properties>
                  </Object>
                </Value>
                <Value>
                  <Object Type="YetaWF.Core.Modules.ModuleDefinition+AllowedRole" Assembly="YetaWF.Core">
                    <Properties>
                      <RoleId Value="999" />
                      <View Value="0" />
                      <Edit Value="0" />
                      <Remove Value="0" />
                      <Extra1 Value="0" />
                      <Extra2 Value="0" />
                      <Extra3 Value="0" />
                      <Extra4 Value="0" />
                      <Extra5 Value="0" />
                    </Properties>
                  </Object>
                </Value>
                <Value>
                  <Object Type="YetaWF.Core.Modules.ModuleDefinition+AllowedRole" Assembly="YetaWF.Core">
                    <Properties>
                      <RoleId Value="1001" />
                      <View Value="0" />
                      <Edit Value="0" />
                      <Remove Value="0" />
                      <Extra1 Value="0" />
                      <Extra2 Value="0" />
                      <Extra3 Value="0" />
                      <Extra4 Value="0" />
                      <Extra5 Value="0" />
                    </Properties>
                  </Object>
                </Value>
                <Value>
                  <Object Type="YetaWF.Core.Modules.ModuleDefinition+AllowedRole" Assembly="YetaWF.Core">
                    <Properties>
                      <RoleId Value="997" />
                      <View Value="0" />
                      <Edit Value="0" />
                      <Remove Value="0" />
                      <Extra1 Value="0" />
                      <Extra2 Value="0" />
                      <Extra3 Value="0" />
                      <Extra4 Value="0" />
                      <Extra5 Value="0" />
                    </Properties>
                  </Object>
                </Value>
                <Value>
                  <Object Type="YetaWF.Core.Modules.ModuleDefinition+AllowedRole" Assembly="YetaWF.Core">
                    <Properties>
                      <RoleId Value="998" />
                      <View Value="0" />
                      <Edit Value="0" />
                      <Remove Value="0" />
                      <Extra1 Value="0" />
                      <Extra2 Value="0" />
                      <Extra3 Value="0" />
                      <Extra4 Value="0" />
                      <Extra5 Value="0" />
                    </Properties>
                  </Object>
                </Value>
                <Value>
                  <Object Type="YetaWF.Core.Modules.ModuleDefinition+AllowedRole" Assembly="YetaWF.Core">
                    <Properties>
                      <RoleId Value="996" />
                      <View Value="0" />
                      <Edit Value="0" />
                      <Remove Value="0" />
                      <Extra1 Value="0" />
                      <Extra2 Value="0" />
                      <Extra3 Value="0" />
                      <Extra4 Value="0" />
                      <Extra5 Value="0" />
                    </Properties>
                  </Object>
                </Value>
              </List>
            </Object>
          </AllowedRoles>
          <AllowedUsers>
            <Object Type="YetaWF.Core.Serializers.SerializableList`1[[YetaWF.Core.Modules.ModuleDefinition+AllowedUser, YetaWF.Core, Culture=neutral, PublicKeyToken=null]]" Assembly="YetaWF.Core">
              <Properties />
              <List />
            </Object>
          </AllowedUsers>
          <ReferencedModules>
            <Object Type="YetaWF.Core.Serializers.SerializableList`1[[YetaWF.Core.Modules.ModuleDefinition+ReferencedModule, YetaWF.Core, Culture=neutral, PublicKeyToken=null]]" Assembly="YetaWF.Core">
              <Properties />
              <List />
            </Object>
          </ReferencedModules>
        </Properties>
      </Object>
    </Value>
  </List>
</Object>