﻿<?xml version="1.0" encoding="utf-8"?>
<!--YetaWF.Core.Serializers.SerializableList`1[YetaWF.Modules.Identity.DataProvider.UserDefinition]-->
<Object Type="YetaWF.Core.Serializers.SerializableList`1[[YetaWF.Modules.Identity.DataProvider.UserDefinition, YetaWF.Identity, Culture=neutral, PublicKeyToken=null]]" Assembly="YetaWF.Core">
  <Properties />
  <List>
    <Value>
      <Object Type="YetaWF.Modules.Identity.DataProvider.UserDefinition" Assembly="YetaWF.Identity" AssemblyFull="YetaWF.Identity, Version=3.0.0.0, Culture=neutral, PublicKeyToken=null">
        <Properties>
          <UserName Value="Superuser" />
          <UserId Value="1" />
          <PasswordHash Value="AC81w+w+WTo0iWEsCzZhpSiIfF9I6f1E97zUxQ4OuqC8Q3T5x6O2+JIQPi8C1XVQSQ==" />
          <PasswordPlainText Value="SuperuserPassword" />
          <Email Value="Superuser@Localhost" />
          <Comment Value="The superuser for all sites" />
          <UserStatus Value="2" />
          <VerificationCode Value="8d6ce15a-9455-4f88-9dc9-f5c7f6314bd2" />
          <RegistrationIP Value="127.0.0.1" />
          <Created Value="636612152079180949" />
          <LastLoginDate Value="636612200090412482" />
          <LastLoginIP Value="::1" />
          <LastPasswordChangedDate />
          <PasswordChangeIP />
          <LastActivityDate Value="636612200090412482" />
          <LastActivityIP Value="::1" />
          <LoginFailures Value="0" />
          <SecurityStamp />
          <RolesList>
            <Object Type="YetaWF.Core.Serializers.SerializableList`1[[YetaWF.Core.Identity.Role, YetaWF.Core, Culture=neutral, PublicKeyToken=null]]" Assembly="YetaWF.Core">
              <Properties />
              <List>
                <Value>
                  <Object Type="YetaWF.Core.Identity.Role" Assembly="YetaWF.Core">
                    <Properties>
                      <RoleId Value="997" />
                    </Properties>
                  </Object>
                </Value>
              </List>
            </Object>
          </RolesList>
          <EnabledTwoStepAuthentications>
            <Object Type="YetaWF.Core.Serializers.SerializableList`1[[YetaWF.Modules.Identity.DataProvider.TwoStepDefinition, YetaWF.Identity, Culture=neutral, PublicKeyToken=null]]" Assembly="YetaWF.Core">
              <Properties />
              <List />
            </Object>
          </EnabledTwoStepAuthentications>
        </Properties>
      </Object>
    </Value>
  </List>
</Object>