﻿<?xml version="1.0" encoding="utf-8"?>
<!--YetaWF.Core.Serializers.SerializableList`1[YetaWF.Modules.Identity.DataProvider.UserDefinition]-->
<Object Type="YetaWF.Core.Serializers.SerializableList`1[[YetaWF.Modules.Identity.DataProvider.UserDefinition, YetaWF.Identity, Culture=neutral, PublicKeyToken=null]]" Assembly="YetaWF.Core">
  <Properties />
  <List>
    <Value>
      <Object Type="YetaWF.Modules.Identity.DataProvider.UserDefinition" Assembly="YetaWF.Identity" AssemblyFull="YetaWF.Identity, Version=3.0.0.0, Culture=neutral, PublicKeyToken=null">
        <Properties>
          <UserName Value="Superuser" />
          <UserId Value="1" />
          <PasswordHash Value="AAcW/eA5cg7L2sAMqAy33FQlkIW7hnDi/qcz5PK3JWe6LFunfPM575BDW41njDejJw==" />
          <PasswordPlainText Value="SuperuserPassword" />
          <Email Value="Superuser@Localhost" />
          <Comment Value="The superuser for all sites" />
          <UserStatus Value="2" />
          <VerificationCode Value="7ec9f756-5adc-4ffb-8cb2-d3f5491a627a" />
          <RegistrationIP Value="127.0.0.1" />
          <Created Value="636613319677542371" />
          <LastLoginDate />
          <LastLoginIP />
          <LastPasswordChangedDate />
          <PasswordChangeIP />
          <LastActivityDate />
          <LastActivityIP />
          <LoginFailures Value="0" />
          <SecurityStamp />
          <RolesList>
            <Object Type="YetaWF.Core.Serializers.SerializableList`1[[YetaWF.Core.Identity.Role, YetaWF.Core, Culture=neutral, PublicKeyToken=null]]" Assembly="YetaWF.Core">
              <Properties />
              <List>
                <Value>
                  <Object Type="YetaWF.Core.Identity.Role" Assembly="YetaWF.Core">
                    <Properties>
                      <RoleId Value="997" />
                    </Properties>
                  </Object>
                </Value>
              </List>
            </Object>
          </RolesList>
          <EnabledTwoStepAuthentications>
            <Object Type="YetaWF.Core.Serializers.SerializableList`1[[YetaWF.Modules.Identity.DataProvider.TwoStepDefinition, YetaWF.Identity, Culture=neutral, PublicKeyToken=null]]" Assembly="YetaWF.Core">
              <Properties />
              <List />
            </Object>
          </EnabledTwoStepAuthentications>
        </Properties>
      </Object>
    </Value>
  </List>
</Object>