{
  "$type": "YetaWF.Core.Serializers.SerializableList`1[[YetaWF.Modules.Scheduler.DataProvider.SchedulerItemData, YetaWF.Scheduler]], YetaWF.Core",
  "$values": [
    {
      "$type": "YetaWF.Modules.Scheduler.DataProvider.SchedulerItemData, YetaWF.Scheduler",
      "Name": "Add Geolocation to Visitor Data",
      "Description": "Adds Geolocation to Visitor Data",
      "Enabled": true,
      "EnableOnStartup": true,
      "RunOnce": false,
      "Startup": false,
      "SiteSpecific": true,
      "Frequency": {
        "$type": "YetaWF.Core.Scheduler.SchedulerFrequency, YetaWF.Core",
        "TimeUnits": 1,
        "Value": 30
      },
      "TimeSpan": "00:30:00",
      "Event": {
        "$type": "YetaWF.Core.Scheduler.SchedulerEvent, YetaWF.Core",
        "Name": "YetaWF.Visitors: Add Geolocation to Visitor Data",
        "ImplementingAssembly": "YetaWF.Visitors",
        "ImplementingType": "YetaWF.Modules.Visitors.Scheduler.AddVisitorGeoLocation"
      },
      "Last": null,
      "Next": null,
      "RunTime": "00:00:00",
      "Errors": null
    },
    {
      "$type": "YetaWF.Modules.Scheduler.DataProvider.SchedulerItemData, YetaWF.Scheduler",
      "Name": "Build a Blog Based News Site Map",
      "Description": "Builds a blog based news site map",
      "Enabled": true,
      "EnableOnStartup": true,
      "RunOnce": false,
      "Startup": false,
      "SiteSpecific": true,
      "Frequency": {
        "$type": "YetaWF.Core.Scheduler.SchedulerFrequency, YetaWF.Core",
        "TimeUnits": 3,
        "Value": 1
      },
      "TimeSpan": "1.00:00:00",
      "Event": {
        "$type": "YetaWF.Core.Scheduler.SchedulerEvent, YetaWF.Core",
        "Name": "YetaWF.Blog: Build News Site Map",
        "ImplementingAssembly": "YetaWF.Blog",
        "ImplementingType": "YetaWF.Modules.Blog.Scheduler.NewsSiteMap"
      },
      "Last": null,
      "Next": null,
      "RunTime": "00:00:00",
      "Errors": null
    },
    {
      "$type": "YetaWF.Modules.Scheduler.DataProvider.SchedulerItemData, YetaWF.Scheduler",
      "Name": "Build Site Map",
      "Description": "Builds site maps",
      "Enabled": true,
      "EnableOnStartup": true,
      "RunOnce": false,
      "Startup": false,
      "SiteSpecific": true,
      "Frequency": {
        "$type": "YetaWF.Core.Scheduler.SchedulerFrequency, YetaWF.Core",
        "TimeUnits": 4,
        "Value": 1
      },
      "TimeSpan": "7.00:00:00",
      "Event": {
        "$type": "YetaWF.Core.Scheduler.SchedulerEvent, YetaWF.Core",
        "Name": "YetaWF.Pages: Build Site Map",
        "ImplementingAssembly": "YetaWF.Pages",
        "ImplementingType": "YetaWF.Modules.Pages.Scheduler.SiteMaps"
      },
      "Last": null,
      "Next": null,
      "RunTime": "00:00:00",
      "Errors": null
    },
    {
      "$type": "YetaWF.Modules.Scheduler.DataProvider.SchedulerItemData, YetaWF.Scheduler",
      "Name": "Create Daily Site Backup",
      "Description": "Creates a site backup and stores it in the site's Backup folder",
      "Enabled": true,
      "EnableOnStartup": true,
      "RunOnce": false,
      "Startup": false,
      "SiteSpecific": true,
      "Frequency": {
        "$type": "YetaWF.Core.Scheduler.SchedulerFrequency, YetaWF.Core",
        "TimeUnits": 3,
        "Value": 1
      },
      "TimeSpan": "1.00:00:00",
      "Event": {
        "$type": "YetaWF.Core.Scheduler.SchedulerEvent, YetaWF.Core",
        "Name": "YetaWF.Backups: Create Daily Backup",
        "ImplementingAssembly": "YetaWF.Backups",
        "ImplementingType": "YetaWF.Modules.Backups.Scheduler.Backups"
      },
      "Last": null,
      "Next": null,
      "RunTime": "00:00:00",
      "Errors": null
    },
    {
      "$type": "YetaWF.Modules.Scheduler.DataProvider.SchedulerItemData, YetaWF.Scheduler",
      "Name": "Extract Search Keywords From Pages",
      "Description": "Extracts search keywords from all pages, used to provide search features for site users",
      "Enabled": true,
      "EnableOnStartup": true,
      "RunOnce": false,
      "Startup": false,
      "SiteSpecific": true,
      "Frequency": {
        "$type": "YetaWF.Core.Scheduler.SchedulerFrequency, YetaWF.Core",
        "TimeUnits": 3,
        "Value": 1
      },
      "TimeSpan": "1.00:00:00",
      "Event": {
        "$type": "YetaWF.Core.Scheduler.SchedulerEvent, YetaWF.Core",
        "Name": "YetaWF.Search: Extract Search Keywords From Pages",
        "ImplementingAssembly": "YetaWF.Search",
        "ImplementingType": "YetaWF.Modules.Search.Scheduler.Search"
      },
      "Last": null,
      "Next": null,
      "RunTime": "00:00:00",
      "Errors": null
    },
    {
      "$type": "YetaWF.Modules.Scheduler.DataProvider.SchedulerItemData, YetaWF.Scheduler",
      "Name": "Remove Old Audit Data",
      "Description": "Removes old audit data",
      "Enabled": false,
      "EnableOnStartup": false,
      "RunOnce": false,
      "Startup": false,
      "SiteSpecific": true,
      "Frequency": {
        "$type": "YetaWF.Core.Scheduler.SchedulerFrequency, YetaWF.Core",
        "TimeUnits": 3,
        "Value": 1
      },
      "TimeSpan": "1.00:00:00",
      "Event": {
        "$type": "YetaWF.Core.Scheduler.SchedulerEvent, YetaWF.Core",
        "Name": "YetaWF.Dashboard: Remove Old Audit Data",
        "ImplementingAssembly": "YetaWF.Dashboard",
        "ImplementingType": "YetaWF.Modules.Dashboard.Scheduler.RemoveOldAuditData"
      },
      "Last": null,
      "Next": null,
      "RunTime": "00:00:00",
      "Errors": null
    },
    {
      "$type": "YetaWF.Modules.Scheduler.DataProvider.SchedulerItemData, YetaWF.Scheduler",
      "Name": "Remove Old Log Data",
      "Description": "Removes old log data",
      "Enabled": true,
      "EnableOnStartup": true,
      "RunOnce": false,
      "Startup": false,
      "SiteSpecific": true,
      "Frequency": {
        "$type": "YetaWF.Core.Scheduler.SchedulerFrequency, YetaWF.Core",
        "TimeUnits": 4,
        "Value": 1
      },
      "TimeSpan": "7.00:00:00",
      "Event": {
        "$type": "YetaWF.Core.Scheduler.SchedulerEvent, YetaWF.Core",
        "Name": "YetaWF.Logging: Remove Old Log Data",
        "ImplementingAssembly": "YetaWF.Logging",
        "ImplementingType": "YetaWF.Modules.Logging.Scheduler.RemoveOldLogData"
      },
      "Last": null,
      "Next": null,
      "RunTime": "00:00:00",
      "Errors": null
    },
    {
      "$type": "YetaWF.Modules.Scheduler.DataProvider.SchedulerItemData, YetaWF.Scheduler",
      "Name": "Remove Old Site Backup",
      "Description": "Removes site backups that are too old (defined using backup settings)",
      "Enabled": true,
      "EnableOnStartup": true,
      "RunOnce": false,
      "Startup": false,
      "SiteSpecific": true,
      "Frequency": {
        "$type": "YetaWF.Core.Scheduler.SchedulerFrequency, YetaWF.Core",
        "TimeUnits": 3,
        "Value": 1
      },
      "TimeSpan": "1.00:00:00",
      "Event": {
        "$type": "YetaWF.Core.Scheduler.SchedulerEvent, YetaWF.Core",
        "Name": "YetaWF.Backups: Remove Old Backups",
        "ImplementingAssembly": "YetaWF.Backups",
        "ImplementingType": "YetaWF.Modules.Backups.Scheduler.Backups"
      },
      "Last": null,
      "Next": null,
      "RunTime": "00:00:00",
      "Errors": null
    },
    {
      "$type": "YetaWF.Modules.Scheduler.DataProvider.SchedulerItemData, YetaWF.Scheduler",
      "Name": "Remove Old Visitor Data",
      "Description": "Removes old visitor data",
      "Enabled": true,
      "EnableOnStartup": true,
      "RunOnce": false,
      "Startup": false,
      "SiteSpecific": true,
      "Frequency": {
        "$type": "YetaWF.Core.Scheduler.SchedulerFrequency, YetaWF.Core",
        "TimeUnits": 4,
        "Value": 1
      },
      "TimeSpan": "7.00:00:00",
      "Event": {
        "$type": "YetaWF.Core.Scheduler.SchedulerEvent, YetaWF.Core",
        "Name": "YetaWF.Visitors: Remove Old Visitor Data",
        "ImplementingAssembly": "YetaWF.Visitors",
        "ImplementingType": "YetaWF.Modules.Visitors.Scheduler.RemoveOldVisitorData"
      },
      "Last": null,
      "Next": null,
      "RunTime": "00:00:00",
      "Errors": null
    },
    {
      "$type": "YetaWF.Modules.Scheduler.DataProvider.SchedulerItemData, YetaWF.Scheduler",
      "Name": "Remove Temporary Files (uploaded files)",
      "Description": "Removes temporary files that are too old (files that were created on or before the last time this event ran, based on Frequency definition)",
      "Enabled": true,
      "EnableOnStartup": true,
      "RunOnce": false,
      "Startup": false,
      "SiteSpecific": false,
      "Frequency": {
        "$type": "YetaWF.Core.Scheduler.SchedulerFrequency, YetaWF.Core",
        "TimeUnits": 3,
        "Value": 2
      },
      "TimeSpan": "2.00:00:00",
      "Event": {
        "$type": "YetaWF.Core.Scheduler.SchedulerEvent, YetaWF.Core",
        "Name": "YetaWF.ImageSupport: Remove Temp Files",
        "ImplementingAssembly": "YetaWF.Core",
        "ImplementingType": "YetaWF.Core.Image.ImageSupportScheduling"
      },
      "Last": null,
      "Next": null,
      "RunTime": "00:00:00",
      "Errors": null
    },
    {
      "$type": "YetaWF.Modules.Scheduler.DataProvider.SchedulerItemData, YetaWF.Scheduler",
      "Name": "Update users' password expiration",
      "Description": "Updates users' password expiration",
      "Enabled": true,
      "EnableOnStartup": true,
      "RunOnce": false,
      "Startup": false,
      "SiteSpecific": true,
      "Frequency": {
        "$type": "YetaWF.Core.Scheduler.SchedulerFrequency, YetaWF.Core",
        "TimeUnits": 3,
        "Value": 1
      },
      "TimeSpan": "1.00:00:00",
      "Event": {
        "$type": "YetaWF.Core.Scheduler.SchedulerEvent, YetaWF.Core",
        "Name": "YetaWF.Identity: Update users' password expiration",
        "ImplementingAssembly": "YetaWF.Identity",
        "ImplementingType": "YetaWF.Modules.Identity.Scheduler.PasswordExpiration"
      },
      "Last": null,
      "Next": null,
      "RunTime": "00:00:00",
      "Errors": null
    }
  ]
}