[
  {
    "DisplayUrl": null,
    "Name": "Data Providers",
    "Title": {
      "en-US": "Data Providers"
    },
    "Visible": true,
    "ModuleSecurity": 0,
    "WantSearch": true,
    "WantFocus": true,
    "Description": {
      "en-US": "Displays information about all Javascript AddOns, Css AddOns that are installed in the current YetaWF instance"
    },
    "ModuleGuid": "eb6cf230-a2c2-42c6-986a-0994c8c5e1b9",
    "DateCreated": "2018-04-16T00:29:03.1615093",
    "DateUpdated": "2018-04-16T00:58:18.4236264",
    "SkinDefinitions": [],
    "SelectedPopupSkin": {
      "Collection": null,
      "FileName": null
    },
    "CssClass": null,
    "TempPageCssClass": null,
    "_SuppressPartialFormCss": false,
    "ShowTitle": true,
    "ShowTitleActions": true,
    "ShowHelp": false,
    "Print": true,
    "ShowFormButtons": true,
    "AnchorId": null,
    "AllowedRoles": [
      {
        "RoleId": 1000,
        "View": 1,
        "Edit": 1,
        "Remove": 1,
        "Extra1": 1,
        "Extra2": 1,
        "Extra3": 1,
        "Extra4": 1,
        "Extra5": 1
      }
    ],
    "AllowedUsers": [],
    "ReferencedModules": []
  }
]