[
  {
    "Name": "Dashboard HttpRuntime Cache",
    "Title": {
      "en-US": "HttpRuntime Cache"
    },
    "Visible": true,
    "ModuleSecurity": 0,
    "WantSearch": true,
    "WantFocus": true,
    "Description": {
      "en-US": "Displays cache information (HttpContext.Current.Cache)"
    },
    "ModuleGuid": "2033d035-88dc-49bd-9957-b44447dd2073",
    "DateCreated": "2018-04-16T00:39:44.1279996",
    "DateUpdated": "2018-04-16T00:58:10.713181",
    "SkinDefinitions": [],
    "SelectedPopupSkin": {
      "Collection": null,
      "FileName": null
    },
    "CssClass": null,
    "TempPageCssClass": null,
    "_SuppressPartialFormCss": false,
    "ShowTitle": true,
    "ShowTitleActions": true,
    "ShowHelp": false,
    "Print": true,
    "ShowFormButtons": true,
    "AnchorId": null,
    "AllowedRoles": [
      {
        "RoleId": 1000,
        "View": 1,
        "Edit": 1,
        "Remove": 1,
        "Extra1": 1,
        "Extra2": 1,
        "Extra3": 1,
        "Extra4": 1,
        "Extra5": 1
      }
    ],
    "AllowedUsers": [],
    "ReferencedModules": []
  }
]