{
  "PackageName": "YetaWF.Dashboard",
  "PackageVersion": "4.0.0",
  "Data": [
    {
      "Class": "AddonDisplayModuleDataProvider",
      "Chunks": 0,
      "Files": []
    },
    {
      "Class": "AddonsBrowseModuleDataProvider",
      "Chunks": 1,
      "Files": []
    },
    {
      "Class": "AuditDisplayModuleDataProvider",
      "Chunks": 0,
      "Files": []
    },
    {
      "Class": "AuditRecordsModuleDataProvider",
      "Chunks": 1,
      "Files": []
    },
    {
      "Class": "BrowseDataProvidersModuleDataProvider",
      "Chunks": 0,
      "Files": []
    },
    {
      "Class": "DisposableTrackerBrowseModuleDataProvider",
      "Chunks": 1,
      "Files": []
    },
    {
      "Class": "HttpModulesBrowseModuleDataProvider",
      "Chunks": 1,
      "Files": []
    },
    {
      "Class": "StaticPagesBrowseModuleDataProvider",
      "Chunks": 1,
      "Files": []
    },
    {
      "Class": "StatusModuleDataProvider",
      "Chunks": 1,
      "Files": []
    },
    {
      "Class": "SessionInfoModuleDataProvider",
      "Chunks": 1,
      "Files": []
    },
    {
      "Class": "CacheInfoModuleDataProvider",
      "Chunks": 1,
      "Files": []
    },
    {
      "Class": "AuditInfoDataProvider",
      "Chunks": 0,
      "Files": []
    }
  ]
}