[
  {
    "Name": "SessionState Information (HttpContext.Current.Session)",
    "Title": {
      "en-US": "SessionState Information (HttpContext.Current.Session)"
    },
    "Visible": true,
    "ModuleSecurity": 0,
    "WantSearch": true,
    "WantFocus": true,
    "Description": {
      "en-US": "Displays SessionState information (HttpContext.Current.Session)"
    },
    "ModuleGuid": "75cfc23e-54c9-40a5-99ec-ce5693f925d0",
    "DateCreated": "2018-04-16T00:41:50.1954878",
    "DateUpdated": "2018-04-16T00:58:14.4682374",
    "SkinDefinitions": [],
    "SelectedPopupSkin": {
      "Collection": null,
      "FileName": null
    },
    "CssClass": null,
    "TempPageCssClass": null,
    "_SuppressPartialFormCss": false,
    "ShowTitle": true,
    "ShowTitleActions": true,
    "ShowHelp": false,
    "Print": true,
    "ShowFormButtons": true,
    "AnchorId": null,
    "AllowedRoles": [
      {
        "RoleId": 1000,
        "View": 1,
        "Edit": 1,
        "Remove": 1,
        "Extra1": 1,
        "Extra2": 1,
        "Extra3": 1,
        "Extra4": 1,
        "Extra5": 1
      }
    ],
    "AllowedUsers": [],
    "ReferencedModules": []
  }
]