[
  {
    "Name": "Blog Settings",
    "Title": {
      "en-US": "Blog Settings"
    },
    "Visible": true,
    "ModuleSecurity": 0,
    "WantSearch": true,
    "WantFocus": true,
    "Description": {
      "en-US": "Edits a site's blog settings"
    },
    "ModuleGuid": "8e6986c9-3d25-4479-bce6-a54062efdb15",
    "DateCreated": "2015-09-22T19:51:20.3621776",
    "DateUpdated": "2018-04-16T00:58:15.3097319",
    "SkinDefinitions": [
      {
        "Collection": null,
        "FileName": null
      },
      {
        "Collection": null,
        "FileName": null
      },
      {
        "Collection": null,
        "FileName": null
      },
      {
        "Collection": null,
        "FileName": null
      },
      {
        "Collection": null,
        "FileName": null
      },
      {
        "Collection": null,
        "FileName": null
      }
    ],
    "SelectedPopupSkin": {
      "Collection": null,
      "FileName": null
    },
    "CssClass": null,
    "TempPageCssClass": null,
    "_SuppressPartialFormCss": false,
    "ShowTitle": true,
    "ShowTitleActions": false,
    "ShowHelp": true,
    "Print": true,
    "ShowFormButtons": true,
    "AnchorId": null,
    "AllowedRoles": [
      {
        "RoleId": 1000,
        "View": 1,
        "Edit": 1,
        "Remove": 1,
        "Extra1": 1,
        "Extra2": 1,
        "Extra3": 1,
        "Extra4": 1,
        "Extra5": 1
      }
    ],
    "AllowedUsers": [],
    "ReferencedModules": []
  }
]