[
  {
    "AddUrl": null,
    "DisplayUrl": null,
    "EditUrl": null,
    "BrowseEntriesUrl": "/Admin/Blog/Entries",
    "Name": "Blog Categories",
    "Title": {
      "en-US": "Blog Categories"
    },
    "Visible": true,
    "ModuleSecurity": 0,
    "WantSearch": true,
    "WantFocus": true,
    "Description": {
      "en-US": "Displays and manages blog categories"
    },
    "ModuleGuid": "17803dea-c7f1-4b57-a336-f3fefa479fc5",
    "DateCreated": "2015-04-02T16:32:12.4866167",
    "DateUpdated": "2018-04-16T00:58:10.368642",
    "SkinDefinitions": [],
    "SelectedPopupSkin": {
      "Collection": null,
      "FileName": null
    },
    "CssClass": null,
    "TempPageCssClass": null,
    "_SuppressPartialFormCss": false,
    "ShowTitle": true,
    "ShowTitleActions": false,
    "ShowHelp": false,
    "Print": true,
    "ShowFormButtons": true,
    "AnchorId": null,
    "AllowedRoles": [
      {
        "RoleId": 1000,
        "View": 1,
        "Edit": 1,
        "Remove": 1,
        "Extra1": 1,
        "Extra2": 1,
        "Extra3": 1,
        "Extra4": 1,
        "Extra5": 1
      }
    ],
    "AllowedUsers": [],
    "ReferencedModules": []
  }
]