[
  {
    "Name": "Blog Category Header (Blog)",
    "Title": {
      "en-US": "Blog Category Header"
    },
    "Visible": true,
    "ModuleSecurity": 0,
    "WantSearch": true,
    "WantFocus": true,
    "Description": {
      "en-US": "Displays a blog category header"
    },
    "ModuleGuid": "8e1f571a-c0d1-4f3d-9ff2-5212ffa49093",
    "DateCreated": "2015-10-31T16:42:18.535639",
    "DateUpdated": "2018-04-16T00:58:15.2561796",
    "SkinDefinitions": [
      {
        "Collection": null,
        "FileName": null
      },
      {
        "Collection": null,
        "FileName": null
      },
      {
        "Collection": null,
        "FileName": null
      },
      {
        "Collection": null,
        "FileName": null
      },
      {
        "Collection": null,
        "FileName": null
      },
      {
        "Collection": null,
        "FileName": null
      },
      {
        "Collection": null,
        "FileName": null
      }
    ],
    "SelectedPopupSkin": {
      "Collection": null,
      "FileName": null
    },
    "CssClass": null,
    "TempPageCssClass": null,
    "_SuppressPartialFormCss": false,
    "ShowTitle": true,
    "ShowTitleActions": false,
    "ShowHelp": false,
    "Print": true,
    "ShowFormButtons": false,
    "AnchorId": null,
    "AllowedRoles": [
      {
        "RoleId": 1000,
        "View": 1,
        "Edit": 1,
        "Remove": 1,
        "Extra1": 1,
        "Extra2": 1,
        "Extra3": 1,
        "Extra4": 1,
        "Extra5": 1
      }
    ],
    "AllowedUsers": [],
    "ReferencedModules": []
  },
  {
    "Name": "Blog Category Header (Blog Entry)",
    "Title": {
      "en-US": "Blog Category Header"
    },
    "Visible": true,
    "ModuleSecurity": 0,
    "WantSearch": true,
    "WantFocus": true,
    "Description": {
      "en-US": "Displays a blog category header"
    },
    "ModuleGuid": "d6e1f809-ce3b-4c49-bbe2-be9028a8a7be",
    "DateCreated": "2015-10-31T16:42:44.8782968",
    "DateUpdated": "2018-04-16T00:58:17.619122",
    "SkinDefinitions": [
      {
        "Collection": null,
        "FileName": null
      },
      {
        "Collection": null,
        "FileName": null
      },
      {
        "Collection": null,
        "FileName": null
      },
      {
        "Collection": null,
        "FileName": null
      },
      {
        "Collection": null,
        "FileName": null
      },
      {
        "Collection": null,
        "FileName": null
      },
      {
        "Collection": null,
        "FileName": null
      }
    ],
    "SelectedPopupSkin": {
      "Collection": null,
      "FileName": null
    },
    "CssClass": null,
    "TempPageCssClass": null,
    "_SuppressPartialFormCss": false,
    "ShowTitle": true,
    "ShowTitleActions": false,
    "ShowHelp": false,
    "Print": true,
    "ShowFormButtons": false,
    "AnchorId": null,
    "AllowedRoles": [
      {
        "RoleId": 1000,
        "View": 1,
        "Edit": 1,
        "Remove": 1,
        "Extra1": 1,
        "Extra2": 1,
        "Extra3": 1,
        "Extra4": 1,
        "Extra5": 1
      }
    ],
    "AllowedUsers": [],
    "ReferencedModules": []
  }
]