[
  {
    "Name": "Add New Comment",
    "Title": {
      "en-US": "Add New Comment"
    },
    "Visible": true,
    "ModuleSecurity": 0,
    "WantSearch": true,
    "WantFocus": true,
    "Description": {
      "en-US": "Adds a new comment"
    },
    "ModuleGuid": "08fd9d2f-5e36-49b7-a429-06e7b9c46785",
    "DateCreated": "2016-08-20T11:35:39.978806",
    "DateUpdated": "2018-04-16T00:58:09.6518153",
    "SkinDefinitions": [
      {
        "Collection": "YetaWF/BootstrapSample/BootstrapSkin",
        "FileName": "modStandard"
      },
      {
        "Collection": "Softelvdm/LinkCheckerSkin/LinkCheckerSkin",
        "FileName": "modStandard"
      },
      {
        "Collection": "Softelvdm/MainSkin/Main",
        "FileName": "modStandard"
      },
      {
        "Collection": "Mikevdm/MikevdmSkin/Mikevdm",
        "FileName": "modStandard"
      },
      {
        "Collection": "YetaWF/SimpleSkin/Simple",
        "FileName": "modStandard"
      },
      {
        "Collection": "YetaWF/Core/Standard",
        "FileName": "modStandard"
      },
      {
        "Collection": "YetaWF/YetaWFSkin/YetaWFSkin",
        "FileName": "modStandard"
      },
      {
        "Collection": "Softelvdm/YetaWF2Skin/YetaWF2",
        "FileName": "modStandard"
      }
    ],
    "SelectedPopupSkin": {
      "Collection": null,
      "FileName": "Popup.cshtml"
    },
    "CssClass": null,
    "TempPageCssClass": null,
    "_SuppressPartialFormCss": false,
    "ShowTitle": true,
    "ShowTitleActions": false,
    "ShowHelp": false,
    "Print": false,
    "ShowFormButtons": true,
    "AnchorId": null,
    "AllowedRoles": [
      {
        "RoleId": 1000,
        "View": 1,
        "Edit": 1,
        "Remove": 1,
        "Extra1": 1,
        "Extra2": 1,
        "Extra3": 1,
        "Extra4": 1,
        "Extra5": 1
      }
    ],
    "AllowedUsers": [],
    "ReferencedModules": []
  }
]