[
  {
    "EditUrl": null,
    "Name": "Comment Entries",
    "Title": {
      "en-US": "Comment Entries"
    },
    "Visible": true,
    "ModuleSecurity": 0,
    "WantSearch": true,
    "WantFocus": true,
    "Description": {
      "en-US": "Displays all comment entries for a blog entry"
    },
    "ModuleGuid": "bb9934c3-608e-4ca8-b640-a3c392e5c97f",
    "DateCreated": "2016-08-20T11:37:32.532567",
    "DateUpdated": "2018-04-16T00:58:16.5258406",
    "SkinDefinitions": [
      {
        "Collection": "YetaWF/BootstrapSample/BootstrapSkin",
        "FileName": "modStandard"
      },
      {
        "Collection": "Softelvdm/LinkCheckerSkin/LinkCheckerSkin",
        "FileName": "modStandard"
      },
      {
        "Collection": "Softelvdm/MainSkin/Main",
        "FileName": "modStandard"
      },
      {
        "Collection": "Mikevdm/MikevdmSkin/Mikevdm",
        "FileName": "modStandard"
      },
      {
        "Collection": "YetaWF/SimpleSkin/Simple",
        "FileName": "modStandard"
      },
      {
        "Collection": "YetaWF/Core/Standard",
        "FileName": "modStandard"
      },
      {
        "Collection": "YetaWF/YetaWFSkin/YetaWFSkin",
        "FileName": "modStandard"
      },
      {
        "Collection": "Softelvdm/YetaWF2Skin/YetaWF2",
        "FileName": "modStandard"
      }
    ],
    "SelectedPopupSkin": {
      "Collection": null,
      "FileName": "Popup.cshtml"
    },
    "CssClass": null,
    "TempPageCssClass": null,
    "_SuppressPartialFormCss": false,
    "ShowTitle": true,
    "ShowTitleActions": false,
    "ShowHelp": false,
    "Print": true,
    "ShowFormButtons": false,
    "AnchorId": null,
    "AllowedRoles": [
      {
        "RoleId": 1000,
        "View": 1,
        "Edit": 1,
        "Remove": 1,
        "Extra1": 1,
        "Extra2": 1,
        "Extra3": 1,
        "Extra4": 1,
        "Extra5": 1
      }
    ],
    "AllowedUsers": [],
    "ReferencedModules": []
  }
]