{
  "$type": "YetaWF.Core.Serializers.SerializableList`1[[YetaWF.Modules.Blog.DataProvider.DisqusConfigData, YetaWF.Blog]], YetaWF.Core",
  "$values": [
    {
      "$type": "YetaWF.Modules.Blog.DataProvider.DisqusConfigData, YetaWF.Blog",
      "Id": 1,
      "ShortName": null,
      "UseSSO": false,
      "PublicKey": null,
      "PrivateKey": null,
      "LoginUrl": "/User/Login?CloseOnLogin=true",
      "Width": 1200,
      "Height": 800,
      "AvatarType": 0,
      "GravatarDefault": 4,
      "GravatarRating": 0,
      "GravatarSize": 48
    }
  ]
}