[
  {
    "AddUrl": null,
    "EditUrl": null,
    "Name": "Blog Entries",
    "Title": {
      "en-US": "Blog Entries"
    },
    "Visible": true,
    "ModuleSecurity": 0,
    "WantSearch": true,
    "WantFocus": true,
    "Description": {
      "en-US": "Displays and manages blog entries"
    },
    "ModuleGuid": "045fd1d6-9385-4b1a-8c6a-b72d38f55c7c",
    "DateCreated": "2015-04-02T16:32:12.5616168",
    "DateUpdated": "2018-04-16T00:58:09.4130594",
    "SkinDefinitions": [],
    "SelectedPopupSkin": {
      "Collection": null,
      "FileName": null
    },
    "CssClass": null,
    "TempPageCssClass": null,
    "_SuppressPartialFormCss": false,
    "ShowTitle": true,
    "ShowTitleActions": false,
    "ShowHelp": false,
    "Print": true,
    "ShowFormButtons": true,
    "AnchorId": null,
    "AllowedRoles": [
      {
        "RoleId": 1000,
        "View": 1,
        "Edit": 1,
        "Remove": 1,
        "Extra1": 1,
        "Extra2": 1,
        "Extra3": 1,
        "Extra4": 1,
        "Extra5": 1
      }
    ],
    "AllowedUsers": [],
    "ReferencedModules": []
  }
]