{
  "PackageName": "YetaWF.Languages",
  "PackageVersion": "4.0.0",
  "Data": [
    {
      "Class": "LanguageDisplayModuleDataProvider",
      "Chunks": 0,
      "Files": []
    },
    {
      "Class": "LanguagesBrowseModuleDataProvider",
      "Chunks": 1,
      "Files": []
    },
    {
      "Class": "LocalizeBrowsePackageModuleDataProvider",
      "Chunks": 0,
      "Files": []
    },
    {
      "Class": "LocalizeConfigModuleDataProvider",
      "Chunks": 1,
      "Files": []
    },
    {
      "Class": "LocalizeEditFileModuleDataProvider",
      "Chunks": 0,
      "Files": []
    },
    {
      "Class": "LocalizeConfigDataProvider",
      "Chunks": 1,
      "Files": []
    }
  ]
}