[
  {
    "DisplayUrl": null,
    "Name": "Languages",
    "Title": {
      "en-US": "Languages"
    },
    "Visible": true,
    "ModuleSecurity": 0,
    "WantSearch": true,
    "WantFocus": true,
    "Description": {
      "en-US": "Displays and manages languages"
    },
    "ModuleGuid": "7b5dbe3c-ed37-4eb4-a234-479c3726f8bb",
    "DateCreated": "2015-04-02T16:32:08.2716108",
    "DateUpdated": "2018-04-16T00:58:14.721005",
    "SkinDefinitions": [],
    "SelectedPopupSkin": {
      "Collection": null,
      "FileName": null
    },
    "CssClass": null,
    "TempPageCssClass": null,
    "_SuppressPartialFormCss": false,
    "ShowTitle": true,
    "ShowTitleActions": false,
    "ShowHelp": false,
    "Print": true,
    "ShowFormButtons": true,
    "AnchorId": null,
    "AllowedRoles": [],
    "AllowedUsers": [],
    "ReferencedModules": []
  }
]