﻿<?xml version="1.0" encoding="utf-8"?>
<!--YetaWF.Core.Serializers.SerializableList`1[YetaWF.Core.Site.SiteDefinition]-->
<Object Type="YetaWF.Core.Serializers.SerializableList`1[[YetaWF.Core.Site.SiteDefinition, YetaWF.Core, Culture=neutral, PublicKeyToken=null]]" Assembly="YetaWF.Core">
  <Properties />
  <List>
    <Value>
      <Object Type="YetaWF.Core.Site.SiteDefinition" Assembly="YetaWF.Core">
        <Properties>
          <Identity Value="1000" />
          <SiteDomain Value="YetaWFDist4" />
          <SiteName Value="YetaWFDist4" />
          <EnforceSiteUrl Value="False" />
          <PageSecurity Value="0" />
          <EnforceSitePort Value="False" />
          <PortNumber Value="80" />
          <PortNumberSSL Value="443" />
          <Localization Value="True" />
          <DefaultLanguageId Value="en-US" />
          <AllowAnonymousUsers Value="True" />
          <Locked Value="False" />
          <LockedForIP />
          <LockedExternalForIP />
          <LockedUrl Value="/Maintenance/Offline For Maintenance.html" />
          <AllowPopups Value="True" />
          <CssNoTooltips Value="linkpreview-show peelback" />
          <FavIcon_Data Value="" />
          <FavIconLrg_Data Value="" />
          <Country Value="United States" />
          <Currency Value="USD" />
          <CurrencyFormat Value="$ #,0.00" />
          <CurrencyDecimals Value="2" />
          <StaticPages Value="False" />
          <AllowCacheUse Value="True" />
          <Compression Value="True" />
          <CompressCSSFiles Value="True" />
          <BundleCSSFiles Value="True" />
          <CssLocation Value="1" />
          <CompressJSFiles Value="True" />
          <BundleJSFiles Value="True" />
          <JSLocation Value="1" />
          <DisableMinimizeFUOC Value="False" />
          <Copyright Value="YetaWF.com - © Copyright &lt;&lt;Year&gt;&gt; Softel vdm, Inc." />
          <UseCDNComponents Value="False" />
          <UseCDN Value="False" />
          <CDNUrl />
          <CDNUrlSecure />
          <StaticDomain />
          <EmailDebug Value="False" />
          <AdminEmail Value="youremail@YetaWFDist4" />
          <SMTP>
            <Object Type="YetaWF.Core.SendEmail.SMTPServer" Assembly="YetaWF.Core">
              <Properties>
                <Server Value="mail.YetaWFDist4" />
                <Port Value="25" />
                <Authentication Value="1" />
                <UserName Value="youremail@YetaWFDist4" />
                <Password Value="somepassword" />
                <SSL Value="False" />
              </Properties>
            </Object>
          </SMTP>
          <HomePageUrl Value="/" />
          <NotFoundUrl Value="/Errors/404" />
          <MobileSiteUrl />
          <UnsupportedBrowserUrl Value="/Maintenance/Unsupported Browser.html" />
          <LoginUrl Value="/User/Login" />
          <ExternalAccountSetupUrl Value="/User/Setup External Account" />
          <ReferencedModules>
            <Object Type="YetaWF.Core.Serializers.SerializableList`1[[YetaWF.Core.Modules.ModuleDefinition+ReferencedModule, YetaWF.Core, Culture=neutral, PublicKeyToken=null]]" Assembly="YetaWF.Core">
              <Properties />
              <List />
            </Object>
          </ReferencedModules>
          <SelectedSkin>
            <Object Type="YetaWF.Core.Skins.SkinDefinition" Assembly="YetaWF.Core">
              <Properties>
                <Collection Value="YetaWF/BootstrapSample/BootstrapSkin" />
                <FileName Value="Default.cshtml" />
              </Properties>
            </Object>
          </SelectedSkin>
          <SelectedPopupSkin>
            <Object Type="YetaWF.Core.Skins.SkinDefinition" Assembly="YetaWF.Core">
              <Properties>
                <Collection Value="YetaWF/BootstrapSample/BootstrapSkin" />
                <FileName Value="Popup.cshtml" />
              </Properties>
            </Object>
          </SelectedPopupSkin>
          <FormErrorsImmed Value="False" />
          <BootstrapSkin />
          <jQueryUISkin Value="Start" />
          <KendoUISkin Value="Blue Opal" />
          <TabStyle Value="0" />
          <PublicKey Value="&lt;RSAKeyValue&gt;&lt;Modulus&gt;u81o2CWvNeaE81aKgEf33sfDkpap090jEivd7Zrka9w3crKfo/CxbRtw3g66sRLDMZI136LrFWX337QbhRGGXrxtgEGV7S4ZeMHifs8qrScGeb+7NCAX1MG2AuyYOaQBICU5y+z0AnGyZoRoq+6q1glpbgoXm6EFSEXJoni1smk=&lt;/Modulus&gt;&lt;Exponent&gt;AQAB&lt;/Exponent&gt;&lt;/RSAKeyValue&gt;" />
          <PrivateKey Value="&lt;RSAKeyValue&gt;&lt;Modulus&gt;u81o2CWvNeaE81aKgEf33sfDkpap090jEivd7Zrka9w3crKfo/CxbRtw3g66sRLDMZI136LrFWX337QbhRGGXrxtgEGV7S4ZeMHifs8qrScGeb+7NCAX1MG2AuyYOaQBICU5y+z0AnGyZoRoq+6q1glpbgoXm6EFSEXJoni1smk=&lt;/Modulus&gt;&lt;Exponent&gt;AQAB&lt;/Exponent&gt;&lt;P&gt;5F6pHRXEVIwsFzUWbcchP4vhqf3K7j5FteHUwhD99MnJviEcdLqoELPb+XYGDu/uaF7sZ6ADMkakFkYGETv1Aw==&lt;/P&gt;&lt;Q&gt;0oY/aecatenvnvs3eQ/FQETINXSlmjgGxdo7fRRR8Ix665ZpLGYcQM4vjO7q0VXoCoy+SC5J8Fyt2mGO5WoRIw==&lt;/Q&gt;&lt;DP&gt;dD77NqLt3Vu81dNgJ2FFu2Mo668UrVFlir/53Q9pNkHBP9b69TBOfLIRN1qsms3nPZmUHOuGtQDgZbYfQIaUoQ==&lt;/DP&gt;&lt;DQ&gt;xnI3uotXuV0QPGuQSfTcug1cME+JfwsLD1v8sZYC+15gzExXTbvfLBNv7UiVXsi815z+DSpdFk82rmFCAu1tww==&lt;/DQ&gt;&lt;InverseQ&gt;zxGF1UX5+2k7+5Y/l81GpKZBfuTUikSE5wbC8x+uiZAlY7y3SggH0DErrV6ndkaNh+CDTHAhLqN6NMk+QqBm9g==&lt;/InverseQ&gt;&lt;D&gt;r7cefPatfAompSN4zVQJCKnyRAqx9ag3sz3WFQXS6VSPkMKueY6wA70kGrC/XwSGG7CItalSuZ/Bj86N3TCrfge6aPTPVhpkNJ/H5tjJ4dn7kHdyvYb3PXDzz2sYVLnwVRG3r5wslzk45To8NV3fhADDxO+KHWZEtF2tUeQ6U90=&lt;/D&gt;&lt;/RSAKeyValue&gt;" />
          <Analytics />
          <AnalyticsContent />
          <GoogleVerification />
          <ExtraHead />
          <ExtraBodyTop />
          <ExtraBodyBottom />
          <UseGeoLocation Value="False" />
          <SiteMetaTags />
          <PageMetaTags />
          <SiteMapPriority Value="50" />
          <DefaultChangeFrequency Value="4" />
        </Properties>
      </Object>
    </Value>
  </List>
</Object>