﻿<?xml version="1.0" encoding="utf-8"?>
<!--YetaWF.Core.Serializers.SerializableList`1[YetaWF.Core.Site.SiteDefinition]-->
<Object Type="YetaWF.Core.Serializers.SerializableList`1[[YetaWF.Core.Site.SiteDefinition, YetaWF.Core, Culture=neutral, PublicKeyToken=null]]" Assembly="YetaWF.Core">
  <Properties />
  <List>
    <Value>
      <Object Type="YetaWF.Core.Site.SiteDefinition" Assembly="YetaWF.Core">
        <Properties>
          <Identity Value="1000" />
          <SiteDomain Value="YetaWFDist4" />
          <SiteName Value="YetaWFDist4" />
          <EnforceSiteUrl Value="False" />
          <PageSecurity Value="0" />
          <EnforceSitePort Value="False" />
          <PortNumber Value="80" />
          <PortNumberSSL Value="443" />
          <Localization Value="True" />
          <DefaultLanguageId Value="en-US" />
          <AllowAnonymousUsers Value="True" />
          <Locked Value="False" />
          <LockedForIP />
          <LockedExternalForIP />
          <LockedUrl Value="/Maintenance/Offline For Maintenance.html" />
          <AllowPopups Value="True" />
          <CssNoTooltips Value="linkpreview-show peelback" />
          <FavIcon_Data Value="" />
          <FavIconLrg_Data Value="" />
          <Country Value="United States" />
          <Currency Value="USD" />
          <CurrencyFormat Value="$ #,0.00" />
          <CurrencyDecimals Value="2" />
          <StaticPages Value="False" />
          <AllowCacheUse Value="True" />
          <Compression Value="True" />
          <CompressCSSFiles Value="True" />
          <BundleCSSFiles Value="True" />
          <CssLocation Value="1" />
          <CompressJSFiles Value="True" />
          <BundleJSFiles Value="True" />
          <JSLocation Value="1" />
          <DisableMinimizeFUOC Value="False" />
          <Copyright Value="YetaWF.com - © Copyright &lt;&lt;Year&gt;&gt; Softel vdm, Inc." />
          <UseCDNComponents Value="False" />
          <UseCDN Value="False" />
          <CDNUrl />
          <CDNUrlSecure />
          <StaticDomain />
          <EmailDebug Value="False" />
          <AdminEmail Value="youremail@YetaWFDist4" />
          <SMTP>
            <Object Type="YetaWF.Core.SendEmail.SMTPServer" Assembly="YetaWF.Core">
              <Properties>
                <Server Value="mail.YetaWFDist4" />
                <Port Value="25" />
                <Authentication Value="1" />
                <UserName Value="youremail@YetaWFDist4" />
                <Password Value="somepassword" />
                <SSL Value="False" />
              </Properties>
            </Object>
          </SMTP>
          <HomePageUrl Value="/" />
          <NotFoundUrl Value="/Errors/404" />
          <MobileSiteUrl />
          <UnsupportedBrowserUrl Value="/Maintenance/Unsupported Browser.html" />
          <LoginUrl Value="/User/Login" />
          <ExternalAccountSetupUrl Value="/User/Setup External Account" />
          <ReferencedModules>
            <Object Type="YetaWF.Core.Serializers.SerializableList`1[[YetaWF.Core.Modules.ModuleDefinition+ReferencedModule, YetaWF.Core, Culture=neutral, PublicKeyToken=null]]" Assembly="YetaWF.Core">
              <Properties />
              <List />
            </Object>
          </ReferencedModules>
          <SelectedSkin>
            <Object Type="YetaWF.Core.Skins.SkinDefinition" Assembly="YetaWF.Core">
              <Properties>
                <Collection Value="YetaWF/BootstrapSample/BootstrapSkin" />
                <FileName Value="Default.cshtml" />
              </Properties>
            </Object>
          </SelectedSkin>
          <SelectedPopupSkin>
            <Object Type="YetaWF.Core.Skins.SkinDefinition" Assembly="YetaWF.Core">
              <Properties>
                <Collection Value="YetaWF/BootstrapSample/BootstrapSkin" />
                <FileName Value="Popup.cshtml" />
              </Properties>
            </Object>
          </SelectedPopupSkin>
          <FormErrorsImmed Value="False" />
          <BootstrapSkin />
          <jQueryUISkin Value="Start" />
          <KendoUISkin Value="Blue Opal" />
          <TabStyle Value="0" />
          <PublicKey Value="&lt;RSAKeyValue&gt;&lt;Modulus&gt;19RyywkUfw5qEFYs2tztB5FF3zj9JpfjHJ5V5LKI83jSsp3fagce6RcAgWxTket7daz93Vd+rEXZpEUKx4p8b2u/5UYHAhS5TIxBVLGZfbWQrBraHk6n2AaWsdN7bOPkIb721/t7RTcvIykaLmekAXXuF616BKopAR/8lXb06Mk=&lt;/Modulus&gt;&lt;Exponent&gt;AQAB&lt;/Exponent&gt;&lt;/RSAKeyValue&gt;" />
          <PrivateKey Value="&lt;RSAKeyValue&gt;&lt;Modulus&gt;19RyywkUfw5qEFYs2tztB5FF3zj9JpfjHJ5V5LKI83jSsp3fagce6RcAgWxTket7daz93Vd+rEXZpEUKx4p8b2u/5UYHAhS5TIxBVLGZfbWQrBraHk6n2AaWsdN7bOPkIb721/t7RTcvIykaLmekAXXuF616BKopAR/8lXb06Mk=&lt;/Modulus&gt;&lt;Exponent&gt;AQAB&lt;/Exponent&gt;&lt;P&gt;5MCRTV1x/++HZEoT/Q1iVW+UIbtLr8mUbrIiwxi6hXFaiv+a/gPxm3Nv6FXEJOm9pye0c0PARGKbthSZHELeOw==&lt;/P&gt;&lt;Q&gt;8YnVsjAHdHO1jMrsT1kcHsyZTQ+vnjORgM5iLMPQE8erza7F0BMizRMJrQ1ych9TeRWysy2HouBYmEEG2HEQyw==&lt;/Q&gt;&lt;DP&gt;3dEVlQ2uA94DTe6/XzzhQ7OE0wjJpdY0xvqZ1tFd3RREFlExvGual4Di3Up9fsXhj/ticfsar7VnBLMInW0CDQ==&lt;/DP&gt;&lt;DQ&gt;mQ12VAsLLkeD60tKop0crIeJPMOLzPtwX+ZnX2ZVG7OSsirlPgxiKQC/SOEUfCxNgJS3P8LCB/uRKClMZSqAMQ==&lt;/DQ&gt;&lt;InverseQ&gt;yWF6bZQs95QCcrIeWf65xv+DzMbUBPKw5BKhvB+7ndCm9S0uu+ZPTmybJ/W8I31UDoiqJAEa23l7FcLN8rwYsg==&lt;/InverseQ&gt;&lt;D&gt;EKQLucXYc7drzBio2rMf/25fAcgGFLyvQRygKMLvNj6BmE391NH5uyUP3+q3Qs/yM++Dn1ZIqQW1symznBD8aQKWDYdnhXY/THK9Z0BqPy4NUrr3a854WsTW690c+fuh17n6Kl4wlGbKsFB4UgEegRtKRUIUFWG9lQ1xHwrM8bU=&lt;/D&gt;&lt;/RSAKeyValue&gt;" />
          <Analytics />
          <AnalyticsContent />
          <GoogleVerification />
          <ExtraHead />
          <ExtraBodyTop />
          <ExtraBodyBottom />
          <UseGeoLocation Value="False" />
          <SiteMetaTags />
          <PageMetaTags />
          <SiteMapPriority Value="50" />
          <DefaultChangeFrequency Value="4" />
        </Properties>
      </Object>
    </Value>
  </List>
</Object>