﻿<?xml version="1.0" encoding="utf-8"?>
<!--YetaWF.Core.Serializers.SerializableList`1[YetaWF.Modules.Backups.DataProvider.ConfigData]-->
<Object Type="YetaWF.Core.Serializers.SerializableList`1[[YetaWF.Modules.Backups.DataProvider.ConfigData, YetaWF.Backups, Culture=neutral, PublicKeyToken=null]]" Assembly="YetaWF.Core">
  <Properties />
  <List>
    <Value>
      <Object Type="YetaWF.Modules.Backups.DataProvider.ConfigData" Assembly="YetaWF.Backups" AssemblyFull="YetaWF.Backups, Version=3.0.0.0, Culture=neutral, PublicKeyToken=null">
        <Properties>
          <Id Value="1" />
          <Days Value="7" />
          <DataOnly Value="True" />
        </Properties>
      </Object>
    </Value>
  </List>
</Object>