﻿<?xml version="1.0" encoding="utf-8"?>
<!--YetaWF.Core.Serializers.SerializableList`1[YetaWF.Modules.UserProfile.DataProvider.UserInfo]-->
<Object Type="YetaWF.Core.Serializers.SerializableList`1[[YetaWF.Modules.UserProfile.DataProvider.UserInfo, YetaWF.UserProfile, Culture=neutral, PublicKeyToken=null]]" Assembly="YetaWF.Core">
  <Properties />
  <List>
    <Value>
      <Object Type="YetaWF.Modules.UserProfile.DataProvider.UserInfo" Assembly="YetaWF.UserProfile" AssemblyFull="YetaWF.UserProfile, Version=2.5.2.0, Culture=neutral, PublicKeyToken=null">
        <Properties>
          <UserId Value="1" />
          <Created Value="636274369633655122" />
          <Updated Value="636342103631323646" />
          <Name Value="Yet Another Web Framework Superuser" />
          <CompanyName Value="Softel vdm, Inc." />
          <Address1 Value="5401 S Kirkman Rd, Suite 310" />
          <Address2 />
          <City Value="Casselberry" />
          <State Value="FL" />
          <Zip Value="32707" />
          <Country Value="United States" />
          <Telephone Value="(941) 505-8600" />
        </Properties>
      </Object>
    </Value>
  </List>
</Object>