﻿<?xml version="1.0" encoding="utf-8"?>
<!--YetaWF.Core.Serializers.SerializableList`1[YetaWF.Core.Views.Shared.RecaptchaV2Config]-->
<Object Type="YetaWF.Core.Serializers.SerializableList`1[[YetaWF.Core.Views.Shared.RecaptchaV2Config, YetaWF.Core]]" Assembly="YetaWF.Core">
  <Properties />
  <List>
    <Value>
      <Object Type="YetaWF.Core.Views.Shared.RecaptchaV2Config" Assembly="YetaWF.Core">
        <Properties>
          <Key Value="1" />
          <PublicKey />
          <PrivateKey />
          <Theme Value="0" />
          <Size Value="0" />
        </Properties>
      </Object>
    </Value>
  </List>
</Object>