﻿<?xml version="1.0" encoding="utf-8"?>
<!--YetaWF.Core.Serializers.SerializableList`1[YetaWF.Core.Site.SiteDefinition]-->
<Object Type="YetaWF.Core.Serializers.SerializableList`1[[YetaWF.Core.Site.SiteDefinition, YetaWF.Core, Culture=neutral, PublicKeyToken=null]]" Assembly="YetaWF.Core">
  <Properties />
  <List>
    <Value>
      <Object Type="YetaWF.Core.Site.SiteDefinition" Assembly="YetaWF.Core">
        <Properties>
          <Identity Value="1000" />
          <SiteDomain Value="YetaWFDist4" />
          <SiteName Value="YetaWFDist4" />
          <PortNumber Value="-1" />
          <PortNumberSSL Value="-1" />
          <Localization Value="True" />
          <DefaultLanguageId Value="en-US" />
          <AllowAnonymousUsers Value="True" />
          <Locked Value="False" />
          <LockedForIP />
          <LockedExternalForIP />
          <LockedUrl Value="/Maintenance/Offline For Maintenance.html" />
          <AllowPopups Value="True" />
          <CssNoTooltips Value="linkpreview-show peelback" />
          <FavIcon_Data Value="" />
          <FavIconLrg_Data Value="" />
          <Country Value="United States" />
          <CurrencyFormat Value="$ #,0.00" />
          <CurrencyDecimals Value="2" />
          <StaticPages Value="False" />
          <AllowCacheUse Value="True" />
          <Compression Value="True" />
          <CompressCSSFiles Value="True" />
          <BundleCSSFiles Value="True" />
          <BundleCSSFilesContent Value="False" />
          <CompressJSFiles Value="True" />
          <BundleJSFiles Value="True" />
          <BundleJSFilesContent Value="False" />
          <Copyright Value="YetaWF.com - © Copyright &lt;&lt;Year&gt;&gt; Softel vdm, Inc." />
          <UseCDNComponents Value="False" />
          <UseCDN Value="False" />
          <CDNUrl />
          <CDNUrlSecure />
          <CDNSiteFiles Value="False" />
          <CDNVault Value="False" />
          <CDNContent Value="False" />
          <CDNScripts Value="False" />
          <CDNAddons Value="False" />
          <CDNAddonsCustom Value="False" />
          <CDNAddonsBundles Value="False" />
          <CDNFileImage Value="False" />
          <EmailDebug Value="False" />
          <AdminEmail Value="youremail@YetaWFDist4" />
          <SMTP>
            <Object Type="YetaWF.Core.SendEmail.SMTPServer" Assembly="YetaWF.Core">
              <Properties>
                <Server Value="mail.YetaWFDist4" />
                <Port Value="25" />
                <Authentication Value="1" />
                <UserName Value="youremail@YetaWFDist4" />
                <Password Value="somepassword" />
                <SSL Value="False" />
              </Properties>
            </Object>
          </SMTP>
          <HomePageUrl Value="/" />
          <EnforceSiteUrl Value="False" />
          <PageSecurity Value="0" />
          <NotFoundUrl Value="/Errors/404" />
          <MobileSiteUrl />
          <UnsupportedBrowserUrl Value="/Maintenance/Unsupported Browser.html" />
          <LoginUrl Value="/User/Login" />
          <ExternalAccountSetupUrl Value="/User/Setup External Account" />
          <ReferencedModules>
            <Object Type="YetaWF.Core.Serializers.SerializableList`1[[YetaWF.Core.Modules.ModuleDefinition+ReferencedModule, YetaWF.Core, Culture=neutral, PublicKeyToken=null]]" Assembly="YetaWF.Core">
              <Properties />
              <List />
            </Object>
          </ReferencedModules>
          <SelectedSkin>
            <Object Type="YetaWF.Core.Skins.SkinDefinition" Assembly="YetaWF.Core">
              <Properties>
                <Collection Value="YetaWF/BootstrapSample/BootstrapSkin" />
                <FileName Value="Default.cshtml" />
              </Properties>
            </Object>
          </SelectedSkin>
          <SelectedPopupSkin>
            <Object Type="YetaWF.Core.Skins.SkinDefinition" Assembly="YetaWF.Core">
              <Properties>
                <Collection Value="YetaWF/BootstrapSample/BootstrapSkin" />
                <FileName Value="Popup.cshtml" />
              </Properties>
            </Object>
          </SelectedPopupSkin>
          <FormErrorsImmed Value="False" />
          <jQueryUISkin Value="Start" />
          <KendoUISkin Value="Blue Opal" />
          <TabStyle Value="0" />
          <PublicKey Value="&lt;RSAKeyValue&gt;&lt;Modulus&gt;2sIJxpVumq59HI5Bw/FawmFE+ks6hDq3ieNLmpQW/Tum7utD5Ye/5KgkBNT6kkaGbYpPhTfXUZdzcZPXW/Od5y3oqtgNOyfMVEiYVpueM0hMzl73flIfzuqSS2JaCNE0/wATKZmgWjQQVoKtxKjRhUFqmJr1Ssb7sgViVm+uWsE=&lt;/Modulus&gt;&lt;Exponent&gt;AQAB&lt;/Exponent&gt;&lt;/RSAKeyValue&gt;" />
          <PrivateKey Value="&lt;RSAKeyValue&gt;&lt;Modulus&gt;2sIJxpVumq59HI5Bw/FawmFE+ks6hDq3ieNLmpQW/Tum7utD5Ye/5KgkBNT6kkaGbYpPhTfXUZdzcZPXW/Od5y3oqtgNOyfMVEiYVpueM0hMzl73flIfzuqSS2JaCNE0/wATKZmgWjQQVoKtxKjRhUFqmJr1Ssb7sgViVm+uWsE=&lt;/Modulus&gt;&lt;Exponent&gt;AQAB&lt;/Exponent&gt;&lt;P&gt;+JWs0tjTlllRWH/B4YmDxqgeMoqjqprng6FcSvnShZklc+kQOZPEsRoCb0faZwXvHECKK7PHwhicctzrGZfbww==&lt;/P&gt;&lt;Q&gt;4UiXKZT3PdUIrOZV/YQBox1XfKvG+AIjr/FcyD6Kvo51le/ZGyEtmyrAldx0MouEPckM0Ci+Jh8jGQ8k2ne7Kw==&lt;/Q&gt;&lt;DP&gt;JSFOMCw85n8u3FYw4nxE155y7D+zFJ+QpyOqAnTwUg4+/uI4DzGYNo/Y/0AvSiYjwgeN29s9oitE6w8+epMpOw==&lt;/DP&gt;&lt;DQ&gt;cvlgJFmhYQ4jUlJvmmXPjBbCep8Ueahl3Dp7VrsMhjogargw/jaNlv5XsWQEbXNktz+vaWERwlTrzbM75L9sZw==&lt;/DQ&gt;&lt;InverseQ&gt;wgNIvGpKkUhvHKyAvFyG9n1OK6KboVY4G1opDwhJ/+8Wo2708i97LHJ2Wl0PeNIy8ezrl0BEOs0W58tlFdRrwQ==&lt;/InverseQ&gt;&lt;D&gt;IfGDxM2BCP1UKm8kYzv7AjhHlLLBlKzrt7iODaE24/oyj9XvhhkHPHqehCVr7/CDgVG5vwkIHv/qCNCQ1RK7CE9/AbDIT4yZ8bAlhriJloD17VvwEJbmKmolw9UFe3H6hu044qoPAONlojATeT8qiNynH7JJDJsoOmKAaLVb0DU=&lt;/D&gt;&lt;/RSAKeyValue&gt;" />
          <Analytics />
          <AnalyticsContent />
          <GoogleVerification />
          <UseGeoLocation Value="False" />
          <SiteMetaTags />
          <PageMetaTags />
          <SiteMapPriority Value="50" />
          <DefaultChangeFrequency Value="4" />
        </Properties>
      </Object>
    </Value>
  </List>
</Object>