﻿<?xml version="1.0" encoding="utf-8"?>
<!--YetaWF.Core.Serializers.SerializableList`1[YetaWF.Core.Site.SiteDefinition]-->
<Object Type="YetaWF.Core.Serializers.SerializableList`1[[YetaWF.Core.Site.SiteDefinition, YetaWF.Core, Culture=neutral, PublicKeyToken=null]]" Assembly="YetaWF.Core">
  <Properties />
  <List>
    <Value>
      <Object Type="YetaWF.Core.Site.SiteDefinition" Assembly="YetaWF.Core">
        <Properties>
          <Identity Value="1000" />
          <SiteDomain Value="YetaWFDist4" />
          <SiteName Value="YetaWFDist4" />
          <PortNumber Value="80" />
          <PortNumberSSL Value="443" />
          <Localization Value="True" />
          <DefaultLanguageId Value="en-US" />
          <AllowAnonymousUsers Value="True" />
          <Locked Value="False" />
          <LockedForIP />
          <LockedExternalForIP />
          <LockedUrl Value="/Maintenance/Offline For Maintenance.html" />
          <AllowPopups Value="True" />
          <CssNoTooltips Value="linkpreview-show peelback" />
          <FavIcon_Data Value="" />
          <FavIconLrg_Data Value="" />
          <Country Value="United States" />
          <Currency Value="USD" />
          <CurrencyFormat Value="$ #,0.00" />
          <CurrencyDecimals Value="2" />
          <StaticPages Value="False" />
          <AllowCacheUse Value="True" />
          <Compression Value="True" />
          <CompressCSSFiles Value="True" />
          <BundleCSSFiles Value="True" />
          <CssLocation Value="0" />
          <CompressJSFiles Value="True" />
          <BundleJSFiles Value="True" />
          <JSLocation Value="0" />
          <DisableMinimizeFUOC Value="False" />
          <Copyright Value="YetaWF.com - © Copyright &lt;&lt;Year&gt;&gt; Softel vdm, Inc." />
          <UseCDNComponents Value="False" />
          <UseCDN Value="False" />
          <CDNUrl />
          <CDNUrlSecure />
          <StaticDomain />
          <EmailDebug Value="False" />
          <AdminEmail Value="youremail@YetaWFDist4" />
          <SMTP>
            <Object Type="YetaWF.Core.SendEmail.SMTPServer" Assembly="YetaWF.Core">
              <Properties>
                <Server Value="mail.YetaWFDist4" />
                <Port Value="25" />
                <Authentication Value="1" />
                <UserName Value="youremail@YetaWFDist4" />
                <Password Value="somepassword" />
                <SSL Value="False" />
              </Properties>
            </Object>
          </SMTP>
          <HomePageUrl Value="/" />
          <EnforceSiteUrl Value="False" />
          <PageSecurity Value="0" />
          <NotFoundUrl Value="/Errors/404" />
          <MobileSiteUrl />
          <UnsupportedBrowserUrl Value="/Maintenance/Unsupported Browser.html" />
          <LoginUrl Value="/User/Login" />
          <ExternalAccountSetupUrl Value="/User/Setup External Account" />
          <ReferencedModules>
            <Object Type="YetaWF.Core.Serializers.SerializableList`1[[YetaWF.Core.Modules.ModuleDefinition+ReferencedModule, YetaWF.Core, Culture=neutral, PublicKeyToken=null]]" Assembly="YetaWF.Core">
              <Properties />
              <List />
            </Object>
          </ReferencedModules>
          <SelectedSkin>
            <Object Type="YetaWF.Core.Skins.SkinDefinition" Assembly="YetaWF.Core">
              <Properties>
                <Collection Value="YetaWF/BootstrapSample/BootstrapSkin" />
                <FileName Value="Default.cshtml" />
              </Properties>
            </Object>
          </SelectedSkin>
          <SelectedPopupSkin>
            <Object Type="YetaWF.Core.Skins.SkinDefinition" Assembly="YetaWF.Core">
              <Properties>
                <Collection Value="YetaWF/BootstrapSample/BootstrapSkin" />
                <FileName Value="Popup.cshtml" />
              </Properties>
            </Object>
          </SelectedPopupSkin>
          <FormErrorsImmed Value="False" />
          <jQueryUISkin Value="Start" />
          <KendoUISkin Value="Blue Opal" />
          <TabStyle Value="0" />
          <PublicKey Value="&lt;RSAKeyValue&gt;&lt;Modulus&gt;zPToPBdWhN8r5uFd5ZKOXrIUvzV0a6p78OcQU+BHoDsWJX+s/TMNna1afrfXOYBAOOS4N1u03cQJedzikKkVOpCF4MczI7u205CIeI7yKDGB+i/cIe/EEpMMYJZy4XzUsMcTxJVL7q2z8IhwO1+/CuCmUwrhydylWPJuJ8JT9qU=&lt;/Modulus&gt;&lt;Exponent&gt;AQAB&lt;/Exponent&gt;&lt;/RSAKeyValue&gt;" />
          <PrivateKey Value="&lt;RSAKeyValue&gt;&lt;Modulus&gt;zPToPBdWhN8r5uFd5ZKOXrIUvzV0a6p78OcQU+BHoDsWJX+s/TMNna1afrfXOYBAOOS4N1u03cQJedzikKkVOpCF4MczI7u205CIeI7yKDGB+i/cIe/EEpMMYJZy4XzUsMcTxJVL7q2z8IhwO1+/CuCmUwrhydylWPJuJ8JT9qU=&lt;/Modulus&gt;&lt;Exponent&gt;AQAB&lt;/Exponent&gt;&lt;P&gt;6UvT1X7IoNjLrR2uprxjEI59cjKje4wMnFGb2k6uYH4QMImHUP1KpnsO3dkUA/7QdvG4xm42dg6M5TPfF71scw==&lt;/P&gt;&lt;Q&gt;4OcMkpTGg/vlQ+w+h5re58dzxyBL0w4JTITsrNAH6sz2cvJRMx0u8DH78WYzLqzZXxKff1+9RBjyXEtfqTWihw==&lt;/Q&gt;&lt;DP&gt;jyUrsU+9opPjRTF1PHFTB5Gmfy97CA+CnVelnWmxrRssq9t238bKyyOul4jesyTinFjs2zQ8zmtXIDuXo2Vi6Q==&lt;/DP&gt;&lt;DQ&gt;NNSxtGE0fN6YTataSPqNcD7/KICirzJ15r625iV8JqD9J6Vag7pQQ2ZKe7t5PHaoHVg/lWlFCZEepaWjFBmgUw==&lt;/DQ&gt;&lt;InverseQ&gt;DysrqXncuOnIS4lrq5/TenmDorkyH8gJpd+vK/a2+2CUqUcnrAC6a3Wz9t1gQQHvQlQRenhmlx3xJTW7JJKyqw==&lt;/InverseQ&gt;&lt;D&gt;yRXDwCk5lpWK8jPMtw+KJThdCJh+h5+1iE57g395Zqhx+wqAA8+SHVBWiBsAy4ab+/XTE2UjV60divV/SGTL0G8sQiIRzuwWI9gOBNscPqJ7JLQVOZpLonyw5TFs6A/rPAU96buYpYOZHcwLTpXm/H+9Glc/NgmTJgDk9bCHjeU=&lt;/D&gt;&lt;/RSAKeyValue&gt;" />
          <Analytics />
          <AnalyticsContent />
          <GoogleVerification />
          <ExtraHead />
          <ExtraBodyTop />
          <ExtraBodyBottom />
          <UseGeoLocation Value="False" />
          <SiteMetaTags />
          <PageMetaTags />
          <SiteMapPriority Value="50" />
          <DefaultChangeFrequency Value="4" />
        </Properties>
      </Object>
    </Value>
  </List>
</Object>