﻿<?xml version="1.0" encoding="utf-8"?>
<!--YetaWF.Core.Serializers.SerializableList`1[YetaWF.Core.Site.SiteDefinition]-->
<Object Type="YetaWF.Core.Serializers.SerializableList`1[[YetaWF.Core.Site.SiteDefinition, YetaWF.Core, Culture=neutral, PublicKeyToken=null]]" Assembly="YetaWF.Core">
  <Properties />
  <List>
    <Value>
      <Object Type="YetaWF.Core.Site.SiteDefinition" Assembly="YetaWF.Core">
        <Properties>
          <Identity Value="1000" />
          <SiteDomain Value="YetaWFDist4" />
          <SiteName Value="YetaWFDist4" />
          <PortNumber Value="80" />
          <PortNumberSSL Value="443" />
          <Localization Value="True" />
          <DefaultLanguageId Value="en-US" />
          <AllowAnonymousUsers Value="True" />
          <Locked Value="False" />
          <LockedForIP />
          <LockedExternalForIP />
          <LockedUrl Value="/Maintenance/Offline For Maintenance.html" />
          <AllowPopups Value="True" />
          <CssNoTooltips Value="linkpreview-show peelback" />
          <FavIcon_Data Value="" />
          <FavIconLrg_Data Value="" />
          <Country Value="United States" />
          <Currency Value="USD" />
          <CurrencyFormat Value="$ #,0.00" />
          <CurrencyDecimals Value="2" />
          <StaticPages Value="False" />
          <AllowCacheUse Value="True" />
          <Compression Value="True" />
          <CompressCSSFiles Value="True" />
          <BundleCSSFiles Value="True" />
          <CssLocation Value="1" />
          <CompressJSFiles Value="True" />
          <BundleJSFiles Value="True" />
          <JSLocation Value="1" />
          <DisableMinimizeFUOC Value="False" />
          <Copyright Value="YetaWF.com - © Copyright &lt;&lt;Year&gt;&gt; Softel vdm, Inc." />
          <UseCDNComponents Value="False" />
          <UseCDN Value="False" />
          <CDNUrl />
          <CDNUrlSecure />
          <StaticDomain />
          <EmailDebug Value="False" />
          <AdminEmail Value="youremail@YetaWFDist4" />
          <SMTP>
            <Object Type="YetaWF.Core.SendEmail.SMTPServer" Assembly="YetaWF.Core">
              <Properties>
                <Server Value="mail.YetaWFDist4" />
                <Port Value="25" />
                <Authentication Value="1" />
                <UserName Value="youremail@YetaWFDist4" />
                <Password Value="somepassword" />
                <SSL Value="False" />
              </Properties>
            </Object>
          </SMTP>
          <HomePageUrl Value="/" />
          <EnforceSiteUrl Value="False" />
          <PageSecurity Value="0" />
          <NotFoundUrl Value="/Errors/404" />
          <MobileSiteUrl />
          <UnsupportedBrowserUrl Value="/Maintenance/Unsupported Browser.html" />
          <LoginUrl Value="/User/Login" />
          <ExternalAccountSetupUrl Value="/User/Setup External Account" />
          <ReferencedModules>
            <Object Type="YetaWF.Core.Serializers.SerializableList`1[[YetaWF.Core.Modules.ModuleDefinition+ReferencedModule, YetaWF.Core, Culture=neutral, PublicKeyToken=null]]" Assembly="YetaWF.Core">
              <Properties />
              <List />
            </Object>
          </ReferencedModules>
          <SelectedSkin>
            <Object Type="YetaWF.Core.Skins.SkinDefinition" Assembly="YetaWF.Core">
              <Properties>
                <Collection Value="YetaWF/BootstrapSample/BootstrapSkin" />
                <FileName Value="Default.cshtml" />
              </Properties>
            </Object>
          </SelectedSkin>
          <SelectedPopupSkin>
            <Object Type="YetaWF.Core.Skins.SkinDefinition" Assembly="YetaWF.Core">
              <Properties>
                <Collection Value="YetaWF/BootstrapSample/BootstrapSkin" />
                <FileName Value="Popup.cshtml" />
              </Properties>
            </Object>
          </SelectedPopupSkin>
          <FormErrorsImmed Value="False" />
          <jQueryUISkin Value="Start" />
          <KendoUISkin Value="Blue Opal" />
          <TabStyle Value="0" />
          <PublicKey Value="&lt;RSAKeyValue&gt;&lt;Modulus&gt;1KjCdkF+lZOmsW0GQechNc77B0xw/Kbu4CfbFQvZfqq3rG5rWVZbswnzyXcMIOIieWh3Ad45DT7nP4qMIlCy9B9Y35FDyW+i5xnmi6NWRJwybwtjLO2UipObRLqUmnV8tlhPl7t1FSdOZo1AMs7a51Q1U1qyTlvZ9SF54ii0TEE=&lt;/Modulus&gt;&lt;Exponent&gt;AQAB&lt;/Exponent&gt;&lt;/RSAKeyValue&gt;" />
          <PrivateKey Value="&lt;RSAKeyValue&gt;&lt;Modulus&gt;1KjCdkF+lZOmsW0GQechNc77B0xw/Kbu4CfbFQvZfqq3rG5rWVZbswnzyXcMIOIieWh3Ad45DT7nP4qMIlCy9B9Y35FDyW+i5xnmi6NWRJwybwtjLO2UipObRLqUmnV8tlhPl7t1FSdOZo1AMs7a51Q1U1qyTlvZ9SF54ii0TEE=&lt;/Modulus&gt;&lt;Exponent&gt;AQAB&lt;/Exponent&gt;&lt;P&gt;3mDkEIIHNsScbCH+x7oZBroeun4wUgnjz5MjR+HK/QQ1QxONMScVkD32UD6IGevPUyVQ7B6Lj4bHZvbFOYUKiw==&lt;/P&gt;&lt;Q&gt;9M+v1fqbTb+tDCESoPGHwgElrVT2CqqBTEMM7ryCleqPf6EbukO/TXTUZpRyjdgsjIc4d/qVrZUIK1RtLIk54w==&lt;/Q&gt;&lt;DP&gt;syf+NWp8Y1xM5TUSLVi5ltjVrsvBJCcBmRbigqPfRK5iNrMGukXRso6o5YcrYS7ArizPIBuPtkcQWNyQkkGj9w==&lt;/DP&gt;&lt;DQ&gt;SKPPctiXeGxldnHhyyufsqsQeOv6zZNmJjDHB5ebz8v3pFEznwM3Ik6GL6Hgk8IPBeuhj8gk3YqZD/JPKqXVLQ==&lt;/DQ&gt;&lt;InverseQ&gt;CdxHXbk2zjKHWDnOic/ANQcL8BWonV/LdvoQAENq0Gv1Q2oaqm+oWaWT1KVvScRietDJ066B9xowzKzzVBZxbQ==&lt;/InverseQ&gt;&lt;D&gt;fftwILCSNjifkxLclyQ/B2qUSnGdqf+XGlJiNqirc5/dahiMHgPMFVf7Bcox9DUjaTta7U9iCxfN1VXVyOp36JT3dkQ48TRvEcFVYK7qsl0vhqIZS9p9/5Rhu9KlkkzQ/GK9w2aZ/BXfSsYQNCjsKhcChmtBuXox+XxGkzdENvU=&lt;/D&gt;&lt;/RSAKeyValue&gt;" />
          <Analytics />
          <AnalyticsContent />
          <GoogleVerification />
          <ExtraHead />
          <ExtraBodyTop />
          <ExtraBodyBottom />
          <UseGeoLocation Value="False" />
          <SiteMetaTags />
          <PageMetaTags />
          <SiteMapPriority Value="50" />
          <DefaultChangeFrequency Value="4" />
        </Properties>
      </Object>
    </Value>
  </List>
</Object>