[
  {
    "Name": "Sharing Sidebar Settings",
    "Title": {
      "en-US": "Sharing Sidebar Settings"
    },
    "Visible": true,
    "ModuleSecurity": 0,
    "WantSearch": true,
    "WantFocus": true,
    "Description": {
      "en-US": "Edits a site's AddThis Sharing Sidebar configuration settings"
    },
    "ModuleGuid": "43cdb837-a2be-4586-ab1c-3ba92c8da482",
    "DateCreated": "2015-11-10T07:58:15.8944969",
    "DateUpdated": "2018-04-16T00:58:12.0345806",
    "SkinDefinitions": [],
    "SelectedPopupSkin": {
      "Collection": null,
      "FileName": null
    },
    "CssClass": null,
    "TempPageCssClass": null,
    "_SuppressPartialFormCss": false,
    "ShowTitle": true,
    "ShowTitleActions": false,
    "ShowHelp": true,
    "Print": true,
    "ShowFormButtons": true,
    "AnchorId": null,
    "AllowedRoles": [
      {
        "RoleId": 1000,
        "View": 1,
        "Edit": 1,
        "Remove": 1,
        "Extra1": 1,
        "Extra2": 1,
        "Extra3": 1,
        "Extra4": 1,
        "Extra5": 1
      }
    ],
    "AllowedUsers": [],
    "ReferencedModules": []
  }
]