[
  {
    "Name": "Import Package (Binary or Source Code Package)",
    "Title": {
      "en-US": "Import Package (Binary or Source Code Package)"
    },
    "Visible": true,
    "ModuleSecurity": 0,
    "WantSearch": true,
    "WantFocus": true,
    "Description": {
      "en-US": "Imports binary or source code packages"
    },
    "ModuleGuid": "a8532cf5-4252-4e93-a219-ab8542276761",
    "DateCreated": "2015-04-02T16:32:07.0466091",
    "DateUpdated": "2018-04-16T00:58:16.1053807",
    "SkinDefinitions": [],
    "SelectedPopupSkin": {
      "Collection": null,
      "FileName": null
    },
    "CssClass": null,
    "TempPageCssClass": null,
    "_SuppressPartialFormCss": false,
    "ShowTitle": true,
    "ShowTitleActions": false,
    "ShowHelp": false,
    "Print": false,
    "ShowFormButtons": true,
    "AnchorId": null,
    "AllowedRoles": [
      {
        "RoleId": 1000,
        "View": 1,
        "Edit": 1,
        "Remove": 1,
        "Extra1": 1,
        "Extra2": 1,
        "Extra3": 1,
        "Extra4": 1,
        "Extra5": 1
      }
    ],
    "AllowedUsers": [],
    "ReferencedModules": []
  }
]