﻿<?xml version="1.0" encoding="utf-8"?>
<!--YetaWF.DataProvider.ModuleDefinitionDataProvider`2+ModData[System.Guid,YetaWF.Modules.Blog.Modules.CategoryHeaderModule]-->
<Object Type="YetaWF.DataProvider.ModuleDefinitionDataProvider`2+ModData[[System.Guid, mscorlib, Culture=neutral, PublicKeyToken=b77a5c561934e089],[YetaWF.Modules.Blog.Modules.CategoryHeaderModule, YetaWF.Blog, Culture=neutral, PublicKeyToken=null]]" Assembly="YetaWF.DataProvider.ModuleDefinition" AssemblyFull="YetaWF.DataProvider.ModuleDefinition, Version=2.6.0.0, Culture=neutral, PublicKeyToken=null">
  <Properties>
    <ModList>
      <Object Type="YetaWF.Core.Serializers.SerializableList`1[[YetaWF.Modules.Blog.Modules.CategoryHeaderModule, YetaWF.Blog, Culture=neutral, PublicKeyToken=null]]" Assembly="YetaWF.Core">
        <Properties />
        <List>
          <Value>
            <Object Type="YetaWF.Modules.Blog.Modules.CategoryHeaderModule" Assembly="YetaWF.Blog" AssemblyFull="YetaWF.Blog, Version=2.6.0.0, Culture=neutral, PublicKeyToken=null">
              <Properties>
                <Name Value="Blog Category Header (Blog)" />
                <Title>
                  <Object Type="YetaWF.Core.Models.MultiString" Assembly="YetaWF.Core">
                    <Properties />
                    <Dictionary>
                      <Key Value="en-US" />
                      <Value Value="Blog Category Header" />
                    </Dictionary>
                  </Object>
                </Title>
                <Visible Value="True" />
                <ModuleSecurity Value="0" />
                <WantSearch Value="True" />
                <WantFocus Value="True" />
                <Description>
                  <Object Type="YetaWF.Core.Models.MultiString" Assembly="YetaWF.Core">
                    <Properties />
                    <Dictionary>
                      <Key Value="en-US" />
                      <Value Value="Displays a blog category header" />
                    </Dictionary>
                  </Object>
                </Description>
                <ModuleGuid Value="8e1f571a-c0d1-4f3d-9ff2-5212ffa49093" />
                <DateCreated Value="635819065385356390" />
                <DateUpdated Value="636073350771429395" />
                <SkinDefinitions>
                  <Object Type="YetaWF.Core.Serializers.SerializableList`1[[YetaWF.Core.Skins.SkinDefinition, YetaWF.Core, Culture=neutral, PublicKeyToken=null]]" Assembly="YetaWF.Core">
                    <Properties />
                    <List>
                      <Value>
                        <Object Type="YetaWF.Core.Skins.SkinDefinition" Assembly="YetaWF.Core">
                          <Properties>
                            <Collection />
                            <FileName />
                          </Properties>
                        </Object>
                      </Value>
                      <Value>
                        <Object Type="YetaWF.Core.Skins.SkinDefinition" Assembly="YetaWF.Core">
                          <Properties>
                            <Collection />
                            <FileName />
                          </Properties>
                        </Object>
                      </Value>
                      <Value>
                        <Object Type="YetaWF.Core.Skins.SkinDefinition" Assembly="YetaWF.Core">
                          <Properties>
                            <Collection />
                            <FileName />
                          </Properties>
                        </Object>
                      </Value>
                      <Value>
                        <Object Type="YetaWF.Core.Skins.SkinDefinition" Assembly="YetaWF.Core">
                          <Properties>
                            <Collection />
                            <FileName />
                          </Properties>
                        </Object>
                      </Value>
                      <Value>
                        <Object Type="YetaWF.Core.Skins.SkinDefinition" Assembly="YetaWF.Core">
                          <Properties>
                            <Collection />
                            <FileName />
                          </Properties>
                        </Object>
                      </Value>
                      <Value>
                        <Object Type="YetaWF.Core.Skins.SkinDefinition" Assembly="YetaWF.Core">
                          <Properties>
                            <Collection />
                            <FileName />
                          </Properties>
                        </Object>
                      </Value>
                      <Value>
                        <Object Type="YetaWF.Core.Skins.SkinDefinition" Assembly="YetaWF.Core">
                          <Properties>
                            <Collection />
                            <FileName />
                          </Properties>
                        </Object>
                      </Value>
                    </List>
                  </Object>
                </SkinDefinitions>
                <SelectedPopupSkin>
                  <Object Type="YetaWF.Core.Skins.SkinDefinition" Assembly="YetaWF.Core">
                    <Properties>
                      <Collection />
                      <FileName />
                    </Properties>
                  </Object>
                </SelectedPopupSkin>
                <CssClass />
                <BootstrapContainer Value="0" />
                <ShowTitle Value="True" />
                <ShowTitleActions Value="False" />
                <ShowHelp Value="False" />
                <Print Value="True" />
                <ShowFormButtons Value="False" />
                <AnchorId />
                <AllowedRoles>
                  <Object Type="YetaWF.Core.Serializers.SerializableList`1[[YetaWF.Core.Modules.ModuleDefinition+AllowedRole, YetaWF.Core, Culture=neutral, PublicKeyToken=null]]" Assembly="YetaWF.Core">
                    <Properties />
                    <List>
                      <Value>
                        <Object Type="YetaWF.Core.Modules.ModuleDefinition+AllowedRole" Assembly="YetaWF.Core">
                          <Properties>
                            <RoleId Value="1089" />
                            <View Value="1" />
                            <Edit Value="1" />
                            <Remove Value="1" />
                            <Extra1 Value="1" />
                            <Extra2 Value="1" />
                            <Extra3 Value="1" />
                            <Extra4 Value="1" />
                            <Extra5 Value="1" />
                          </Properties>
                        </Object>
                      </Value>
                    </List>
                  </Object>
                </AllowedRoles>
                <AllowedUsers>
                  <Object Type="YetaWF.Core.Serializers.SerializableList`1[[YetaWF.Core.Modules.ModuleDefinition+AllowedUser, YetaWF.Core, Culture=neutral, PublicKeyToken=null]]" Assembly="YetaWF.Core">
                    <Properties />
                    <List />
                  </Object>
                </AllowedUsers>
                <ReferencedModules>
                  <Object Type="YetaWF.Core.Serializers.SerializableList`1[[YetaWF.Core.Modules.ModuleDefinition+ReferencedModule, YetaWF.Core, Culture=neutral, PublicKeyToken=null]]" Assembly="YetaWF.Core">
                    <Properties />
                    <List />
                  </Object>
                </ReferencedModules>
              </Properties>
            </Object>
          </Value>
          <Value>
            <Object Type="YetaWF.Modules.Blog.Modules.CategoryHeaderModule" Assembly="YetaWF.Blog" AssemblyFull="YetaWF.Blog, Version=2.6.0.0, Culture=neutral, PublicKeyToken=null">
              <Properties>
                <Name Value="Blog Category Header (Blog Entry)" />
                <Title>
                  <Object Type="YetaWF.Core.Models.MultiString" Assembly="YetaWF.Core">
                    <Properties />
                    <Dictionary>
                      <Key Value="en-US" />
                      <Value Value="Blog Category Header" />
                    </Dictionary>
                  </Object>
                </Title>
                <Visible Value="True" />
                <ModuleSecurity Value="0" />
                <WantSearch Value="True" />
                <WantFocus Value="True" />
                <Description>
                  <Object Type="YetaWF.Core.Models.MultiString" Assembly="YetaWF.Core">
                    <Properties />
                    <Dictionary>
                      <Key Value="en-US" />
                      <Value Value="Displays a blog category header" />
                    </Dictionary>
                  </Object>
                </Description>
                <ModuleGuid Value="d6e1f809-ce3b-4c49-bbe2-be9028a8a7be" />
                <DateCreated Value="635819065648782968" />
                <DateUpdated Value="636073350959805246" />
                <SkinDefinitions>
                  <Object Type="YetaWF.Core.Serializers.SerializableList`1[[YetaWF.Core.Skins.SkinDefinition, YetaWF.Core, Culture=neutral, PublicKeyToken=null]]" Assembly="YetaWF.Core">
                    <Properties />
                    <List>
                      <Value>
                        <Object Type="YetaWF.Core.Skins.SkinDefinition" Assembly="YetaWF.Core">
                          <Properties>
                            <Collection />
                            <FileName />
                          </Properties>
                        </Object>
                      </Value>
                      <Value>
                        <Object Type="YetaWF.Core.Skins.SkinDefinition" Assembly="YetaWF.Core">
                          <Properties>
                            <Collection />
                            <FileName />
                          </Properties>
                        </Object>
                      </Value>
                      <Value>
                        <Object Type="YetaWF.Core.Skins.SkinDefinition" Assembly="YetaWF.Core">
                          <Properties>
                            <Collection />
                            <FileName />
                          </Properties>
                        </Object>
                      </Value>
                      <Value>
                        <Object Type="YetaWF.Core.Skins.SkinDefinition" Assembly="YetaWF.Core">
                          <Properties>
                            <Collection />
                            <FileName />
                          </Properties>
                        </Object>
                      </Value>
                      <Value>
                        <Object Type="YetaWF.Core.Skins.SkinDefinition" Assembly="YetaWF.Core">
                          <Properties>
                            <Collection />
                            <FileName />
                          </Properties>
                        </Object>
                      </Value>
                      <Value>
                        <Object Type="YetaWF.Core.Skins.SkinDefinition" Assembly="YetaWF.Core">
                          <Properties>
                            <Collection />
                            <FileName />
                          </Properties>
                        </Object>
                      </Value>
                      <Value>
                        <Object Type="YetaWF.Core.Skins.SkinDefinition" Assembly="YetaWF.Core">
                          <Properties>
                            <Collection />
                            <FileName />
                          </Properties>
                        </Object>
                      </Value>
                    </List>
                  </Object>
                </SkinDefinitions>
                <SelectedPopupSkin>
                  <Object Type="YetaWF.Core.Skins.SkinDefinition" Assembly="YetaWF.Core">
                    <Properties>
                      <Collection />
                      <FileName />
                    </Properties>
                  </Object>
                </SelectedPopupSkin>
                <CssClass />
                <BootstrapContainer Value="0" />
                <ShowTitle Value="True" />
                <ShowTitleActions Value="False" />
                <ShowHelp Value="False" />
                <Print Value="True" />
                <ShowFormButtons Value="False" />
                <AnchorId />
                <AllowedRoles>
                  <Object Type="YetaWF.Core.Serializers.SerializableList`1[[YetaWF.Core.Modules.ModuleDefinition+AllowedRole, YetaWF.Core, Culture=neutral, PublicKeyToken=null]]" Assembly="YetaWF.Core">
                    <Properties />
                    <List>
                      <Value>
                        <Object Type="YetaWF.Core.Modules.ModuleDefinition+AllowedRole" Assembly="YetaWF.Core">
                          <Properties>
                            <RoleId Value="1089" />
                            <View Value="1" />
                            <Edit Value="1" />
                            <Remove Value="1" />
                            <Extra1 Value="1" />
                            <Extra2 Value="1" />
                            <Extra3 Value="1" />
                            <Extra4 Value="1" />
                            <Extra5 Value="1" />
                          </Properties>
                        </Object>
                      </Value>
                    </List>
                  </Object>
                </AllowedRoles>
                <AllowedUsers>
                  <Object Type="YetaWF.Core.Serializers.SerializableList`1[[YetaWF.Core.Modules.ModuleDefinition+AllowedUser, YetaWF.Core, Culture=neutral, PublicKeyToken=null]]" Assembly="YetaWF.Core">
                    <Properties />
                    <List />
                  </Object>
                </AllowedUsers>
                <ReferencedModules>
                  <Object Type="YetaWF.Core.Serializers.SerializableList`1[[YetaWF.Core.Modules.ModuleDefinition+ReferencedModule, YetaWF.Core, Culture=neutral, PublicKeyToken=null]]" Assembly="YetaWF.Core">
                    <Properties />
                    <List />
                  </Object>
                </ReferencedModules>
              </Properties>
            </Object>
          </Value>
        </List>
      </Object>
    </ModList>
    <ImageList>
      <Object Type="YetaWF.Core.Serializers.SerializableList`1[[YetaWF.Core.Packages.SerializableFile, YetaWF.Core, Culture=neutral, PublicKeyToken=null]]" Assembly="YetaWF.Core">
        <Properties />
        <List />
      </Object>
    </ImageList>
  </Properties>
</Object>