[
  {
    "AddUrl": null,
    "DisplayUrl": null,
    "EditUrl": null,
    "Name": "Resources (Identity)",
    "Title": {
      "en-US": "Resources"
    },
    "Visible": true,
    "ModuleSecurity": 0,
    "WantSearch": true,
    "WantFocus": true,
    "Description": {
      "en-US": "Displays and manages resources (used for authorizations)"
    },
    "ModuleGuid": "466d3da8-684f-493c-84d7-d630534120ca",
    "DateCreated": "2018-08-15T13:17:44.4903657",
    "DateUpdated": "2018-08-15T13:17:44.4943648",
    "SkinDefinitions": [],
    "SelectedPopupSkin": {
      "Collection": null,
      "FileName": null
    },
    "CssClass": null,
    "TempPageCssClass": null,
    "_SuppressPartialFormCss": false,
    "ShowTitle": true,
    "ShowTitleActions": true,
    "ShowHelp": false,
    "Print": true,
    "ShowFormButtons": true,
    "AnchorId": null,
    "AllowedRoles": [
      {
        "RoleId": 1000,
        "View": 1,
        "Edit": 1,
        "Remove": 1,
        "Extra1": 1,
        "Extra2": 1,
        "Extra3": 1,
        "Extra4": 1,
        "Extra5": 1
      }
    ],
    "AllowedUsers": [],
    "ReferencedModules": []
  }
]