{
  "$type": "YetaWF.Core.Serializers.SerializableList`1[[YetaWF.Modules.Identity.DataProvider.Authorization, YetaWF.Identity]], YetaWF.Core",
  "$values": [
    {
      "$type": "YetaWF.Modules.Identity.DataProvider.Authorization, YetaWF.Identity",
      "ResourceName": "YetaWF_Identity-AllowUserIdAjax",
      "ResourceDescription": "Allow user list retrieval (Ajax) for UserId template",
      "AllowedUsers": {
        "$type": "YetaWF.Core.Serializers.SerializableList`1[[YetaWF.Core.Identity.User, YetaWF.Core]], YetaWF.Core",
        "$values": []
      },
      "AllowedRoles": {
        "$type": "YetaWF.Core.Serializers.SerializableList`1[[YetaWF.Core.Identity.Role, YetaWF.Core]], YetaWF.Core",
        "$values": [
          {
            "$type": "YetaWF.Core.Identity.Role, YetaWF.Core",
            "RoleId": 1000
          },
          {
            "$type": "YetaWF.Core.Identity.Role, YetaWF.Core",
            "RoleId": 1001
          }
        ]
      }
    }
  ]
}