[
  {
    "Name": "External Account Setup",
    "Title": {
      "en-US": "External Account Setup"
    },
    "Visible": true,
    "ModuleSecurity": 0,
    "WantSearch": true,
    "WantFocus": true,
    "Description": {
      "en-US": "External user account setup (used with external login providers only)"
    },
    "ModuleGuid": "524e9cd6-b23d-4863-9883-f2f83af982d2",
    "DateCreated": "2016-08-20T11:40:41.240513",
    "DateUpdated": "2018-04-16T00:58:12.6760585",
    "SkinDefinitions": [
      {
        "Collection": "YetaWF/BootstrapSample/BootstrapSkin",
        "FileName": "modStandard"
      },
      {
        "Collection": "Softelvdm/LinkCheckerSkin/LinkCheckerSkin",
        "FileName": "modStandard"
      },
      {
        "Collection": "Softelvdm/MainSkin/Main",
        "FileName": "modStandard"
      },
      {
        "Collection": "Mikevdm/MikevdmSkin/Mikevdm",
        "FileName": "modStandard"
      },
      {
        "Collection": "YetaWF/SimpleSkin/Simple",
        "FileName": "modStandard"
      },
      {
        "Collection": "YetaWF/Core/Standard",
        "FileName": "modStandard"
      },
      {
        "Collection": "YetaWF/YetaWFSkin/YetaWFSkin",
        "FileName": "modStandard"
      },
      {
        "Collection": "Softelvdm/YetaWF2Skin/YetaWF2",
        "FileName": "modStandard"
      }
    ],
    "SelectedPopupSkin": {
      "Collection": null,
      "FileName": "Popup.cshtml"
    },
    "CssClass": null,
    "TempPageCssClass": null,
    "_SuppressPartialFormCss": false,
    "ShowTitle": true,
    "ShowTitleActions": false,
    "ShowHelp": false,
    "Print": true,
    "ShowFormButtons": true,
    "AnchorId": null,
    "AllowedRoles": [
      {
        "RoleId": 999,
        "View": 1,
        "Edit": 0,
        "Remove": 0,
        "Extra1": 0,
        "Extra2": 0,
        "Extra3": 0,
        "Extra4": 0,
        "Extra5": 0
      },
      {
        "RoleId": 998,
        "View": 1,
        "Edit": 0,
        "Remove": 0,
        "Extra1": 0,
        "Extra2": 0,
        "Extra3": 0,
        "Extra4": 0,
        "Extra5": 0
      },
      {
        "RoleId": 1000,
        "View": 1,
        "Edit": 1,
        "Remove": 1,
        "Extra1": 1,
        "Extra2": 1,
        "Extra3": 1,
        "Extra4": 1,
        "Extra5": 1
      }
    ],
    "AllowedUsers": [],
    "ReferencedModules": []
  }
]