[
  {
    "Id": 1,
    "AllowUserRegistration": true,
    "RegistrationType": 1,
    "SavePlainTextPassword": true,
    "Captcha": false,
    "CaptchaForgotPassword": false,
    "VerifyNewUsers": false,
    "ApproveNewUsers": false,
    "NotifyAdminNewUsers": false,
    "BccVerification": false,
    "MaxLoginFailures": 20,
    "BccForgottenPassword": false,
    "PersistentLogin": true,
    "RegisterUrl": "/User/Register",
    "TwoStepAuthUrl": null,
    "ForgotPasswordUrl": "/User/Forgot Password",
    "VerificationPendingUrl": null,
    "ApprovalPendingUrl": null,
    "RejectedUrl": null,
    "SuspendedUrl": null,
    "LoggedOffUrl": null,
    "TwoStepAuth": [],
    "UseFacebook": false,
    "UseGoogle": false,
    "UseMicrosoft": false,
    "UseTwitter": false
  }
]