[
  {
    "Name": "Login Provider",
    "Title": {
      "en-US": "Edits local and external login providers like Google, Facebook, etc."
    },
    "Visible": true,
    "ModuleSecurity": 0,
    "WantSearch": true,
    "WantFocus": true,
    "Description": {
      "en-US": "Edits local and external login providers like Google, Facebook, etc."
    },
    "ModuleGuid": "f490deeb-ff19-4921-894b-4a81d263f97a",
    "DateCreated": "2018-08-15T13:14:00.1822384",
    "DateUpdated": "2018-08-15T13:14:00.1872369",
    "SkinDefinitions": [],
    "SelectedPopupSkin": {
      "Collection": null,
      "FileName": null
    },
    "CssClass": null,
    "TempPageCssClass": null,
    "_SuppressPartialFormCss": false,
    "ShowTitle": true,
    "ShowTitleActions": true,
    "ShowHelp": false,
    "Print": true,
    "ShowFormButtons": true,
    "AnchorId": null,
    "AllowedRoles": [],
    "AllowedUsers": [],
    "ReferencedModules": []
  }
]