[
  {
    "AddUrl": null,
    "DisplayUrl": null,
    "EditUrl": null,
    "Name": "Roles (Identity)",
    "Title": {
      "en-US": "Roles"
    },
    "Visible": true,
    "ModuleSecurity": 0,
    "WantSearch": true,
    "WantFocus": true,
    "Description": {
      "en-US": "Displays and manages roles"
    },
    "ModuleGuid": "d2187cff-5c49-4be1-b994-ec594782557c",
    "DateCreated": "2018-08-15T13:16:59.6346671",
    "DateUpdated": "2018-08-15T13:17:49.6808334",
    "SkinDefinitions": [],
    "SelectedPopupSkin": {
      "Collection": null,
      "FileName": null
    },
    "CssClass": null,
    "TempPageCssClass": null,
    "_SuppressPartialFormCss": false,
    "ShowTitle": true,
    "ShowTitleActions": true,
    "ShowHelp": false,
    "Print": true,
    "ShowFormButtons": true,
    "AnchorId": null,
    "AllowedRoles": [
      {
        "RoleId": 1000,
        "View": 1,
        "Edit": 1,
        "Remove": 1,
        "Extra1": 1,
        "Extra2": 1,
        "Extra3": 1,
        "Extra4": 1,
        "Extra5": 1
      }
    ],
    "AllowedUsers": [],
    "ReferencedModules": []
  }
]