[
  {
    "Name": "Select Two-Step Authentication",
    "Title": {
      "en-US": "Select Desired Two-Step Authentication"
    },
    "Visible": true,
    "ModuleSecurity": 0,
    "WantSearch": false,
    "WantFocus": true,
    "Description": {
      "en-US": "Selection of desired Two-Step Authentication"
    },
    "ModuleGuid": "0ffd80d1-69ef-4187-8d2d-aa48e69aa3f8",
    "DateCreated": "2016-08-22T01:10:48.9331871",
    "DateUpdated": "2018-04-16T00:58:10.0211945",
    "SkinDefinitions": [],
    "SelectedPopupSkin": {
      "Collection": null,
      "FileName": "PopupSmall.cshtml"
    },
    "CssClass": null,
    "TempPageCssClass": null,
    "_SuppressPartialFormCss": false,
    "ShowTitle": true,
    "ShowTitleActions": false,
    "ShowHelp": false,
    "Print": true,
    "ShowFormButtons": true,
    "AnchorId": null,
    "AllowedRoles": [
      {
        "RoleId": 1000,
        "View": 1,
        "Edit": 1,
        "Remove": 1,
        "Extra1": 1,
        "Extra2": 1,
        "Extra3": 1,
        "Extra4": 1,
        "Extra5": 1
      }
    ],
    "AllowedUsers": [],
    "ReferencedModules": []
  }
]