[
  {
    "UserName": "Superuser",
    "UserId": 1,
    "PasswordHash": "AFxk9DBOq15BAqFAE9NulZadi4Jsm/2W9AZvbffHz50CnN6Q3rCJPV69feoRJ3AW6g==",
    "PasswordPlainText": "SuperuserPassword",
    "Email": "Superuser@Localhost",
    "Comment": "The superuser for all sites",
    "UserStatus": 2,
    "VerificationCode": "d035cbdf-d6ad-4f24-9ec5-4b1c159fe921",
    "RegistrationIP": "127.0.0.1",
    "Created": "2018-08-15T11:49:42.8963929",
    "LastLoginDate": "2018-08-15T15:30:16.6518201",
    "LastLoginIP": "::1",
    "LastPasswordChangedDate": null,
    "PasswordChangeIP": null,
    "LastActivityDate": "2018-08-15T15:30:16.6518201",
    "LastActivityIP": "::1",
    "NeedsNewPassword": false,
    "LoginFailures": 0,
    "SecurityStamp": null,
    "RolesList": [
      {
        "RoleId": 997
      }
    ],
    "EnabledTwoStepAuthentications": []
  }
]