{
  "$type": "YetaWF.Core.Serializers.SerializableList`1[[YetaWF.Modules.Identity.DataProvider.UserDefinition, YetaWF.Identity]], YetaWF.Core",
  "$values": [
    {
      "$type": "YetaWF.Modules.Identity.DataProvider.UserDefinition, YetaWF.Identity",
      "UserName": "Superuser",
      "UserId": 1,
      "PasswordHash": "ABnInWupuKb7G9zCRQixnamvSExBMtzBnKAGPYGhg3D5Q7TRfmqujqDA7DZoegRn2Q==",
      "PasswordPlainText": "SuperuserPassword",
      "Email": "Superuser@Localhost",
      "Comment": "The superuser for all sites",
      "UserStatus": 2,
      "VerificationCode": "7d3e78e6-52ae-46bf-8cee-509944389605",
      "RegistrationIP": "127.0.0.1",
      "Created": "2018-09-01T12:34:45.900382",
      "LastLoginDate": null,
      "LastLoginIP": null,
      "LastPasswordChangedDate": null,
      "PasswordChangeIP": null,
      "LastActivityDate": null,
      "LastActivityIP": null,
      "NeedsNewPassword": false,
      "LoginFailures": 0,
      "SecurityStamp": null,
      "RolesList": {
        "$type": "YetaWF.Core.Serializers.SerializableList`1[[YetaWF.Core.Identity.Role, YetaWF.Core]], YetaWF.Core",
        "$values": [
          {
            "$type": "YetaWF.Core.Identity.Role, YetaWF.Core",
            "RoleId": 997
          }
        ]
      },
      "EnabledTwoStepAuthentications": {
        "$type": "YetaWF.Core.Serializers.SerializableList`1[[YetaWF.Modules.Identity.DataProvider.TwoStepDefinition, YetaWF.Identity]], YetaWF.Core",
        "$values": []
      }
    }
  ]
}