[
  {
    "AddUrl": null,
    "DisplayUrl": null,
    "EditUrl": null,
    "Name": "Users (Identity)",
    "Title": {
      "en-US": "Users"
    },
    "Visible": true,
    "ModuleSecurity": 0,
    "WantSearch": true,
    "WantFocus": true,
    "Description": {
      "en-US": "Displays and manages users"
    },
    "ModuleGuid": "5e31d551-a3db-4d38-b864-e89ac13d320e",
    "DateCreated": "2018-08-15T13:15:25.7786589",
    "DateUpdated": "2018-08-15T13:15:25.7876557",
    "SkinDefinitions": [],
    "SelectedPopupSkin": {
      "Collection": null,
      "FileName": null
    },
    "CssClass": null,
    "TempPageCssClass": null,
    "_SuppressPartialFormCss": false,
    "ShowTitle": true,
    "ShowTitleActions": true,
    "ShowHelp": false,
    "Print": true,
    "ShowFormButtons": true,
    "AnchorId": null,
    "AllowedRoles": [
      {
        "RoleId": 1000,
        "View": 1,
        "Edit": 1,
        "Remove": 1,
        "Extra1": 1,
        "Extra2": 1,
        "Extra3": 1,
        "Extra4": 1,
        "Extra5": 1
      }
    ],
    "AllowedUsers": [],
    "ReferencedModules": []
  }
]