{
  "$type": "YetaWF.Core.Serializers.SerializableList`1[[YetaWF.Modules.Identity.DataProvider.UserDefinition, YetaWF.Identity]], YetaWF.Core",
  "$values": [
    {
      "$type": "YetaWF.Modules.Identity.DataProvider.UserDefinition, YetaWF.Identity",
      "UserName": "Editor@localhost",
      "UserId": 1001,
      "PasswordHash": "AL8eznobbW6nJcYSql7H5ICvx3JOfmvZXocRyz8ze/RJfPMST2ox5EasPXM6A1d6uA==",
      "PasswordPlainText": "mikemike",
      "Email": "Editor@localhost",
      "Comment": null,
      "UserStatus": 2,
      "VerificationCode": "f0f25925-1859-4faf-8d93-43cb5f62bf31",
      "RegistrationIP": null,
      "Created": "2018-08-19T19:19:18.7597727",
      "LastLoginDate": "2018-08-22T14:36:54.4021846",
      "LastLoginIP": "::1",
      "LastPasswordChangedDate": null,
      "PasswordChangeIP": null,
      "LastActivityDate": "2018-08-22T14:36:54.4021846",
      "LastActivityIP": "::1",
      "NeedsNewPassword": false,
      "LoginFailures": 0,
      "SecurityStamp": null,
      "RolesList": {
        "$type": "YetaWF.Core.Serializers.SerializableList`1[[YetaWF.Core.Identity.Role, YetaWF.Core]], YetaWF.Core",
        "$values": [
          {
            "$type": "YetaWF.Core.Identity.Role, YetaWF.Core",
            "RoleId": 1001
          }
        ]
      },
      "EnabledTwoStepAuthentications": {
        "$type": "YetaWF.Core.Serializers.SerializableList`1[[YetaWF.Modules.Identity.DataProvider.TwoStepDefinition, YetaWF.Identity]], YetaWF.Core",
        "$values": []
      }
    }
  ]
}