[
  {
    "Name": "User Account",
    "Title": {
      "en-US": "User Account"
    },
    "Visible": true,
    "ModuleSecurity": 0,
    "WantSearch": true,
    "WantFocus": true,
    "Description": {
      "en-US": "Edits a user's account"
    },
    "ModuleGuid": "1476ff85-4bac-427b-b853-8b368c414342",
    "DateCreated": "2015-04-02T16:32:03.2716038",
    "DateUpdated": "2018-04-16T00:58:10.1939412",
    "SkinDefinitions": [],
    "SelectedPopupSkin": {
      "Collection": null,
      "FileName": null
    },
    "CssClass": null,
    "TempPageCssClass": null,
    "_SuppressPartialFormCss": false,
    "ShowTitle": true,
    "ShowTitleActions": false,
    "ShowHelp": false,
    "Print": true,
    "ShowFormButtons": true,
    "AnchorId": null,
    "AllowedRoles": [
      {
        "RoleId": 998,
        "View": 1,
        "Edit": 0,
        "Remove": 0,
        "Extra1": 0,
        "Extra2": 0,
        "Extra3": 0,
        "Extra4": 0,
        "Extra5": 0
      },
      {
        "RoleId": 1000,
        "View": 1,
        "Edit": 1,
        "Remove": 1,
        "Extra1": 1,
        "Extra2": 1,
        "Extra3": 1,
        "Extra4": 1,
        "Extra5": 1
      }
    ],
    "AllowedUsers": [],
    "ReferencedModules": []
  }
]