﻿<?xml version="1.0" encoding="utf-8"?>
<!--YetaWF.Core.Serializers.SerializableList`1[YetaWF.Modules.Scheduler.DataProvider.SchedulerItemData]-->
<Object Type="YetaWF.Core.Serializers.SerializableList`1[[YetaWF.Modules.Scheduler.DataProvider.SchedulerItemData, YetaWF.Scheduler, Culture=neutral, PublicKeyToken=null]]" Assembly="YetaWF.Core">
  <Properties />
  <List>
    <Value>
      <Object Type="YetaWF.Modules.Scheduler.DataProvider.SchedulerItemData" Assembly="YetaWF.Scheduler" AssemblyFull="YetaWF.Scheduler, Version=2.6.0.0, Culture=neutral, PublicKeyToken=null">
        <Properties>
          <Name Value="Build a Blog Based News Site Map" />
          <Description Value="Builds a blog based news site map" />
          <Enabled Value="True" />
          <EnableOnStartup Value="True" />
          <RunOnce Value="False" />
          <Startup Value="False" />
          <SiteSpecific Value="True" />
          <Frequency>
            <Object Type="YetaWF.Core.Scheduler.SchedulerFrequency" Assembly="YetaWF.Core">
              <Properties>
                <TimeUnits Value="3" />
                <Value Value="1" />
              </Properties>
            </Object>
          </Frequency>
          <Event>
            <Object Type="YetaWF.Core.Scheduler.SchedulerEvent" Assembly="YetaWF.Core">
              <Properties>
                <Name Value="YetaWF.Blog: Build News Site Map" />
                <ImplementingAssembly Value="YetaWF.Blog" />
                <ImplementingType Value="YetaWF.Modules.Blog.Scheduler.NewsSiteMap" />
              </Properties>
            </Object>
          </Event>
          <Last />
          <Next />
          <RunTime Value="0" />
          <Errors />
        </Properties>
      </Object>
    </Value>
    <Value>
      <Object Type="YetaWF.Modules.Scheduler.DataProvider.SchedulerItemData" Assembly="YetaWF.Scheduler" AssemblyFull="YetaWF.Scheduler, Version=2.6.0.0, Culture=neutral, PublicKeyToken=null">
        <Properties>
          <Name Value="Build Site Map" />
          <Description Value="Builds site maps" />
          <Enabled Value="True" />
          <EnableOnStartup Value="True" />
          <RunOnce Value="False" />
          <Startup Value="False" />
          <SiteSpecific Value="True" />
          <Frequency>
            <Object Type="YetaWF.Core.Scheduler.SchedulerFrequency" Assembly="YetaWF.Core">
              <Properties>
                <TimeUnits Value="4" />
                <Value Value="1" />
              </Properties>
            </Object>
          </Frequency>
          <Event>
            <Object Type="YetaWF.Core.Scheduler.SchedulerEvent" Assembly="YetaWF.Core">
              <Properties>
                <Name Value="YetaWF.Pages: Build Site Map" />
                <ImplementingAssembly Value="YetaWF.Pages" />
                <ImplementingType Value="YetaWF.Modules.Pages.Scheduler.SiteMaps" />
              </Properties>
            </Object>
          </Event>
          <Last />
          <Next />
          <RunTime Value="0" />
          <Errors />
        </Properties>
      </Object>
    </Value>
    <Value>
      <Object Type="YetaWF.Modules.Scheduler.DataProvider.SchedulerItemData" Assembly="YetaWF.Scheduler" AssemblyFull="YetaWF.Scheduler, Version=2.6.0.0, Culture=neutral, PublicKeyToken=null">
        <Properties>
          <Name Value="Create Daily Site Backup" />
          <Description Value="Creates a site backup and stores it in the site's Backup folder" />
          <Enabled Value="True" />
          <EnableOnStartup Value="True" />
          <RunOnce Value="False" />
          <Startup Value="False" />
          <SiteSpecific Value="True" />
          <Frequency>
            <Object Type="YetaWF.Core.Scheduler.SchedulerFrequency" Assembly="YetaWF.Core">
              <Properties>
                <TimeUnits Value="3" />
                <Value Value="1" />
              </Properties>
            </Object>
          </Frequency>
          <Event>
            <Object Type="YetaWF.Core.Scheduler.SchedulerEvent" Assembly="YetaWF.Core">
              <Properties>
                <Name Value="YetaWF.Backups: Create Daily Backup" />
                <ImplementingAssembly Value="YetaWF.Backups" />
                <ImplementingType Value="YetaWF.Modules.Backups.Scheduler.Backups" />
              </Properties>
            </Object>
          </Event>
          <Last />
          <Next />
          <RunTime Value="0" />
          <Errors />
        </Properties>
      </Object>
    </Value>
    <Value>
      <Object Type="YetaWF.Modules.Scheduler.DataProvider.SchedulerItemData" Assembly="YetaWF.Scheduler" AssemblyFull="YetaWF.Scheduler, Version=2.6.0.0, Culture=neutral, PublicKeyToken=null">
        <Properties>
          <Name Value="Extract Search Keywords From Pages" />
          <Description Value="Extracts search keywords from all pages, used to provide search features for site users" />
          <Enabled Value="True" />
          <EnableOnStartup Value="True" />
          <RunOnce Value="False" />
          <Startup Value="False" />
          <SiteSpecific Value="True" />
          <Frequency>
            <Object Type="YetaWF.Core.Scheduler.SchedulerFrequency" Assembly="YetaWF.Core">
              <Properties>
                <TimeUnits Value="3" />
                <Value Value="1" />
              </Properties>
            </Object>
          </Frequency>
          <Event>
            <Object Type="YetaWF.Core.Scheduler.SchedulerEvent" Assembly="YetaWF.Core">
              <Properties>
                <Name Value="YetaWF.Search: Extract Search Keywords From Pages" />
                <ImplementingAssembly Value="YetaWF.Search" />
                <ImplementingType Value="YetaWF.Modules.Search.Scheduler.Search" />
              </Properties>
            </Object>
          </Event>
          <Last />
          <Next />
          <RunTime Value="0" />
          <Errors />
        </Properties>
      </Object>
    </Value>
    <Value>
      <Object Type="YetaWF.Modules.Scheduler.DataProvider.SchedulerItemData" Assembly="YetaWF.Scheduler" AssemblyFull="YetaWF.Scheduler, Version=2.6.0.0, Culture=neutral, PublicKeyToken=null">
        <Properties>
          <Name Value="Keep Site Alive" />
          <Description Value="Accesses a page at a defined interval to keep the site alive (used with shared hosting)" />
          <Enabled Value="True" />
          <EnableOnStartup Value="True" />
          <RunOnce Value="False" />
          <Startup Value="False" />
          <SiteSpecific Value="True" />
          <Frequency>
            <Object Type="YetaWF.Core.Scheduler.SchedulerFrequency" Assembly="YetaWF.Core">
              <Properties>
                <TimeUnits Value="1" />
                <Value Value="1" />
              </Properties>
            </Object>
          </Frequency>
          <Event>
            <Object Type="YetaWF.Core.Scheduler.SchedulerEvent" Assembly="YetaWF.Core">
              <Properties>
                <Name Value="YetaWF.KeepAlive: Keep Site Alive" />
                <ImplementingAssembly Value="YetaWF.KeepAlive" />
                <ImplementingType Value="YetaWF.Modules.KeepAlive.Scheduler.KeepAlive" />
              </Properties>
            </Object>
          </Event>
          <Last />
          <Next />
          <RunTime Value="0" />
          <Errors />
        </Properties>
      </Object>
    </Value>
    <Value>
      <Object Type="YetaWF.Modules.Scheduler.DataProvider.SchedulerItemData" Assembly="YetaWF.Scheduler" AssemblyFull="YetaWF.Scheduler, Version=2.6.0.0, Culture=neutral, PublicKeyToken=null">
        <Properties>
          <Name Value="Remove Old Log Data" />
          <Description Value="Removes old log data" />
          <Enabled Value="True" />
          <EnableOnStartup Value="True" />
          <RunOnce Value="False" />
          <Startup Value="False" />
          <SiteSpecific Value="True" />
          <Frequency>
            <Object Type="YetaWF.Core.Scheduler.SchedulerFrequency" Assembly="YetaWF.Core">
              <Properties>
                <TimeUnits Value="4" />
                <Value Value="1" />
              </Properties>
            </Object>
          </Frequency>
          <Event>
            <Object Type="YetaWF.Core.Scheduler.SchedulerEvent" Assembly="YetaWF.Core">
              <Properties>
                <Name Value="YetaWF.Logging: Remove Old Log Data" />
                <ImplementingAssembly Value="YetaWF.Logging" />
                <ImplementingType Value="YetaWF.Modules.Logging.Scheduler.RemoveOldLogData" />
              </Properties>
            </Object>
          </Event>
          <Last />
          <Next />
          <RunTime Value="0" />
          <Errors />
        </Properties>
      </Object>
    </Value>
    <Value>
      <Object Type="YetaWF.Modules.Scheduler.DataProvider.SchedulerItemData" Assembly="YetaWF.Scheduler" AssemblyFull="YetaWF.Scheduler, Version=2.6.0.0, Culture=neutral, PublicKeyToken=null">
        <Properties>
          <Name Value="Remove Old Site Backup" />
          <Description Value="Removes site backups that are too old (defined using backup settings)" />
          <Enabled Value="True" />
          <EnableOnStartup Value="True" />
          <RunOnce Value="False" />
          <Startup Value="False" />
          <SiteSpecific Value="True" />
          <Frequency>
            <Object Type="YetaWF.Core.Scheduler.SchedulerFrequency" Assembly="YetaWF.Core">
              <Properties>
                <TimeUnits Value="3" />
                <Value Value="1" />
              </Properties>
            </Object>
          </Frequency>
          <Event>
            <Object Type="YetaWF.Core.Scheduler.SchedulerEvent" Assembly="YetaWF.Core">
              <Properties>
                <Name Value="YetaWF.Backups: Remove Old Backups" />
                <ImplementingAssembly Value="YetaWF.Backups" />
                <ImplementingType Value="YetaWF.Modules.Backups.Scheduler.Backups" />
              </Properties>
            </Object>
          </Event>
          <Last />
          <Next />
          <RunTime Value="0" />
          <Errors />
        </Properties>
      </Object>
    </Value>
    <Value>
      <Object Type="YetaWF.Modules.Scheduler.DataProvider.SchedulerItemData" Assembly="YetaWF.Scheduler" AssemblyFull="YetaWF.Scheduler, Version=2.6.0.0, Culture=neutral, PublicKeyToken=null">
        <Properties>
          <Name Value="Remove Old Visitor Data" />
          <Description Value="Removes old visitor data" />
          <Enabled Value="True" />
          <EnableOnStartup Value="True" />
          <RunOnce Value="False" />
          <Startup Value="False" />
          <SiteSpecific Value="True" />
          <Frequency>
            <Object Type="YetaWF.Core.Scheduler.SchedulerFrequency" Assembly="YetaWF.Core">
              <Properties>
                <TimeUnits Value="4" />
                <Value Value="1" />
              </Properties>
            </Object>
          </Frequency>
          <Event>
            <Object Type="YetaWF.Core.Scheduler.SchedulerEvent" Assembly="YetaWF.Core">
              <Properties>
                <Name Value="YetaWF.Visitors: Remove Old Visitor Data" />
                <ImplementingAssembly Value="YetaWF.Visitors" />
                <ImplementingType Value="YetaWF.Modules.Visitors.Scheduler.RemoveOldVisitorData" />
              </Properties>
            </Object>
          </Event>
          <Last />
          <Next />
          <RunTime Value="0" />
          <Errors />
        </Properties>
      </Object>
    </Value>
    <Value>
      <Object Type="YetaWF.Modules.Scheduler.DataProvider.SchedulerItemData" Assembly="YetaWF.Scheduler" AssemblyFull="YetaWF.Scheduler, Version=2.6.0.0, Culture=neutral, PublicKeyToken=null">
        <Properties>
          <Name Value="Remove Temporary Files (uploaded files)" />
          <Description Value="Removes temporary files that are too old (files that were created on or before the last time this event ran, based on Frequency definition)" />
          <Enabled Value="True" />
          <EnableOnStartup Value="True" />
          <RunOnce Value="False" />
          <Startup Value="False" />
          <SiteSpecific Value="False" />
          <Frequency>
            <Object Type="YetaWF.Core.Scheduler.SchedulerFrequency" Assembly="YetaWF.Core">
              <Properties>
                <TimeUnits Value="3" />
                <Value Value="2" />
              </Properties>
            </Object>
          </Frequency>
          <Event>
            <Object Type="YetaWF.Core.Scheduler.SchedulerEvent" Assembly="YetaWF.Core">
              <Properties>
                <Name Value="YetaWF.ImageSupport: Remove Temp Files" />
                <ImplementingAssembly Value="YetaWF.Core" />
                <ImplementingType Value="YetaWF.Core.Image.ImageSupportScheduling" />
              </Properties>
            </Object>
          </Event>
          <Last />
          <Next />
          <RunTime Value="0" />
          <Errors />
        </Properties>
      </Object>
    </Value>
  </List>
</Object>