{
  "$type": "YetaWF.Core.Serializers.SerializableList`1[[YetaWF.Modules.Identity.DataProvider.RoleDefinition, YetaWF.Identity]], YetaWF.Core",
  "$values": [
    {
      "$type": "YetaWF.Modules.Identity.DataProvider.RoleDefinition, YetaWF.Identity",
      "Name": "Administrator",
      "RoleId": 1000,
      "Description": "An administrator can do EVERYTHING on ONE site (the site where the user has the Administrator role)",
      "PostLoginUrl": null
    },
    {
      "$type": "YetaWF.Modules.Identity.DataProvider.RoleDefinition, YetaWF.Identity",
      "Name": "Editor",
      "RoleId": 1001,
      "Description": "An editor is a user who can perform editing actions on the site",
      "PostLoginUrl": null
    }
  ]
}