{
  "$type": "YetaWF.Core.Serializers.SerializableList`1[[YetaWF.Modules.Identity.DataProvider.UserDefinition, YetaWF.Identity]], YetaWF.Core",
  "$values": [
    {
      "$type": "YetaWF.Modules.Identity.DataProvider.UserDefinition, YetaWF.Identity",
      "UserName": "Superuser",
      "UserId": 1,
      "PasswordHash": "AB43fV7WCBvPug7TBWGHsJH6EqJ6rFP8eiMgtIhqnt9dLi6HYYl3dA/1mk3Oj6F0HQ==",
      "PasswordPlainText": "SuperuserPassword",
      "Email": "Superuser@YetaWFDist4",
      "Comment": "The superuser for all sites",
      "UserStatus": 2,
      "VerificationCode": "9809a111-02a2-4788-87d1-3ac517d3bc29",
      "RegistrationIP": "127.0.0.1",
      "Created": "2019-07-30T13:16:58.051131",
      "LastLoginDate": null,
      "LastLoginIP": null,
      "LastPasswordChangedDate": null,
      "PasswordChangeIP": null,
      "LastActivityDate": null,
      "LastActivityIP": null,
      "NeedsNewPassword": false,
      "ResetKey": null,
      "ResetValidUntil": null,
      "LoginFailures": 0,
      "SecurityStamp": null,
      "RolesList": {
        "$type": "YetaWF.Core.Serializers.SerializableList`1[[YetaWF.Core.Identity.Role, YetaWF.Core]], YetaWF.Core",
        "$values": [
          {
            "$type": "YetaWF.Core.Identity.Role, YetaWF.Core",
            "RoleId": 997
          }
        ]
      },
      "EnabledTwoStepAuthentications": {
        "$type": "YetaWF.Core.Serializers.SerializableList`1[[YetaWF.Modules.Identity.DataProvider.TwoStepDefinition, YetaWF.Identity]], YetaWF.Core",
        "$values": []
      }
    }
  ]
}