{
  "$type": "YetaWF.Core.Serializers.SerializableList`1[[YetaWF.Modules.Identity.DataProvider.UserDefinition, YetaWF.Identity]], YetaWF.Core",
  "$values": [
    {
      "$type": "YetaWF.Modules.Identity.DataProvider.UserDefinition, YetaWF.Identity",
      "UserName": "Superuser",
      "UserId": 1,
      "PasswordHash": "AB3IlsM/pvJp4xs2RO35fGNkn8BzsKNuDQ9aEafp14FLV/ltJVav+H28dWWx6pgw3A==",
      "PasswordPlainText": "SuperuserPassword",
      "Email": "Superuser@Localhost",
      "Comment": "The superuser for all sites",
      "UserStatus": 2,
      "VerificationCode": "086b9a5c-b3a6-48a0-bcde-e3709123d4a1",
      "RegistrationIP": "127.0.0.1",
      "Created": "2019-02-17T05:00:45.8115364",
      "LastLoginDate": null,
      "LastLoginIP": null,
      "LastPasswordChangedDate": null,
      "PasswordChangeIP": null,
      "LastActivityDate": null,
      "LastActivityIP": null,
      "NeedsNewPassword": false,
      "LoginFailures": 0,
      "SecurityStamp": null,
      "RolesList": {
        "$type": "YetaWF.Core.Serializers.SerializableList`1[[YetaWF.Core.Identity.Role, YetaWF.Core]], YetaWF.Core",
        "$values": [
          {
            "$type": "YetaWF.Core.Identity.Role, YetaWF.Core",
            "RoleId": 997
          }
        ]
      },
      "EnabledTwoStepAuthentications": {
        "$type": "YetaWF.Core.Serializers.SerializableList`1[[YetaWF.Modules.Identity.DataProvider.TwoStepDefinition, YetaWF.Identity]], YetaWF.Core",
        "$values": []
      }
    }
  ]
}