﻿<?xml version="1.0" encoding="utf-8"?>
<!--YetaWF.Core.Serializers.SerializableList`1[YetaWF.Modules.Pages.DataProvider.UnifiedSetData]-->
<Object Type="YetaWF.Core.Serializers.SerializableList`1[[YetaWF.Modules.Pages.DataProvider.UnifiedSetData, YetaWF.Pages, Culture=neutral, PublicKeyToken=null]]" Assembly="YetaWF.Core">
  <Properties />
  <List>
    <Value>
      <Object Type="YetaWF.Modules.Pages.DataProvider.UnifiedSetData" Assembly="YetaWF.Pages" AssemblyFull="YetaWF.Pages, Version=2.5.2.0, Culture=neutral, PublicKeyToken=null">
        <Properties>
          <UnifiedSetGuid Value="3a1de58f-2e5f-44db-9400-4b25af81b87e" />
          <Name Value="All Pages" />
          <Description Value="Combines all pages using the default site skin" />
          <MasterPageGuid Value="2ddebd7e-8989-45c4-9407-8f4d05d3967f" />
          <PageSkin>
            <Object Type="YetaWF.Core.Skins.SkinDefinition" Assembly="YetaWF.Core">
              <Properties>
                <Collection />
                <FileName Value="Default.cshtml" />
              </Properties>
            </Object>
          </PageSkin>
          <UnifiedMode Value="4" />
          <Popups Value="True" />
          <UnifiedAnimation Value="1000" />
          <Created Value="636322724125789754" />
          <Updated Value="636345200091507410" />
          <PageGuids>
            <Object Type="YetaWF.Core.Serializers.SerializableList`1[[System.Guid, mscorlib, Culture=neutral, PublicKeyToken=b77a5c561934e089]]" Assembly="YetaWF.Core">
              <Properties />
              <List />
            </Object>
          </PageGuids>
        </Properties>
      </Object>
    </Value>
  </List>
</Object>