﻿<?xml version="1.0" encoding="utf-8"?>
<!--YetaWF.Core.Packages.SerializableData-->
<Object Type="YetaWF.Core.Packages.SerializableData" Assembly="YetaWF.Core">
  <Properties>
    <PackageName Value="YetaWF.DevTests" />
    <PackageVersion Value="2.7.0" />
    <Data>
      <Object Type="YetaWF.Core.Serializers.SerializableList`1[[YetaWF.Core.Packages.SerializableModelData, YetaWF.Core, Culture=neutral, PublicKeyToken=null]]" Assembly="YetaWF.Core">
        <Properties />
        <List>
          <Value>
            <Object Type="YetaWF.Core.Packages.SerializableModelData" Assembly="YetaWF.Core">
              <Properties>
                <Class Value="BasicTemplatesModuleDataProvider" />
                <Chunks Value="1" />
                <Files>
                  <Object Type="YetaWF.Core.Serializers.SerializableList`1[[YetaWF.Core.Packages.SerializableFile, YetaWF.Core, Culture=neutral, PublicKeyToken=null]]" Assembly="YetaWF.Core">
                    <Properties />
                    <List />
                  </Object>
                </Files>
              </Properties>
            </Object>
          </Value>
          <Value>
            <Object Type="YetaWF.Core.Packages.SerializableModelData" Assembly="YetaWF.Core">
              <Properties>
                <Class Value="SMSProcessorStatusModuleDataProvider" />
                <Chunks Value="1" />
                <Files>
                  <Object Type="YetaWF.Core.Serializers.SerializableList`1[[YetaWF.Core.Packages.SerializableFile, YetaWF.Core, Culture=neutral, PublicKeyToken=null]]" Assembly="YetaWF.Core">
                    <Properties />
                    <List />
                  </Object>
                </Files>
              </Properties>
            </Object>
          </Value>
          <Value>
            <Object Type="YetaWF.Core.Packages.SerializableModelData" Assembly="YetaWF.Core">
              <Properties>
                <Class Value="TemplateDateTimeModuleDataProvider" />
                <Chunks Value="1" />
                <Files>
                  <Object Type="YetaWF.Core.Serializers.SerializableList`1[[YetaWF.Core.Packages.SerializableFile, YetaWF.Core, Culture=neutral, PublicKeyToken=null]]" Assembly="YetaWF.Core">
                    <Properties />
                    <List />
                  </Object>
                </Files>
              </Properties>
            </Object>
          </Value>
          <Value>
            <Object Type="YetaWF.Core.Packages.SerializableModelData" Assembly="YetaWF.Core">
              <Properties>
                <Class Value="TemplateListOfEmailAddressesModuleDataProvider" />
                <Chunks Value="1" />
                <Files>
                  <Object Type="YetaWF.Core.Serializers.SerializableList`1[[YetaWF.Core.Packages.SerializableFile, YetaWF.Core, Culture=neutral, PublicKeyToken=null]]" Assembly="YetaWF.Core">
                    <Properties />
                    <List />
                  </Object>
                </Files>
              </Properties>
            </Object>
          </Value>
          <Value>
            <Object Type="YetaWF.Core.Packages.SerializableModelData" Assembly="YetaWF.Core">
              <Properties>
                <Class Value="TemplateRecaptchaV2ModuleDataProvider" />
                <Chunks Value="1" />
                <Files>
                  <Object Type="YetaWF.Core.Serializers.SerializableList`1[[YetaWF.Core.Packages.SerializableFile, YetaWF.Core, Culture=neutral, PublicKeyToken=null]]" Assembly="YetaWF.Core">
                    <Properties />
                    <List />
                  </Object>
                </Files>
              </Properties>
            </Object>
          </Value>
          <Value>
            <Object Type="YetaWF.Core.Packages.SerializableModelData" Assembly="YetaWF.Core">
              <Properties>
                <Class Value="TemplateScrollerModuleDataProvider" />
                <Chunks Value="1" />
                <Files>
                  <Object Type="YetaWF.Core.Serializers.SerializableList`1[[YetaWF.Core.Packages.SerializableFile, YetaWF.Core, Culture=neutral, PublicKeyToken=null]]" Assembly="YetaWF.Core">
                    <Properties />
                    <List />
                  </Object>
                </Files>
              </Properties>
            </Object>
          </Value>
          <Value>
            <Object Type="YetaWF.Core.Packages.SerializableModelData" Assembly="YetaWF.Core">
              <Properties>
                <Class Value="TemplateSkinModuleDataProvider" />
                <Chunks Value="1" />
                <Files>
                  <Object Type="YetaWF.Core.Serializers.SerializableList`1[[YetaWF.Core.Packages.SerializableFile, YetaWF.Core, Culture=neutral, PublicKeyToken=null]]" Assembly="YetaWF.Core">
                    <Properties />
                    <List />
                  </Object>
                </Files>
              </Properties>
            </Object>
          </Value>
          <Value>
            <Object Type="YetaWF.Core.Packages.SerializableModelData" Assembly="YetaWF.Core">
              <Properties>
                <Class Value="TemplateTimeZoneModuleDataProvider" />
                <Chunks Value="1" />
                <Files>
                  <Object Type="YetaWF.Core.Serializers.SerializableList`1[[YetaWF.Core.Packages.SerializableFile, YetaWF.Core, Culture=neutral, PublicKeyToken=null]]" Assembly="YetaWF.Core">
                    <Properties />
                    <List />
                  </Object>
                </Files>
              </Properties>
            </Object>
          </Value>
          <Value>
            <Object Type="YetaWF.Core.Packages.SerializableModelData" Assembly="YetaWF.Core">
              <Properties>
                <Class Value="SMSTestModuleDataProvider" />
                <Chunks Value="1" />
                <Files>
                  <Object Type="YetaWF.Core.Serializers.SerializableList`1[[YetaWF.Core.Packages.SerializableFile, YetaWF.Core, Culture=neutral, PublicKeyToken=null]]" Assembly="YetaWF.Core">
                    <Properties />
                    <List />
                  </Object>
                </Files>
              </Properties>
            </Object>
          </Value>
          <Value>
            <Object Type="YetaWF.Core.Packages.SerializableModelData" Assembly="YetaWF.Core">
              <Properties>
                <Class Value="TestEscapesModuleDataProvider" />
                <Chunks Value="1" />
                <Files>
                  <Object Type="YetaWF.Core.Serializers.SerializableList`1[[YetaWF.Core.Packages.SerializableFile, YetaWF.Core, Culture=neutral, PublicKeyToken=null]]" Assembly="YetaWF.Core">
                    <Properties />
                    <List />
                  </Object>
                </Files>
              </Properties>
            </Object>
          </Value>
          <Value>
            <Object Type="YetaWF.Core.Packages.SerializableModelData" Assembly="YetaWF.Core">
              <Properties>
                <Class Value="TemplateEmailModuleDataProvider" />
                <Chunks Value="1" />
                <Files>
                  <Object Type="YetaWF.Core.Serializers.SerializableList`1[[YetaWF.Core.Packages.SerializableFile, YetaWF.Core, Culture=neutral, PublicKeyToken=null]]" Assembly="YetaWF.Core">
                    <Properties />
                    <List />
                  </Object>
                </Files>
              </Properties>
            </Object>
          </Value>
          <Value>
            <Object Type="YetaWF.Core.Packages.SerializableModelData" Assembly="YetaWF.Core">
              <Properties>
                <Class Value="TemplateModuleSelectionModuleDataProvider" />
                <Chunks Value="1" />
                <Files>
                  <Object Type="YetaWF.Core.Serializers.SerializableList`1[[YetaWF.Core.Packages.SerializableFile, YetaWF.Core, Culture=neutral, PublicKeyToken=null]]" Assembly="YetaWF.Core">
                    <Properties />
                    <List />
                  </Object>
                </Files>
              </Properties>
            </Object>
          </Value>
          <Value>
            <Object Type="YetaWF.Core.Packages.SerializableModelData" Assembly="YetaWF.Core">
              <Properties>
                <Class Value="TemplateReferencedModulesModuleDataProvider" />
                <Chunks Value="1" />
                <Files>
                  <Object Type="YetaWF.Core.Serializers.SerializableList`1[[YetaWF.Core.Packages.SerializableFile, YetaWF.Core, Culture=neutral, PublicKeyToken=null]]" Assembly="YetaWF.Core">
                    <Properties />
                    <List />
                  </Object>
                </Files>
              </Properties>
            </Object>
          </Value>
          <Value>
            <Object Type="YetaWF.Core.Packages.SerializableModelData" Assembly="YetaWF.Core">
              <Properties>
                <Class Value="TemplateTestUrlModuleDataProvider" />
                <Chunks Value="1" />
                <Files>
                  <Object Type="YetaWF.Core.Serializers.SerializableList`1[[YetaWF.Core.Packages.SerializableFile, YetaWF.Core, Culture=neutral, PublicKeyToken=null]]" Assembly="YetaWF.Core">
                    <Properties />
                    <List />
                  </Object>
                </Files>
              </Properties>
            </Object>
          </Value>
        </List>
      </Object>
    </Data>
  </Properties>
</Object>