﻿<?xml version="1.0" encoding="utf-8"?>
<!--YetaWF.Core.Serializers.SerializableList`1[YetaWF.Modules.Blog.DataProvider.BlogConfigData]-->
<Object Type="YetaWF.Core.Serializers.SerializableList`1[[YetaWF.Modules.Blog.DataProvider.BlogConfigData, YetaWF.Blog, Culture=neutral, PublicKeyToken=null]]" Assembly="YetaWF.Core">
  <Properties />
  <List>
    <Value>
      <Object Type="YetaWF.Modules.Blog.DataProvider.BlogConfigData" Assembly="YetaWF.Blog" AssemblyFull="YetaWF.Blog, Version=3.0.0.0, Culture=neutral, PublicKeyToken=null">
        <Properties>
          <Id Value="1" />
          <BlogUrl Value="/Blog" />
          <DefaultCategory Value="0" />
          <Entries Value="20" />
          <BlogEntryUrl Value="/BlogEntry" />
          <ShowGravatar Value="True" />
          <GravatarDefault Value="4" />
          <GravatarRating Value="0" />
          <GravatarSize Value="40" />
          <NotifyEmail />
          <NotifyNewComment Value="False" />
          <Feed Value="False" />
          <FeedTitle Value="(Blog Title)" />
          <FeedSummary Value="(Blog Summary)" />
          <FeedMainUrl />
          <FeedDetailUrl />
          <FeedImage_Data Value="" />
        </Properties>
      </Object>
    </Value>
  </List>
</Object>