﻿<?xml version="1.0" encoding="utf-8"?>
<!--YetaWF.Core.Serializers.SerializableList`1[YetaWF.Modules.Blog.DataProvider.DisqusConfigData]-->
<Object Type="YetaWF.Core.Serializers.SerializableList`1[[YetaWF.Modules.Blog.DataProvider.DisqusConfigData, YetaWF.Blog]]" Assembly="YetaWF.Core">
  <Properties />
  <List>
    <Value>
      <Object Type="YetaWF.Modules.Blog.DataProvider.DisqusConfigData" Assembly="YetaWF.Blog" AssemblyFull="YetaWF.Blog, Version=3.0.0.0, Culture=neutral, PublicKeyToken=null">
        <Properties>
          <Id Value="1" />
          <ShortName />
          <UseSSO Value="False" />
          <PublicKey />
          <PrivateKey />
          <LoginUrl Value="/User/Login?CloseOnLogin=true" />
          <Width Value="1200" />
          <Height Value="800" />
          <AvatarType Value="0" />
          <GravatarDefault Value="4" />
          <GravatarRating Value="0" />
          <GravatarSize Value="48" />
        </Properties>
      </Object>
    </Value>
  </List>
</Object>